{"type":"FeatureCollection","features":[{"type":"Feature","properties":{"name":"Towra Point Aquatic Reserve (Sanctuary)","park":"Towra Point","zone":"Aquatic Reserve (Sanctuary)","spear":"no","kind":"mpa","note":"No-take zone: no spearfishing."},"geometry":{"type":"Polygon","coordinates":[[[151.17829,-34.01205],[151.17861,-34.01251],[151.17862,-34.01284],[151.17843,-34.01314],[151.17762,-34.01398],[151.17689,-34.01449],[151.17517,-34.01513],[151.17311,-34.01516],[151.17031,-34.01582],[151.17013,-34.01569],[151.16998,-34.01543],[151.16973,-34.01433],[151.16951,-34.0139],[151.1693,-34.01362],[151.16855,-34.01307],[151.16806,-34.01301],[151.16706,-34.01311],[151.16647,-34.01352],[151.1655,-34.01361],[151.16463,-34.01338],[151.16405,-34.01312],[151.16297,-34.0133],[151.16125,-34.01398],[151.15865,-34.01436],[151.15772,-34.0149],[151.15739,-34.01576],[151.1571,-34.01606],[151.15677,-34.01617],[151.15575,-34.01591],[151.15562,-34.01605],[151.15556,-34.01635],[151.15641,-34.01691],[151.15639,-34.01709],[151.15587,-34.01755],[151.1563,-34.01766],[151.15644,-34.01781],[151.15659,-34.01851],[151.15715,-34.01936],[151.15912,-34.02132],[151.15921,-34.02159],[151.15921,-34.0222],[151.15945,-34.02275],[151.15956,-34.02326],[151.15976,-34.0231],[151.15966,-34.02272],[151.15976,-34.02252],[151.16017,-34.02215],[151.16048,-34.02203],[151.16114,-34.02216],[151.16261,-34.02266],[151.1627,-34.02292],[151.16238,-34.02327],[151.16224,-34.02361],[151.16233,-34.02378],[151.16249,-34.02386],[151.16274,-34.0234],[151.16337,-34.02298],[151.16394,-34.02317],[151.16478,-34.0232],[151.16646,-34.0235],[151.16802,-34.02356],[151.16902,-34.02348],[151.16931,-34.0233],[151.16966,-34.02221],[151.17031,-34.02069],[151.17058,-34.02028],[151.17119,-34.01977],[151.17166,-34.01958],[151.17215,-34.01955],[151.17252,-34.01966],[151.17318,-34.02009],[151.17362,-34.02063],[151.17392,-34.02136],[151.17402,-34.02198],[151.17403,-34.02304],[151.17429,-34.02348],[151.1745,-34.02367],[151.17558,-34.02442],[151.17654,-34.02526],[151.17696,-34.02549],[151.17753,-34.02575],[151.17829,-34.02598],[151.17937,-34.02612],[151.18024,-34.02595],[151.18065,-34.02594],[151.1808,-34.02584],[151.18142,-34.02514],[151.18157,-34.02471],[151.18139,-34.02446],[151.1814,-34.02429],[151.18169,-34.02382],[151.18217,-34.02363],[151.18256,-34.0232],[151.18337,-34.02254],[151.18418,-34.02246],[151.18494,-34.02197],[151.18516,-34.0217],[151.18507,-34.02164],[151.18503,-34.02135],[151.18573,-34.0207],[151.18573,-34.02032],[151.18556,-34.01995],[151.18561,-34.0198],[151.18575,-34.01977],[151.18574,-34.01962],[151.18581,-34.01955],[151.18604,-34.01956],[151.187,-34.01933],[151.18739,-34.0194],[151.18874,-34.01909],[151.18905,-34.01887],[151.18918,-34.01866],[151.18927,-34.01868],[151.1893,-34.01849],[151.18959,-34.01829],[151.18984,-34.01843],[151.18987,-34.0189],[151.1897,-34.01928],[151.18944,-34.01944],[151.18939,-34.01963],[151.18948,-34.01991],[151.18967,-34.01989],[151.18968,-34.02033],[151.19002,-34.02066],[151.19019,-34.02066],[151.19061,-34.02032],[151.19106,-34.0201],[151.19151,-34.01969],[151.19196,-34.0195],[151.19218,-34.01949],[151.19226,-34.01913],[151.19238,-34.01906],[151.19252,-34.01931],[151.19295,-34.01932],[151.19349,-34.01962],[151.19342,-34.02004],[151.19305,-34.02037],[151.19299,-34.02066],[151.19309,-34.02083],[151.1934,-34.02082],[151.19393,-34.02049],[151.19424,-34.02044],[151.19495,-34.02067],[151.19622,-34.02062],[151.19625,-34.02081],[151.19596,-34.02103],[151.19618,-34.02108],[151.19632,-34.02123],[151.19654,-34.02103],[151.19671,-34.0206],[151.19707,-34.02037],[151.19759,-34.02022],[151.19807,-34.02026],[151.19818,-34.01991],[151.19847,-34.01964],[151.19887,-34.01951],[151.19936,-34.0195],[151.19969,-34.0193],[151.19999,-34.01876],[151.19996,-34.01853],[151.19975,-34.01824],[151.19986,-34.01796],[151.20048,-34.01786],[151.20117,-34.0175],[151.20163,-34.01737],[151.20263,-34.01743],[151.20352,-34.01776],[151.20359,-34.01755],[151.20347,-34.01719],[151.20348,-34.0169],[151.20373,-34.01656],[151.20443,-34.01629],[151.20535,-34.01635],[151.20564,-34.01622],[151.20567,-34.01617],[151.20554,-34.01607],[151.20583,-34.01577],[151.20518,-34.01537],[151.2052,-34.0149],[151.20542,-34.01462],[151.20631,-34.01463],[151.20647,-34.01416],[151.2064,-34.01402],[151.20602,-34.0139],[151.20586,-34.01372],[151.20463,-34.01362],[151.20433,-34.01374],[151.20395,-34.01419],[151.20353,-34.01448],[151.20258,-34.01458],[151.20225,-34.01452],[151.20174,-34.01416],[151.20068,-34.01425],[151.20048,-34.01418],[151.2003,-34.01396],[151.20014,-34.01394],[151.19999,-34.01405],[151.20018,-34.01429],[151.19981,-34.01451],[151.19977,-34.01463],[151.19986,-34.01472],[151.20024,-34.01486],[151.20142,-34.01477],[151.20157,-34.01493],[151.2003,-34.01508],[151.19985,-34.015],[151.19933,-34.01471],[151.19844,-34.01449],[151.19826,-34.01433],[151.19814,-34.01399],[151.19814,-34.01346],[151.19828,-34.0133],[151.19821,-34.01317],[151.1983,-34.01235],[151.19857,-34.0122],[151.19948,-34.01212],[151.19969,-34.0122],[151.20013,-34.0118],[151.19997,-34.0114],[151.19894,-34.01024],[151.19837,-34.01],[151.19745,-34.00997],[151.19682,-34.00975],[151.19609,-34.00989],[151.1957,-34.00986],[151.1946,-34.00963],[151.19341,-34.00915],[151.19321,-34.00917],[151.19301,-34.00936],[151.19281,-34.00928],[151.19265,-34.00937],[151.19235,-34.00925],[151.19134,-34.00916],[151.1893,-34.00821],[151.1889,-34.00821],[151.18872,-34.00844],[151.18837,-34.00852],[151.18801,-34.00848],[151.18778,-34.00829],[151.17829,-34.01205]]]}},{"type":"Feature","properties":{"name":"Boat Harbour Aquatic Reserve","park":"Boat Harbour","zone":"Aquatic Reserve","spear":"check","kind":"mpa","note":"Zone has its own rules."},"geometry":{"type":"Polygon","coordinates":[[[151.19847,-34.04155],[151.19787,-34.04122],[151.19784,-34.04087],[151.198,-34.0407],[151.19825,-34.0406],[151.19828,-34.04048],[151.19797,-34.03947],[151.19733,-34.03844],[151.1967,-34.03782],[151.19528,-34.0388],[151.19491,-34.03926],[151.19484,-34.03986],[151.19505,-34.04068],[151.19569,-34.04149],[151.19394,-34.04214],[151.19308,-34.04263],[151.1926,-34.04281],[151.19049,-34.04425],[151.19003,-34.04475],[151.18936,-34.0457],[151.18917,-34.04648],[151.18929,-34.04705],[151.18952,-34.04735],[151.19017,-34.04779],[151.19058,-34.04787],[151.19097,-34.04781],[151.19158,-34.04755],[151.19223,-34.04682],[151.19294,-34.04676],[151.1934,-34.04648],[151.19541,-34.0459],[151.19594,-34.04555],[151.1963,-34.04501],[151.19643,-34.04461],[151.19683,-34.04455],[151.19762,-34.0442],[151.19827,-34.04352],[151.19876,-34.04318],[151.19925,-34.04306],[151.19951,-34.04311],[151.19992,-34.04304],[151.20028,-34.04286],[151.20249,-34.04091],[151.20303,-34.04112],[151.20345,-34.04111],[151.20384,-34.04097],[151.20428,-34.041],[151.20458,-34.0412],[151.20493,-34.04131],[151.2057,-34.04127],[151.20659,-34.04214],[151.20722,-34.04239],[151.20772,-34.04238],[151.20842,-34.04216],[151.20889,-34.04215],[151.20952,-34.04193],[151.21017,-34.04217],[151.21106,-34.04215],[151.21143,-34.04236],[151.21205,-34.04247],[151.21257,-34.0427],[151.21299,-34.04271],[151.21367,-34.04254],[151.21403,-34.04273],[151.21406,-34.04144],[151.214,-34.04142],[151.21347,-34.04151],[151.2135,-34.04161],[151.21337,-34.04167],[151.2133,-34.04151],[151.21312,-34.04147],[151.21294,-34.04161],[151.21287,-34.04172],[151.21292,-34.04178],[151.21281,-34.04182],[151.2126,-34.04168],[151.21248,-34.04149],[151.21211,-34.04157],[151.21203,-34.04155],[151.21207,-34.04145],[151.21198,-34.04156],[151.21201,-34.04144],[151.21187,-34.04154],[151.2115,-34.04127],[151.21156,-34.04118],[151.21146,-34.04112],[151.21114,-34.04125],[151.21059,-34.04116],[151.21024,-34.04126],[151.21003,-34.04084],[151.20971,-34.04062],[151.20935,-34.04071],[151.20931,-34.04089],[151.20907,-34.04106],[151.20884,-34.04101],[151.20897,-34.04112],[151.20885,-34.04123],[151.20863,-34.04127],[151.20827,-34.04122],[151.20796,-34.04133],[151.20788,-34.04122],[151.20763,-34.0412],[151.20753,-34.04127],[151.20759,-34.04134],[151.20746,-34.0415],[151.20739,-34.0415],[151.20711,-34.04124],[151.20706,-34.0411],[151.20686,-34.04105],[151.20621,-34.04041],[151.20598,-34.0404],[151.2061,-34.04021],[151.20596,-34.0401],[151.20552,-34.04006],[151.20545,-34.04019],[151.20566,-34.04035],[151.20547,-34.04032],[151.20514,-34.04043],[151.20503,-34.04022],[151.20438,-34.04006],[151.2043,-34.03997],[151.20426,-34.04008],[151.20414,-34.0401],[151.20404,-34.03994],[151.20382,-34.03982],[151.20361,-34.03997],[151.20325,-34.04001],[151.20332,-34.04018],[151.2032,-34.04023],[151.20298,-34.04002],[151.20292,-34.03967],[151.20274,-34.0397],[151.2027,-34.03942],[151.20259,-34.0394],[151.20259,-34.03953],[151.20245,-34.03959],[151.20216,-34.03961],[151.20218,-34.03949],[151.20189,-34.03906],[151.20187,-34.03842],[151.2017,-34.03786],[151.20159,-34.03776],[151.20087,-34.03786],[151.2004,-34.03808],[151.20021,-34.03826],[151.20006,-34.03857],[151.20004,-34.03911],[151.20048,-34.03935],[151.20101,-34.0393],[151.20122,-34.03966],[151.2008,-34.04049],[151.20084,-34.04067],[151.20033,-34.04063],[151.19916,-34.04157],[151.19878,-34.04168],[151.19847,-34.04155]]]}},{"type":"Feature","properties":{"name":"Forsters Bay Special Purpose Zone","park":"Batemans","zone":"Special Purpose Zone","spear":"check","kind":"mpa","note":"Zone has its own rules."},"geometry":{"type":"Polygon","coordinates":[[[150.12261,-36.2116],[150.12218,-36.21065],[150.12174,-36.21083],[150.12152,-36.21102],[150.12112,-36.21165],[150.12086,-36.21363],[150.12093,-36.21428],[150.12127,-36.21544],[150.12133,-36.21607],[150.12103,-36.21737],[150.12065,-36.21778],[150.12051,-36.21807],[150.12043,-36.21834],[150.12043,-36.21898],[150.12051,-36.21951],[150.12097,-36.2203],[150.12124,-36.22123],[150.12153,-36.22169],[150.12209,-36.2221],[150.12209,-36.22311],[150.12308,-36.22306],[150.12333,-36.22332],[150.12358,-36.2234],[150.12382,-36.22327],[150.1244,-36.22228],[150.1238,-36.22215],[150.12388,-36.22196],[150.12436,-36.2219],[150.12419,-36.22173],[150.12298,-36.22138],[150.12233,-36.22103],[150.12201,-36.2203],[150.12197,-36.2199],[150.12148,-36.21921],[150.12149,-36.21834],[150.12184,-36.21807],[150.12205,-36.21757],[150.12234,-36.21614],[150.12227,-36.21522],[150.12194,-36.21414],[150.12187,-36.21363],[150.12203,-36.21218],[150.12225,-36.21172],[150.12261,-36.2116]]]}},{"type":"Feature","properties":{"name":"Fingal Island Sanctuary Zone","park":"Port Stephens - Great Lakes","zone":"Sanctuary Zone","spear":"no","kind":"mpa","note":"No-take zone: no spearfishing."},"geometry":{"type":"Polygon","coordinates":[[[152.20203,-32.74886],[152.20197,-32.74882],[152.20208,-32.74863],[152.20186,-32.74859],[152.20183,-32.74845],[152.20164,-32.74834],[152.20103,-32.7482],[152.2005,-32.74797],[152.20042,-32.7478],[152.20015,-32.74773],[152.19997,-32.74786],[152.19983,-32.74786],[152.19982,-32.74773],[152.19971,-32.74768],[152.19975,-32.74755],[152.19968,-32.74742],[152.19954,-32.7474],[152.1995,-32.74731],[152.19937,-32.74732],[152.19929,-32.74719],[152.199,-32.74715],[152.19893,-32.74699],[152.19922,-32.74665],[152.19892,-32.74664],[152.19859,-32.74675],[152.19836,-32.74641],[152.19835,-32.74624],[152.19813,-32.746],[152.19819,-32.7464],[152.19782,-32.74657],[152.19745,-32.74623],[152.19723,-32.74615],[152.1972,-32.7462],[152.19735,-32.74636],[152.19717,-32.74627],[152.1973,-32.74645],[152.19721,-32.74663],[152.19746,-32.74675],[152.19731,-32.74696],[152.19705,-32.74697],[152.19693,-32.74689],[152.19691,-32.74662],[152.19683,-32.74659],[152.19656,-32.74673],[152.19645,-32.74671],[152.19645,-32.74698],[152.19635,-32.74707],[152.19609,-32.74696],[152.19616,-32.74709],[152.19604,-32.74717],[152.19634,-32.7475],[152.19626,-32.74775],[152.19587,-32.74771],[152.19512,-32.74708],[152.19468,-32.74691],[152.19458,-32.74692],[152.19444,-32.7471],[152.19449,-32.74736],[152.19366,-32.74745],[152.19366,-32.74759],[152.19419,-32.748],[152.19419,-32.74838],[152.19403,-32.74842],[152.19352,-32.7483],[152.19355,-32.74839],[152.19348,-32.74844],[152.19311,-32.74838],[152.19299,-32.74862],[152.19302,-32.7488],[152.19372,-32.7493],[152.1938,-32.74952],[152.1936,-32.74972],[152.19369,-32.74989],[152.19355,-32.74999],[152.19346,-32.74987],[152.19322,-32.74983],[152.19291,-32.74938],[152.19267,-32.74925],[152.19227,-32.74931],[152.19198,-32.74919],[152.19199,-32.74935],[152.19213,-32.74945],[152.19185,-32.7498],[152.1917,-32.74981],[152.19177,-32.74985],[152.19175,-32.75012],[152.19152,-32.75037],[152.19153,-32.75045],[152.19133,-32.75047],[152.19091,-32.75023],[152.19093,-32.7503],[152.19077,-32.75009],[152.19095,-32.75053],[152.19049,-32.75117],[152.19039,-32.75118],[152.19004,-32.75083],[152.18964,-32.75077],[152.18935,-32.75056],[152.1889,-32.75043],[152.18874,-32.7505],[152.18872,-32.75084],[152.1884,-32.75091],[152.18825,-32.75106],[152.18783,-32.75102],[152.18765,-32.7509],[152.18773,-32.75062],[152.18763,-32.7505],[152.18749,-32.75051],[152.18734,-32.75021],[152.18732,-32.74995],[152.18717,-32.75013],[152.18703,-32.75009],[152.18678,-32.74976],[152.1864,-32.74974],[152.18637,-32.74968],[152.18631,-32.7498],[152.18616,-32.74981],[152.18551,-32.74957],[152.1851,-32.74969],[152.18496,-32.74962],[152.18495,-32.76811],[152.18683,-32.76763],[152.18764,-32.76733],[152.18938,-32.76703],[152.19045,-32.76699],[152.19134,-32.76682],[152.19597,-32.76554],[152.19725,-32.76482],[152.19895,-32.76359],[152.20061,-32.76214],[152.20203,-32.7611],[152.20203,-32.74886]]]}},{"type":"Feature","properties":{"name":"Red Point Sanctuary Zone","park":"Jervis Bay","zone":"Sanctuary Zone","spear":"no","kind":"mpa","note":"No-take zone: no spearfishing."},"geometry":{"type":"Polygon","coordinates":[[[150.74919,-34.99381],[150.7498,-34.99386],[150.7504,-34.99376],[150.75094,-34.99354],[150.75157,-34.99299],[150.75187,-34.99228],[150.75186,-34.99178],[150.75168,-34.9913],[150.75124,-34.99078],[150.7506,-34.99099],[150.75024,-34.99122],[150.75,-34.99149],[150.75007,-34.99175],[150.75046,-34.99206],[150.75028,-34.99233],[150.74961,-34.99227],[150.74942,-34.99218],[150.74932,-34.992],[150.74917,-34.99195],[150.74919,-34.99381]]]}},{"type":"Feature","properties":{"name":"Bogola Sanctuary Zone","park":"Batemans","zone":"Sanctuary Zone","spear":"no","kind":"mpa","note":"No-take zone: no spearfishing."},"geometry":{"type":"Polygon","coordinates":[[[150.13223,-36.28703],[150.177,-36.28703],[150.177,-36.23833],[150.14782,-36.23833],[150.14773,-36.2387],[150.14749,-36.23898],[150.14628,-36.23971],[150.14535,-36.24162],[150.14519,-36.24237],[150.14515,-36.24265],[150.14543,-36.24372],[150.14532,-36.24459],[150.14512,-36.24504],[150.14445,-36.24578],[150.14428,-36.24629],[150.14418,-36.24723],[150.14428,-36.24858],[150.14417,-36.24937],[150.14431,-36.25032],[150.14454,-36.25096],[150.14457,-36.25135],[150.146,-36.25146],[150.14641,-36.25175],[150.14673,-36.25227],[150.14676,-36.2527],[150.14654,-36.25474],[150.14622,-36.25564],[150.14564,-36.2563],[150.14609,-36.2565],[150.14641,-36.25678],[150.14662,-36.25712],[150.14668,-36.25754],[150.14654,-36.25791],[150.14613,-36.2583],[150.14596,-36.25861],[150.14548,-36.25896],[150.14504,-36.25913],[150.14481,-36.25955],[150.14557,-36.26],[150.14609,-36.26007],[150.14658,-36.26033],[150.14686,-36.26067],[150.14721,-36.26141],[150.14801,-36.26196],[150.14842,-36.26244],[150.14876,-36.26335],[150.14876,-36.26411],[150.14929,-36.26542],[150.14927,-36.26588],[150.14905,-36.26623],[150.14859,-36.26649],[150.14844,-36.26686],[150.14795,-36.26742],[150.14673,-36.26805],[150.14511,-36.26961],[150.14437,-36.27086],[150.14278,-36.27248],[150.14215,-36.27299],[150.14145,-36.27335],[150.14071,-36.2739],[150.14015,-36.27443],[150.13836,-36.27659],[150.13645,-36.27908],[150.13636,-36.27936],[150.13625,-36.28063],[150.13615,-36.2809],[150.13581,-36.2813],[150.13541,-36.28151],[150.13492,-36.28198],[150.13391,-36.28345],[150.13266,-36.28596],[150.13223,-36.28703]]]}},{"type":"Feature","properties":{"name":"Montague South Sanctuary Zone. Limited recreational fishing was allowed in this zone under an amnesty at 30 June 2024.","park":"Batemans","zone":"Sanctuary Zone","spear":"no","kind":"mpa","note":"No-take zone: no spearfishing."},"geometry":{"type":"Polygon","coordinates":[[[150.22678,-36.25929],[150.22678,-36.26905],[150.24747,-36.26905],[150.24747,-36.25405],[150.22988,-36.25405],[150.22942,-36.25453],[150.22887,-36.25457],[150.22884,-36.25465],[150.22896,-36.25481],[150.22875,-36.25502],[150.22882,-36.25518],[150.22964,-36.25546],[150.22976,-36.25559],[150.22965,-36.25582],[150.2292,-36.25594],[150.22892,-36.25593],[150.22904,-36.25623],[150.22946,-36.25649],[150.22915,-36.2567],[150.22916,-36.25684],[150.22961,-36.25686],[150.22932,-36.25718],[150.22878,-36.25729],[150.22889,-36.25741],[150.22943,-36.25749],[150.22952,-36.25757],[150.22942,-36.25792],[150.22905,-36.25801],[150.22902,-36.25808],[150.22941,-36.25834],[150.22921,-36.25879],[150.22886,-36.25904],[150.22836,-36.25916],[150.22753,-36.2595],[150.22678,-36.25929]]]}},{"type":"Feature","properties":{"name":"Murramarang Coast Special Purpose Zone","park":"Batemans","zone":"Special Purpose Zone","spear":"check","kind":"mpa","note":"Zone has its own rules."},"geometry":{"type":"Polygon","coordinates":[[[150.36527,-35.5783],[150.35635,-35.5783],[150.3559,-35.57866],[150.35584,-35.57943],[150.35551,-35.58005],[150.35524,-35.58026],[150.35437,-35.58036],[150.354,-35.58056],[150.35383,-35.581],[150.35393,-35.58139],[150.35406,-35.58157],[150.35398,-35.58212],[150.35327,-35.58243],[150.35256,-35.58263],[150.35211,-35.58387],[150.35189,-35.5842],[150.35182,-35.58474],[150.35156,-35.58551],[150.35054,-35.58697],[150.35016,-35.58738],[150.3497,-35.58776],[150.34895,-35.58806],[150.34866,-35.58809],[150.34676,-35.58767],[150.3462,-35.58767],[150.34605,-35.58784],[150.34605,-35.58805],[150.3463,-35.5886],[150.34649,-35.5888],[150.34653,-35.58958],[150.34709,-35.59015],[150.34796,-35.59051],[150.34803,-35.5906],[150.34802,-35.59077],[150.34787,-35.59088],[150.34758,-35.59091],[150.34692,-35.5912],[150.34669,-35.59145],[150.34622,-35.59235],[150.34582,-35.59343],[150.34526,-35.59398],[150.34411,-35.59446],[150.34376,-35.59474],[150.34343,-35.59486],[150.34325,-35.59533],[150.34288,-35.59555],[150.34253,-35.596],[150.34233,-35.59718],[150.34201,-35.59732],[150.3407,-35.59698],[150.34034,-35.59698],[150.34017,-35.59703],[150.33982,-35.59731],[150.33973,-35.59757],[150.33978,-35.59787],[150.34005,-35.59819],[150.34233,-35.59954],[150.34247,-35.59987],[150.34244,-35.60018],[150.34227,-35.60052],[150.34155,-35.60146],[150.34314,-35.60314],[150.34392,-35.60346],[150.34398,-35.60362],[150.34389,-35.6037],[150.34372,-35.60371],[150.34249,-35.60342],[150.34106,-35.60342],[150.33898,-35.60415],[150.33844,-35.6045],[150.33816,-35.60503],[150.3376,-35.60521],[150.33682,-35.60504],[150.33515,-35.60401],[150.33467,-35.60384],[150.33405,-35.60381],[150.33391,-35.60414],[150.33405,-35.60522],[150.33399,-35.60691],[150.33449,-35.60833],[150.3352,-35.60884],[150.33536,-35.60905],[150.34377,-35.60905],[150.35947,-35.58653],[150.3592,-35.58658],[150.35894,-35.58646],[150.35883,-35.58633],[150.35885,-35.58623],[150.35898,-35.58614],[150.35933,-35.58614],[150.35963,-35.5863],[150.36527,-35.5783]],[[150.3549,-35.58722],[150.3547,-35.58719],[150.35432,-35.58686],[150.35397,-35.58674],[150.35356,-35.58638],[150.35353,-35.58614],[150.35369,-35.5861],[150.35418,-35.58624],[150.35481,-35.58652],[150.3552,-35.5868],[150.35532,-35.58709],[150.35511,-35.58724],[150.3549,-35.58722]]]}},{"type":"Feature","properties":{"name":"Sandon River System (Northern Section) Sanctuary Zone","park":"Solitary Islands","zone":"Sanctuary Zone","spear":"no","kind":"mpa","note":"No-take zone: no spearfishing."},"geometry":{"type":"Polygon","coordinates":[[[153.30235,-29.68564],[153.3026,-29.68604],[153.30261,-29.68647],[153.30316,-29.68822],[153.30329,-29.68895],[153.30325,-29.68948],[153.30318,-29.68969],[153.30245,-29.69002],[153.30173,-29.69075],[153.30134,-29.69138],[153.30077,-29.69186],[153.29904,-29.69189],[153.29831,-29.69143],[153.29769,-29.69133],[153.29759,-29.69111],[153.29682,-29.69102],[153.29617,-29.69113],[153.29518,-29.69154],[153.29412,-29.69183],[153.29304,-29.69191],[153.29219,-29.69209],[153.292,-29.69239],[153.29201,-29.69319],[153.29191,-29.69345],[153.29038,-29.69553],[153.29027,-29.69593],[153.29,-29.6963],[153.2894,-29.69659],[153.28919,-29.69679],[153.28901,-29.69721],[153.28914,-29.6974],[153.28897,-29.69774],[153.28902,-29.6981],[153.2889,-29.6981],[153.28879,-29.69823],[153.28862,-29.69803],[153.28829,-29.69804],[153.28813,-29.69779],[153.28766,-29.6976],[153.2876,-29.69765],[153.28765,-29.69776],[153.28806,-29.69794],[153.28836,-29.6982],[153.28861,-29.69813],[153.28883,-29.69841],[153.28916,-29.69819],[153.28918,-29.69768],[153.28986,-29.69733],[153.29011,-29.69686],[153.29041,-29.69674],[153.29066,-29.6971],[153.29051,-29.69742],[153.29057,-29.69799],[153.29089,-29.69834],[153.29206,-29.69907],[153.29228,-29.69948],[153.2922,-29.69969],[153.29137,-29.70003],[153.29094,-29.70005],[153.2896,-29.6993],[153.2893,-29.6993],[153.28862,-29.69958],[153.28751,-29.69976],[153.28625,-29.70013],[153.28545,-29.70018],[153.28495,-29.70044],[153.28401,-29.70072],[153.28304,-29.70144],[153.28294,-29.7017],[153.2829,-29.70224],[153.28346,-29.70284],[153.28378,-29.70339],[153.28393,-29.70381],[153.284,-29.70481],[153.28429,-29.70556],[153.28444,-29.70582],[153.2852,-29.70659],[153.28508,-29.70684],[153.28474,-29.70701],[153.28432,-29.70702],[153.28247,-29.70618],[153.28121,-29.70586],[153.28033,-29.70576],[153.27943,-29.70516],[153.27875,-29.70417],[153.27844,-29.70398],[153.27778,-29.70421],[153.27702,-29.7049],[153.27632,-29.7058],[153.27542,-29.70731],[153.27517,-29.70752],[153.27438,-29.70776],[153.27321,-29.70776],[153.27282,-29.7076],[153.27268,-29.70745],[153.2725,-29.70672],[153.27216,-29.70664],[153.27174,-29.70679],[153.27138,-29.70704],[153.27111,-29.70762],[153.27094,-29.7078],[153.27057,-29.70792],[153.2702,-29.70791],[153.26941,-29.70771],[153.26912,-29.70753],[153.26864,-29.70749],[153.26814,-29.70727],[153.26738,-29.7055],[153.26729,-29.70494],[153.26687,-29.70461],[153.26643,-29.70451],[153.2657,-29.70488],[153.26514,-29.70488],[153.26498,-29.7048],[153.26473,-29.70436],[153.26398,-29.7036],[153.26365,-29.70282],[153.263,-29.7026],[153.26145,-29.70267],[153.26084,-29.70277],[153.26008,-29.70311],[153.25989,-29.70345],[153.25988,-29.70381],[153.25953,-29.70408],[153.25947,-29.70459],[153.25933,-29.70476],[153.25699,-29.70504],[153.25481,-29.70544],[153.25468,-29.70581],[153.25475,-29.70676],[153.25458,-29.70744],[153.25462,-29.7079],[153.25481,-29.70843],[153.25452,-29.709],[153.25453,-29.70934],[153.25522,-29.70957],[153.25544,-29.71003],[153.25565,-29.71027],[153.25568,-29.71053],[153.25585,-29.71053],[153.25586,-29.71032],[153.25564,-29.71011],[153.25538,-29.70959],[153.25514,-29.70943],[153.25476,-29.70937],[153.25467,-29.70924],[153.25471,-29.7089],[153.25495,-29.7086],[153.25477,-29.70757],[153.25494,-29.70649],[153.25488,-29.70587],[153.25502,-29.70566],[153.25517,-29.70558],[153.25568,-29.70556],[153.25637,-29.70533],[153.25972,-29.70496],[153.2598,-29.70425],[153.26017,-29.70384],[153.26034,-29.70325],[153.26079,-29.70302],[153.2619,-29.70289],[153.26283,-29.70288],[153.26331,-29.70301],[153.26395,-29.70402],[153.26453,-29.7045],[153.26494,-29.70515],[153.26516,-29.70532],[153.26549,-29.70532],[153.2662,-29.70488],[153.26654,-29.70497],[153.26707,-29.7058],[153.26746,-29.70678],[153.26822,-29.70764],[153.2685,-29.70779],[153.26953,-29.70796],[153.27022,-29.70836],[153.27092,-29.70836],[153.27166,-29.70719],[153.27188,-29.707],[153.27218,-29.7072],[153.27244,-29.70777],[153.27315,-29.70812],[153.27415,-29.70823],[153.27506,-29.70799],[153.27561,-29.70766],[153.2762,-29.70667],[153.27685,-29.70594],[153.27723,-29.70527],[153.27767,-29.70475],[153.27808,-29.70445],[153.27855,-29.70462],[153.27923,-29.70539],[153.27979,-29.70582],[153.28081,-29.70615],[153.28242,-29.70645],[153.28303,-29.70668],[153.28317,-29.70684],[153.28358,-29.70696],[153.28422,-29.70732],[153.28463,-29.70734],[153.28526,-29.70716],[153.28564,-29.70691],[153.28585,-29.70653],[153.28577,-29.70645],[153.28537,-29.7064],[153.28464,-29.7056],[153.28447,-29.70495],[153.28445,-29.70391],[153.28422,-29.70328],[153.28328,-29.70182],[153.28372,-29.70136],[153.28537,-29.70058],[153.28653,-29.7004],[153.28768,-29.70005],[153.28873,-29.69985],[153.28961,-29.69995],[153.28954,-29.70027],[153.289,-29.70015],[153.28875,-29.70027],[153.28873,-29.70049],[153.28882,-29.70064],[153.28918,-29.70065],[153.28952,-29.70084],[153.28946,-29.70125],[153.28958,-29.70146],[153.28958,-29.70164],[153.28928,-29.70193],[153.28906,-29.70191],[153.28886,-29.70213],[153.28836,-29.70226],[153.28826,-29.70239],[153.2885,-29.70237],[153.28874,-29.70275],[153.28881,-29.70253],[153.28871,-29.7024],[153.28876,-29.70224],[153.28903,-29.70219],[153.28917,-29.70203],[153.28939,-29.70204],[153.28981,-29.70157],[153.28978,-29.70144],[153.2896,-29.70132],[153.2897,-29.70101],[153.28963,-29.70075],[153.28912,-29.70051],[153.28888,-29.70049],[153.28886,-29.70034],[153.28901,-29.70025],[153.28925,-29.70026],[153.28952,-29.70047],[153.2898,-29.7],[153.29024,-29.70014],[153.2908,-29.70045],[153.29118,-29.70047],[153.29185,-29.70023],[153.29262,-29.69976],[153.29272,-29.69949],[153.29256,-29.69912],[153.29136,-29.69808],[153.29112,-29.69774],[153.29099,-29.6973],[153.29103,-29.69676],[153.29094,-29.69643],[153.29075,-29.69623],[153.29069,-29.69603],[153.29115,-29.69515],[153.29229,-29.69367],[153.29247,-29.6927],[153.293,-29.69225],[153.29348,-29.69225],[153.29476,-29.69196],[153.29602,-29.6915],[153.29674,-29.69133],[153.29732,-29.69151],[153.29831,-29.69198],[153.29972,-29.69227],[153.3006,-29.69227],[153.3013,-29.69188],[153.30197,-29.69113],[153.30271,-29.69081],[153.3031,-29.69052],[153.30387,-29.68921],[153.30375,-29.68802],[153.30328,-29.68606],[153.30316,-29.68517],[153.30235,-29.68564]]]}},{"type":"Feature","properties":{"name":"Tollgate Islands Sanctuary Zone","park":"Batemans","zone":"Sanctuary Zone","spear":"no","kind":"mpa","note":"No-take zone: no spearfishing."},"geometry":{"type":"Polygon","coordinates":[[[150.33553,-35.73804],[150.24583,-35.73804],[150.24583,-35.77995],[150.31224,-35.77995],[150.31341,-35.77783],[150.31454,-35.7764],[150.31663,-35.77344],[150.31846,-35.77037],[150.32008,-35.76714],[150.32144,-35.76375],[150.33118,-35.74661],[150.33302,-35.74353],[150.33457,-35.74044],[150.33553,-35.73804]],[[150.26054,-35.74665],[150.26074,-35.74693],[150.26087,-35.74693],[150.26108,-35.74677],[150.26131,-35.74692],[150.26154,-35.74735],[150.26163,-35.74802],[150.26199,-35.74819],[150.2621,-35.7484],[150.26209,-35.74901],[150.26189,-35.74924],[150.26172,-35.74923],[150.26129,-35.74881],[150.26099,-35.74883],[150.26075,-35.74902],[150.2608,-35.74932],[150.26156,-35.74969],[150.26168,-35.74995],[150.26161,-35.75037],[150.26133,-35.75079],[150.26098,-35.75119],[150.2607,-35.75131],[150.26059,-35.75125],[150.26061,-35.75097],[150.26051,-35.75085],[150.26045,-35.7505],[150.26049,-35.74994],[150.26032,-35.74972],[150.25984,-35.74957],[150.25968,-35.74934],[150.2601,-35.74871],[150.26042,-35.74843],[150.2606,-35.74779],[150.26046,-35.7474],[150.26049,-35.74704],[150.26039,-35.74675],[150.26054,-35.74665]],[[150.25728,-35.74949],[150.25771,-35.74951],[150.25789,-35.74959],[150.25781,-35.74981],[150.25731,-35.75006],[150.25723,-35.7503],[150.25747,-35.75058],[150.25838,-35.75129],[150.25855,-35.75175],[150.25851,-35.75209],[150.2586,-35.7525],[150.25841,-35.75283],[150.25765,-35.75279],[150.25743,-35.75302],[150.25702,-35.75233],[150.25672,-35.75205],[150.2565,-35.75203],[150.2562,-35.75235],[150.25591,-35.75241],[150.25556,-35.75218],[150.25546,-35.75195],[150.25553,-35.75169],[150.25576,-35.75134],[150.25587,-35.75129],[150.25605,-35.75139],[150.25612,-35.75111],[150.25652,-35.75095],[150.25681,-35.75075],[150.25696,-35.74972],[150.25707,-35.74956],[150.25728,-35.74949]]]}},{"type":"Feature","properties":{"name":"Narrabeen Head Aquatic Reserve","park":"Narrabeen","zone":"Aquatic Reserve","spear":"check","kind":"mpa","note":"Zone has its own rules."},"geometry":{"type":"Polygon","coordinates":[[[151.31104,-33.70446],[151.31133,-33.70376],[151.31138,-33.70301],[151.31099,-33.70131],[151.31058,-33.70034],[151.30892,-33.70052],[151.30877,-33.70072],[151.30919,-33.70156],[151.3092,-33.70283],[151.30903,-33.70317],[151.3098,-33.70337],[151.30964,-33.70369],[151.31104,-33.70446]]]}},{"type":"Feature","properties":{"name":"Lemon Tree Passage Special Purpose Zone","park":"Port Stephens - Great Lakes","zone":"Special Purpose Zone","spear":"check","kind":"mpa","note":"Zone has its own rules."},"geometry":{"type":"Polygon","coordinates":[[[152.04274,-32.72834],[152.03963,-32.72834],[152.03985,-32.72853],[152.04003,-32.72943],[152.04026,-32.72978],[152.04023,-32.73001],[152.04033,-32.73009],[152.04025,-32.73055],[152.04007,-32.73066],[152.0401,-32.73081],[152.04018,-32.73086],[152.04024,-32.73132],[152.04013,-32.73139],[152.04011,-32.73159],[152.04061,-32.73312],[152.04116,-32.73394],[152.04138,-32.73442],[152.04167,-32.73469],[152.04188,-32.73533],[152.044,-32.73533],[152.04368,-32.73408],[152.04237,-32.73254],[152.04211,-32.73207],[152.04193,-32.73118],[152.04182,-32.73036],[152.04189,-32.72903],[152.04274,-32.72834]]]}},{"type":"Feature","properties":{"name":"North Arm Cove Sanctuary Zone","park":"Port Stephens - Great Lakes","zone":"Sanctuary Zone","spear":"no","kind":"mpa","note":"No-take zone: no spearfishing."},"geometry":{"type":"MultiPolygon","coordinates":[[[[152.08249,-32.62065],[152.08279,-32.62027],[152.0829,-32.6199],[152.08289,-32.61968],[152.08262,-32.61914],[152.08261,-32.61893],[152.08319,-32.61807],[152.08337,-32.61671],[152.08347,-32.61653],[152.08393,-32.61617],[152.08458,-32.61547],[152.08528,-32.61408],[152.08526,-32.61359],[152.08482,-32.61314],[152.08469,-32.61283],[152.08475,-32.61248],[152.08503,-32.61198],[152.08568,-32.61115],[152.08576,-32.61084],[152.08621,-32.61041],[152.08605,-32.61024],[152.08596,-32.61],[152.0861,-32.6097],[152.08638,-32.60939],[152.08581,-32.60848],[152.08573,-32.60854],[152.08619,-32.60907],[152.08627,-32.60933],[152.08604,-32.60963],[152.08591,-32.60999],[152.0861,-32.61039],[152.08575,-32.61067],[152.08534,-32.61137],[152.08499,-32.61179],[152.08464,-32.6124],[152.08452,-32.61279],[152.08464,-32.61315],[152.08492,-32.61341],[152.08508,-32.6137],[152.08513,-32.61413],[152.08476,-32.61478],[152.08444,-32.61514],[152.08429,-32.61552],[152.08341,-32.61624],[152.08318,-32.6166],[152.08293,-32.61803],[152.08244,-32.6189],[152.08248,-32.61928],[152.08269,-32.61975],[152.08267,-32.62012],[152.08216,-32.6207],[152.08173,-32.62075],[152.08119,-32.62057],[152.08073,-32.62056],[152.0803,-32.62065],[152.08014,-32.62091],[152.08023,-32.62151],[152.08064,-32.62244],[152.08138,-32.62337],[152.08169,-32.62359],[152.08181,-32.62381],[152.08176,-32.62387],[152.0811,-32.62385],[152.0799,-32.62361],[152.07957,-32.62373],[152.07847,-32.62507],[152.07819,-32.62561],[152.07826,-32.62599],[152.07864,-32.62655],[152.07855,-32.62716],[152.07839,-32.62744],[152.07774,-32.62797],[152.0765,-32.62821],[152.07617,-32.62837],[152.07514,-32.62912],[152.07463,-32.62964],[152.07427,-32.63034],[152.07421,-32.63084],[152.07431,-32.63177],[152.07479,-32.63229],[152.07492,-32.63254],[152.07494,-32.63305],[152.07477,-32.63335],[152.07404,-32.63399],[152.07371,-32.63417],[152.07285,-32.63461],[152.07148,-32.6351],[152.07127,-32.63501],[152.07114,-32.63484],[152.07101,-32.63428],[152.07127,-32.63393],[152.07171,-32.63371],[152.07195,-32.63337],[152.07135,-32.63243],[152.07107,-32.63218],[152.07066,-32.632],[152.07002,-32.63196],[152.06946,-32.63214],[152.06851,-32.63194],[152.0683,-32.63167],[152.06818,-32.63173],[152.06836,-32.63198],[152.06887,-32.6322],[152.06941,-32.63226],[152.07003,-32.63208],[152.07047,-32.63211],[152.07108,-32.63253],[152.07163,-32.63308],[152.07178,-32.63335],[152.07101,-32.63392],[152.07081,-32.63419],[152.07084,-32.63468],[152.0711,-32.63505],[152.071,-32.63538],[152.06928,-32.63654],[152.06864,-32.63652],[152.06752,-32.63602],[152.06616,-32.63589],[152.06565,-32.63591],[152.06523,-32.63607],[152.06476,-32.63646],[152.06533,-32.63613],[152.06664,-32.63601],[152.06771,-32.63611],[152.06878,-32.63658],[152.06873,-32.6367],[152.06767,-32.63621],[152.06662,-32.63609],[152.06535,-32.63629],[152.06476,-32.63664],[152.06467,-32.63711],[152.06491,-32.63893],[152.06481,-32.63893],[152.06516,-32.64087],[152.06551,-32.64159],[152.06565,-32.64234],[152.06554,-32.6427],[152.06524,-32.64297],[152.06482,-32.64312],[152.06383,-32.64302],[152.06381,-32.64311],[152.06273,-32.64283],[152.06118,-32.64263],[152.0612,-32.6425],[152.06093,-32.64176],[152.06025,-32.64113],[152.0602,-32.64099],[152.06032,-32.64079],[152.06086,-32.64035],[152.06101,-32.64],[152.0607,-32.63982],[152.05954,-32.63962],[152.0592,-32.63937],[152.05927,-32.63899],[152.05988,-32.63879],[152.06011,-32.63856],[152.06006,-32.63784],[152.05994,-32.63768],[152.05957,-32.63755],[152.05939,-32.63737],[152.05939,-32.63714],[152.06012,-32.63686],[152.06033,-32.63666],[152.06018,-32.63646],[152.05975,-32.6364],[152.05964,-32.63631],[152.05951,-32.63584],[152.05902,-32.63567],[152.05878,-32.63568],[152.05939,-32.63594],[152.05938,-32.6362],[152.05953,-32.63646],[152.06012,-32.6366],[152.06016,-32.63669],[152.05934,-32.63697],[152.05919,-32.63717],[152.05915,-32.63734],[152.05925,-32.63753],[152.05984,-32.63795],[152.05999,-32.63816],[152.06004,-32.63851],[152.05985,-32.63874],[152.0594,-32.6388],[152.05916,-32.63908],[152.05914,-32.63934],[152.05936,-32.63957],[152.05977,-32.63974],[152.06072,-32.63991],[152.06088,-32.64],[152.06085,-32.64027],[152.06024,-32.64072],[152.0601,-32.64102],[152.06016,-32.64117],[152.06072,-32.64172],[152.06099,-32.6424],[152.0609,-32.64258],[152.06047,-32.64297],[152.06043,-32.64317],[152.06045,-32.64351],[152.06085,-32.64434],[152.06093,-32.64493],[152.06089,-32.64564],[152.06068,-32.64606],[152.05998,-32.64671],[152.05865,-32.64718],[152.058,-32.64756],[152.05555,-32.64923],[152.05508,-32.64983],[152.05477,-32.65006],[152.05434,-32.65021],[152.05408,-32.6502],[152.0539,-32.64987],[152.05352,-32.64952],[152.05242,-32.64916],[152.05173,-32.6487],[152.05094,-32.64761],[152.05006,-32.64683],[152.04963,-32.64621],[152.04942,-32.64572],[152.049,-32.64518],[152.04881,-32.64509],[152.0482,-32.64521],[152.04774,-32.64516],[152.04713,-32.64491],[152.04676,-32.64405],[152.04665,-32.64341],[152.04611,-32.64289],[152.04576,-32.64273],[152.04546,-32.64273],[152.04431,-32.64316],[152.04343,-32.64375],[152.04317,-32.64366],[152.04299,-32.64344],[152.04287,-32.64273],[152.04327,-32.64042],[152.04304,-32.64012],[152.04249,-32.64016],[152.0419,-32.63979],[152.04182,-32.63936],[152.04184,-32.63887],[152.04235,-32.63781],[152.04262,-32.63742],[152.04339,-32.63664],[152.04365,-32.63627],[152.04368,-32.63603],[152.04352,-32.63581],[152.04331,-32.63578],[152.04236,-32.63618],[152.04115,-32.63635],[152.04013,-32.63633],[152.03967,-32.63613],[152.03909,-32.63519],[152.0391,-32.63475],[152.03902,-32.63469],[152.03902,-32.6353],[152.03936,-32.63565],[152.03969,-32.63624],[152.04012,-32.63645],[152.04215,-32.63642],[152.04314,-32.63595],[152.04336,-32.636],[152.04333,-32.6363],[152.04308,-32.63667],[152.04218,-32.63751],[152.04177,-32.63832],[152.04157,-32.63945],[152.04163,-32.6397],[152.04201,-32.64018],[152.04246,-32.64035],[152.04301,-32.64026],[152.04307,-32.64066],[152.04298,-32.64128],[152.04264,-32.64245],[152.04262,-32.64313],[152.0428,-32.64373],[152.04306,-32.64393],[152.0433,-32.64397],[152.04363,-32.64385],[152.04399,-32.64356],[152.04454,-32.64326],[152.04527,-32.64299],[152.04586,-32.64292],[152.04641,-32.6434],[152.04653,-32.64376],[152.04655,-32.64418],[152.04678,-32.64479],[152.04739,-32.64522],[152.04772,-32.64532],[152.04894,-32.64537],[152.04964,-32.64666],[152.0507,-32.64779],[152.05126,-32.64873],[152.0516,-32.64902],[152.05291,-32.64962],[152.05284,-32.65018],[152.0526,-32.65064],[152.05248,-32.65081],[152.05216,-32.65095],[152.05202,-32.6511],[152.05189,-32.65211],[152.05177,-32.65231],[152.05077,-32.65327],[152.05003,-32.6536],[152.05717,-32.65754],[152.05597,-32.6554],[152.05708,-32.65348],[152.05867,-32.65415],[152.05802,-32.65566],[152.05822,-32.65745],[152.05804,-32.65801],[152.05841,-32.65822],[152.05855,-32.65742],[152.05851,-32.65657],[152.05863,-32.65538],[152.0599,-32.6528],[152.06204,-32.65385],[152.06038,-32.65716],[152.05989,-32.65903],[152.06028,-32.65925],[152.06027,-32.65858],[152.06053,-32.65693],[152.06106,-32.65641],[152.0617,-32.65611],[152.06212,-32.65603],[152.06237,-32.6559],[152.06264,-32.65564],[152.06294,-32.65504],[152.06316,-32.65414],[152.06295,-32.65355],[152.06307,-32.65334],[152.06325,-32.65245],[152.06285,-32.65125],[152.06253,-32.65064],[152.0621,-32.65023],[152.06147,-32.65],[152.06114,-32.64995],[152.06081,-32.65012],[152.06006,-32.65019],[152.05958,-32.64985],[152.05968,-32.64955],[152.06006,-32.64901],[152.06065,-32.6478],[152.06137,-32.64654],[152.06159,-32.64596],[152.06148,-32.64425],[152.06111,-32.64356],[152.06115,-32.6432],[152.06145,-32.64298],[152.06212,-32.64298],[152.06361,-32.64335],[152.06479,-32.64343],[152.06526,-32.64335],[152.06573,-32.64303],[152.06623,-32.64239],[152.06627,-32.64194],[152.06575,-32.64084],[152.06564,-32.64037],[152.06542,-32.63885],[152.06501,-32.6372],[152.065,-32.63694],[152.06512,-32.63667],[152.06543,-32.63647],[152.06573,-32.63642],[152.06741,-32.63666],[152.06751,-32.63639],[152.06806,-32.63667],[152.0692,-32.63699],[152.06931,-32.63714],[152.06926,-32.63707],[152.07002,-32.63669],[152.07132,-32.63565],[152.07227,-32.63535],[152.07303,-32.63499],[152.07441,-32.63422],[152.07488,-32.63387],[152.07527,-32.6334],[152.07538,-32.63264],[152.07478,-32.63166],[152.0746,-32.63097],[152.07462,-32.63066],[152.0749,-32.63005],[152.07529,-32.6295],[152.07619,-32.62877],[152.07671,-32.6285],[152.07787,-32.62828],[152.07845,-32.62782],[152.07876,-32.62727],[152.07899,-32.62703],[152.07907,-32.62648],[152.07946,-32.62607],[152.08012,-32.62584],[152.08172,-32.62571],[152.08265,-32.6253],[152.08293,-32.62507],[152.08304,-32.62472],[152.08304,-32.6244],[152.08285,-32.62376],[152.08289,-32.62341],[152.08298,-32.6233],[152.08352,-32.62323],[152.08505,-32.62351],[152.08604,-32.62321],[152.0862,-32.62303],[152.08625,-32.62284],[152.08595,-32.62188],[152.08609,-32.62119],[152.08621,-32.6211],[152.0872,-32.62105],[152.08734,-32.62116],[152.08786,-32.62125],[152.08747,-32.621],[152.0878,-32.62067],[152.08793,-32.62039],[152.08795,-32.61996],[152.08836,-32.61973],[152.08835,-32.61959],[152.08814,-32.61939],[152.08817,-32.61916],[152.08895,-32.61882],[152.08892,-32.61872],[152.08804,-32.61919],[152.08805,-32.61937],[152.08826,-32.61968],[152.08786,-32.61988],[152.08788,-32.62031],[152.0877,-32.62072],[152.0875,-32.62088],[152.08734,-32.62097],[152.08655,-32.62079],[152.08616,-32.6209],[152.08591,-32.62112],[152.08577,-32.62138],[152.08574,-32.62173],[152.08606,-32.62281],[152.08588,-32.62312],[152.08555,-32.62327],[152.08504,-32.62336],[152.08358,-32.62305],[152.08289,-32.62313],[152.08266,-32.62342],[152.08276,-32.62467],[152.08254,-32.62504],[152.08196,-32.62538],[152.08024,-32.62557],[152.07921,-32.6259],[152.07889,-32.62611],[152.07875,-32.62614],[152.07858,-32.62606],[152.07844,-32.62565],[152.07855,-32.62541],[152.07975,-32.62391],[152.08003,-32.6239],[152.08124,-32.62418],[152.08199,-32.62407],[152.08208,-32.6238],[152.08193,-32.6235],[152.08079,-32.62237],[152.08034,-32.62135],[152.08036,-32.62097],[152.08042,-32.62083],[152.08067,-32.62074],[152.08191,-32.62087],[152.08249,-32.62065]],[[152.06922,-32.63657],[152.07006,-32.6361],[152.07112,-32.63529],[152.07121,-32.63541],[152.07013,-32.63622],[152.0693,-32.63669],[152.06922,-32.63657]]],[[[152.0674,-32.63671],[152.0674,-32.63671],[152.06804,-32.63688],[152.0674,-32.63671]]],[[[152.06456,-32.63673],[152.06449,-32.63698],[152.06449,-32.63706],[152.06456,-32.63673]]],[[[152.06833,-32.63694],[152.06865,-32.63704],[152.06902,-32.63708],[152.06833,-32.63694]]],[[[152.06479,-32.63893],[152.06447,-32.63713],[152.06478,-32.63893],[152.06479,-32.63893]]],[[[152.06312,-32.64283],[152.06261,-32.64266],[152.06131,-32.64252],[152.06338,-32.6429],[152.06312,-32.64283]]],[[[152.05996,-32.65736],[152.06044,-32.65547],[152.0597,-32.65554],[152.05942,-32.65735],[152.05898,-32.65853],[152.05958,-32.65886],[152.05996,-32.65736]]]]}},{"type":"Feature","properties":{"name":"Punkalla Creek Sanctuary Zone","park":"Batemans","zone":"Sanctuary Zone","spear":"no","kind":"mpa","note":"No-take zone: no spearfishing."},"geometry":{"type":"MultiPolygon","coordinates":[[[[150.07209,-36.22563],[150.07108,-36.2263],[150.071,-36.22622],[150.07104,-36.22618],[150.07055,-36.22628],[150.06982,-36.22584],[150.06954,-36.22577],[150.06927,-36.22578],[150.07006,-36.22607],[150.06999,-36.2262],[150.06896,-36.22596],[150.06882,-36.22612],[150.06825,-36.22601],[150.06821,-36.22606],[150.06896,-36.22626],[150.06888,-36.22641],[150.06857,-36.22655],[150.06793,-36.22634],[150.06833,-36.22652],[150.06876,-36.22686],[150.06856,-36.22827],[150.06855,-36.22884],[150.06867,-36.22908],[150.06861,-36.22926],[150.06845,-36.2294],[150.06817,-36.22943],[150.06775,-36.22929],[150.06729,-36.22942],[150.06696,-36.22971],[150.06688,-36.22985],[150.06692,-36.22999],[150.06743,-36.23046],[150.06809,-36.23011],[150.0689,-36.23],[150.06943,-36.22953],[150.0695,-36.22891],[150.06971,-36.22881],[150.06997,-36.22897],[150.06979,-36.22974],[150.07001,-36.22963],[150.07016,-36.22931],[150.07026,-36.22939],[150.07029,-36.22958],[150.0704,-36.22959],[150.07051,-36.22894],[150.07058,-36.2293],[150.07046,-36.22974],[150.06967,-36.23037],[150.06943,-36.2309],[150.06887,-36.2316],[150.06889,-36.23169],[150.06906,-36.23158],[150.06899,-36.23199],[150.06795,-36.23367],[150.06694,-36.23434],[150.06643,-36.23434],[150.06492,-36.23462],[150.06445,-36.23486],[150.06338,-36.23505],[150.06347,-36.23511],[150.06226,-36.23564],[150.06195,-36.23593],[150.06176,-36.23636],[150.0618,-36.23666],[150.06211,-36.237],[150.06398,-36.2371],[150.06416,-36.2369],[150.06229,-36.23672],[150.06209,-36.23663],[150.06201,-36.23641],[150.0623,-36.23602],[150.06277,-36.23566],[150.06307,-36.23554],[150.06506,-36.23495],[150.0676,-36.23454],[150.06931,-36.23255],[150.06925,-36.23307],[150.06931,-36.23312],[150.06941,-36.23305],[150.06947,-36.2334],[150.06965,-36.23348],[150.06966,-36.23275],[150.06975,-36.23241],[150.07048,-36.23184],[150.071,-36.23123],[150.07095,-36.23018],[150.0714,-36.22916],[150.07087,-36.22817],[150.07102,-36.22795],[150.07141,-36.2282],[150.07182,-36.22832],[150.07273,-36.22823],[150.07345,-36.2283],[150.07408,-36.22854],[150.07473,-36.2291],[150.07516,-36.22912],[150.0753,-36.22906],[150.07535,-36.22891],[150.07531,-36.22864],[150.07519,-36.22841],[150.07428,-36.22724],[150.07418,-36.22685],[150.07421,-36.22659],[150.07406,-36.2267],[150.07413,-36.22731],[150.07501,-36.22847],[150.0746,-36.22886],[150.07357,-36.22819],[150.07294,-36.22811],[150.0725,-36.22784],[150.07368,-36.22682],[150.07414,-36.22629],[150.07396,-36.22623],[150.07359,-36.22651],[150.07331,-36.22626],[150.07262,-36.22605],[150.07267,-36.22582],[150.07209,-36.22563]],[[150.0733,-36.22637],[150.07365,-36.22668],[150.07275,-36.22746],[150.07242,-36.227],[150.0733,-36.22637]],[[150.07038,-36.22702],[150.07064,-36.22722],[150.07091,-36.22781],[150.0707,-36.22808],[150.07027,-36.22753],[150.07019,-36.22728],[150.0702,-36.22705],[150.07038,-36.22702]],[[150.06974,-36.23151],[150.0703,-36.23087],[150.07018,-36.23127],[150.06993,-36.2315],[150.07005,-36.2316],[150.07047,-36.23161],[150.0705,-36.23167],[150.06955,-36.23235],[150.06974,-36.23151]]],[[[150.06883,-36.22572],[150.06816,-36.22559],[150.06787,-36.22561],[150.06883,-36.22572]]],[[[150.0666,-36.22565],[150.06632,-36.22562],[150.06633,-36.22574],[150.06617,-36.22609],[150.06624,-36.22631],[150.06597,-36.22659],[150.06769,-36.22632],[150.06639,-36.22619],[150.06634,-36.22591],[150.0664,-36.22578],[150.06764,-36.22562],[150.0666,-36.22565]]],[[[150.07174,-36.22562],[150.07145,-36.22574],[150.0711,-36.22614],[150.07174,-36.22562]]],[[[150.0743,-36.22647],[150.07433,-36.22635],[150.07416,-36.2263],[150.0743,-36.22647]]]]}},{"type":"Feature","properties":{"name":"South Solitary Island Sanctuary Zone","park":"Solitary Islands","zone":"Sanctuary Zone","spear":"no","kind":"mpa","note":"No-take zone: no spearfishing."},"geometry":{"type":"Polygon","coordinates":[[[153.26734,-30.20433],[153.26766,-30.20427],[153.26794,-30.20398],[153.26814,-30.20354],[153.26819,-30.20301],[153.26809,-30.20234],[153.26791,-30.20186],[153.26749,-30.2015],[153.26727,-30.20143],[153.26698,-30.20142],[153.26637,-30.20158],[153.26571,-30.20193],[153.26519,-30.20236],[153.26495,-30.20267],[153.2648,-30.20291],[153.2646,-30.20365],[153.26356,-30.20365],[153.26448,-30.20742],[153.26683,-30.20742],[153.2664,-30.20686],[153.26635,-30.20662],[153.26611,-30.20652],[153.26603,-30.20622],[153.26592,-30.20625],[153.26578,-30.20554],[153.26563,-30.20553],[153.26564,-30.20529],[153.26541,-30.20487],[153.26537,-30.20448],[153.26546,-30.20418],[153.26538,-30.20405],[153.26546,-30.20399],[153.2655,-30.20409],[153.26564,-30.20388],[153.26582,-30.20383],[153.2663,-30.20388],[153.26699,-30.20383],[153.26728,-30.20391],[153.26734,-30.20433]],[[153.26742,-30.20257],[153.26729,-30.20229],[153.26746,-30.2022],[153.26788,-30.20218],[153.26791,-30.20236],[153.26764,-30.20256],[153.26774,-30.20266],[153.26742,-30.20257]],[[153.26657,-30.20365],[153.26641,-30.20372],[153.26563,-30.20366],[153.26563,-30.20325],[153.26575,-30.20321],[153.26582,-30.20301],[153.26624,-30.20265],[153.26661,-30.20245],[153.26714,-30.20233],[153.26729,-30.20301],[153.26722,-30.20346],[153.26713,-30.20355],[153.26657,-30.20365]]]}},{"type":"Feature","properties":{"name":"HMAS Creswell Special Purpose Zone","park":"Jervis Bay","zone":"Special Purpose Zone","spear":"check","kind":"mpa","note":"Zone has its own rules."},"geometry":{"type":"Polygon","coordinates":[[[150.70983,-35.12087],[150.70951,-35.12027],[150.70906,-35.11973],[150.70835,-35.11916],[150.70767,-35.1188],[150.70694,-35.11854],[150.70616,-35.1184],[150.70536,-35.11837],[150.70437,-35.1185],[150.70362,-35.11872],[150.70277,-35.11915],[150.70219,-35.1196],[150.70171,-35.12013],[150.70135,-35.12071],[150.70112,-35.12134],[150.70103,-35.122],[150.70111,-35.12278],[150.70782,-35.1217],[150.70591,-35.12101],[150.70582,-35.12096],[150.70586,-35.12088],[150.70643,-35.12103],[150.70806,-35.12166],[150.71,-35.12139],[150.70983,-35.12087]]]}},{"type":"Feature","properties":{"name":"Salamander Bay Sanctuary Zone","park":"Port Stephens - Great Lakes","zone":"Sanctuary Zone","spear":"no","kind":"mpa","note":"No-take zone: no spearfishing."},"geometry":{"type":"Polygon","coordinates":[[[152.09925,-32.72578],[152.09425,-32.72578],[152.08905,-32.72754],[152.09039,-32.728],[152.09133,-32.72819],[152.0921,-32.72845],[152.09209,-32.72859],[152.09171,-32.72894],[152.09196,-32.72908],[152.09187,-32.72925],[152.09241,-32.7294],[152.09255,-32.72963],[152.09273,-32.72974],[152.09274,-32.73004],[152.09285,-32.73026],[152.09325,-32.73058],[152.09393,-32.73089],[152.09415,-32.73107],[152.09461,-32.7317],[152.09475,-32.73217],[152.09509,-32.7328],[152.0952,-32.73287],[152.09532,-32.73281],[152.09544,-32.73301],[152.0956,-32.73303],[152.09564,-32.73296],[152.09554,-32.73268],[152.09589,-32.73255],[152.09606,-32.73237],[152.09618,-32.73177],[152.09653,-32.73175],[152.09653,-32.73132],[152.09671,-32.73118],[152.09672,-32.73106],[152.09685,-32.73105],[152.09689,-32.73085],[152.09705,-32.73077],[152.09708,-32.73053],[152.09731,-32.73037],[152.0974,-32.72979],[152.09751,-32.72965],[152.09776,-32.72946],[152.0981,-32.72935],[152.09883,-32.72874],[152.09932,-32.72856],[152.09966,-32.72806],[152.09993,-32.72807],[152.10042,-32.72783],[152.10056,-32.72767],[152.10061,-32.72737],[152.10098,-32.72742],[152.10153,-32.72725],[152.09925,-32.72578]],[[152.09708,-32.72656],[152.09915,-32.72664],[152.09914,-32.72704],[152.09703,-32.72693],[152.09698,-32.7273],[152.09647,-32.72725],[152.09645,-32.72758],[152.09532,-32.72761],[152.09536,-32.7274],[152.09517,-32.72738],[152.09493,-32.72739],[152.09488,-32.72762],[152.09123,-32.72774],[152.09039,-32.72751],[152.09046,-32.7272],[152.09142,-32.72743],[152.09154,-32.72724],[152.09498,-32.72713],[152.09501,-32.72699],[152.0965,-32.72709],[152.09659,-32.72669],[152.09705,-32.72671],[152.09708,-32.72656]]]}},{"type":"Feature","properties":{"name":"Smiths Lake Special Purpose Zone","park":"Port Stephens - Great Lakes","zone":"Special Purpose Zone","spear":"check","kind":"mpa","note":"Zone has its own rules."},"geometry":{"type":"Polygon","coordinates":[[[152.47422,-32.39957],[152.47571,-32.39961],[152.47594,-32.39955],[152.47643,-32.39923],[152.47729,-32.39909],[152.4779,-32.39887],[152.47937,-32.398],[152.48003,-32.39737],[152.48062,-32.39733],[152.4808,-32.39648],[152.48074,-32.396],[152.48034,-32.39561],[152.47988,-32.39549],[152.47949,-32.39521],[152.47931,-32.39487],[152.47917,-32.39405],[152.47422,-32.39957]]]}},{"type":"Feature","properties":{"name":"North Head Sanctuary Zone","park":"Batemans","zone":"Sanctuary Zone","spear":"no","kind":"mpa","note":"No-take zone: no spearfishing."},"geometry":{"type":"Polygon","coordinates":[[[150.28545,-35.70322],[150.28468,-35.70348],[150.2839,-35.70354],[150.28297,-35.70335],[150.28198,-35.703],[150.2814,-35.70332],[150.28131,-35.70354],[150.28129,-35.70401],[150.28115,-35.70439],[150.28153,-35.70543],[150.28159,-35.70582],[150.2815,-35.70624],[150.28123,-35.70665],[150.28181,-35.707],[150.2822,-35.70734],[150.28248,-35.70765],[150.28268,-35.70807],[150.28274,-35.70847],[150.28267,-35.70906],[150.28241,-35.71002],[150.28199,-35.7105],[150.28135,-35.71084],[150.28087,-35.71155],[150.28031,-35.71184],[150.27976,-35.7119],[150.27932,-35.71183],[150.27879,-35.71157],[150.27841,-35.71121],[150.27807,-35.71116],[150.27737,-35.71152],[150.27763,-35.71208],[150.27793,-35.71331],[150.27794,-35.71447],[150.27778,-35.71537],[150.27787,-35.71554],[150.27851,-35.71605],[150.27909,-35.7164],[150.27927,-35.71667],[150.27935,-35.71707],[150.2792,-35.71757],[150.27873,-35.71797],[150.2788,-35.71842],[150.27854,-35.71927],[150.27853,-35.72053],[150.27831,-35.72102],[150.27806,-35.72133],[150.27754,-35.72167],[150.27711,-35.72229],[150.27672,-35.72259],[150.27623,-35.72274],[150.27551,-35.72272],[150.27491,-35.72248],[150.27338,-35.72136],[150.27295,-35.72081],[150.27266,-35.71992],[150.27129,-35.71979],[150.27058,-35.71991],[150.27011,-35.72006],[150.26931,-35.72051],[150.26845,-35.72073],[150.26823,-35.72125],[150.26794,-35.72156],[150.26771,-35.72216],[150.26743,-35.72245],[150.26697,-35.72271],[150.26628,-35.72292],[150.26617,-35.72355],[150.28545,-35.72355],[150.28545,-35.70322]]]}},{"type":"Feature","properties":{"name":"Kianga Lake Sanctuary Zone","park":"Batemans","zone":"Sanctuary Zone","spear":"no","kind":"mpa","note":"No-take zone: no spearfishing."},"geometry":{"type":"Polygon","coordinates":[[[150.13226,-36.19128],[150.13205,-36.1917],[150.13177,-36.19186],[150.13139,-36.19187],[150.13102,-36.19172],[150.13059,-36.1912],[150.1302,-36.19092],[150.13002,-36.19042],[150.13009,-36.1902],[150.13028,-36.1901],[150.13083,-36.19047],[150.13095,-36.19038],[150.13005,-36.18986],[150.12996,-36.18972],[150.12992,-36.18939],[150.12944,-36.18929],[150.12916,-36.18911],[150.12873,-36.18866],[150.12818,-36.18779],[150.12718,-36.18687],[150.12698,-36.18681],[150.12687,-36.18689],[150.12692,-36.18748],[150.12723,-36.18847],[150.12719,-36.18871],[150.12698,-36.18897],[150.12654,-36.18921],[150.12592,-36.18935],[150.12481,-36.18921],[150.12376,-36.18892],[150.12397,-36.18955],[150.12364,-36.1902],[150.12392,-36.19044],[150.12272,-36.19051],[150.12225,-36.1907],[150.12231,-36.19072],[150.12228,-36.19089],[150.12288,-36.19065],[150.12303,-36.19072],[150.12275,-36.19084],[150.12265,-36.19096],[150.12268,-36.19106],[150.12385,-36.19121],[150.12452,-36.19112],[150.12559,-36.19083],[150.1262,-36.19089],[150.1268,-36.19116],[150.12688,-36.19156],[150.12677,-36.19187],[150.12683,-36.19212],[150.12703,-36.19218],[150.12726,-36.19217],[150.12879,-36.19161],[150.12997,-36.19146],[150.13009,-36.19153],[150.13017,-36.1917],[150.13011,-36.19236],[150.13018,-36.19234],[150.13018,-36.19205],[150.13031,-36.19198],[150.13042,-36.19206],[150.13052,-36.19244],[150.13099,-36.19269],[150.13226,-36.19252],[150.13226,-36.19128]]]}},{"type":"Feature","properties":{"name":"Towra Point Aquatic Reserve","park":"Towra Point","zone":"Aquatic Reserve","spear":"check","kind":"mpa","note":"Zone has its own rules."},"geometry":{"type":"Polygon","coordinates":[[[151.18778,-34.00829],[151.1877,-34.00811],[151.18775,-34.00797],[151.1883,-34.00773],[151.18892,-34.00718],[151.18936,-34.00726],[151.16315,-33.99056],[151.13977,-34.00975],[151.13382,-34.02289],[151.13389,-34.02306],[151.13384,-34.02323],[151.13391,-34.02332],[151.13374,-34.02351],[151.13367,-34.02376],[151.13294,-34.02416],[151.13253,-34.02464],[151.13208,-34.02498],[151.13213,-34.02515],[151.13206,-34.02571],[151.13162,-34.02612],[151.13207,-34.02771],[151.13202,-34.02794],[151.13232,-34.0284],[151.13238,-34.02889],[151.13264,-34.02947],[151.13299,-34.03094],[151.13306,-34.0311],[151.13341,-34.03141],[151.13344,-34.03189],[151.13363,-34.03241],[151.13356,-34.03279],[151.13361,-34.03297],[151.1343,-34.03383],[151.13489,-34.03395],[151.13483,-34.03428],[151.13508,-34.0346],[151.13575,-34.03513],[151.1368,-34.03621],[151.13725,-34.03679],[151.13759,-34.03704],[151.13798,-34.03709],[151.13822,-34.03698],[151.13903,-34.03706],[151.13956,-34.03723],[151.14007,-34.03753],[151.14073,-34.03731],[151.14121,-34.03732],[151.14146,-34.03741],[151.14164,-34.03761],[151.14208,-34.03775],[151.14401,-34.038],[151.145,-34.03862],[151.14547,-34.03857],[151.14702,-34.03872],[151.14718,-34.03868],[151.1472,-34.03859],[151.14696,-34.03847],[151.14701,-34.03834],[151.14752,-34.03795],[151.14753,-34.03785],[151.1474,-34.03769],[151.14742,-34.03754],[151.14758,-34.03756],[151.1478,-34.03775],[151.14792,-34.03762],[151.14792,-34.03745],[151.14781,-34.03728],[151.1474,-34.03714],[151.14746,-34.03694],[151.14764,-34.03684],[151.14802,-34.03712],[151.14814,-34.03732],[151.14809,-34.03811],[151.14756,-34.03819],[151.14738,-34.03841],[151.14728,-34.0387],[151.14738,-34.03877],[151.14787,-34.0388],[151.14843,-34.0387],[151.14905,-34.03826],[151.1495,-34.03815],[151.15005,-34.03813],[151.15205,-34.03833],[151.15289,-34.03776],[151.15379,-34.03658],[151.1546,-34.03575],[151.1546,-34.03565],[151.15293,-34.03441],[151.15276,-34.03423],[151.1528,-34.03406],[151.15294,-34.03401],[151.1549,-34.03536],[151.15666,-34.03353],[151.15709,-34.03328],[151.15744,-34.0332],[151.15885,-34.03302],[151.15976,-34.03234],[151.15986,-34.0322],[151.16003,-34.03146],[151.16081,-34.03065],[151.16097,-34.03027],[151.16125,-34.02851],[151.1611,-34.02806],[151.16089,-34.02782],[151.16039,-34.02747],[151.15854,-34.02658],[151.15731,-34.02547],[151.15557,-34.02476],[151.1553,-34.02458],[151.15484,-34.02422],[151.15446,-34.02361],[151.15374,-34.02322],[151.15256,-34.02206],[151.15154,-34.02139],[151.15013,-34.02092],[151.14743,-34.02018],[151.14635,-34.01971],[151.14566,-34.01931],[151.14416,-34.01774],[151.14386,-34.01721],[151.14304,-34.01625],[151.14215,-34.01543],[151.14186,-34.01493],[151.14176,-34.01451],[151.14201,-34.01421],[151.14253,-34.01395],[151.14273,-34.01376],[151.15559,-34.00596],[151.15558,-34.00579],[151.15573,-34.0055],[151.15641,-34.00485],[151.15903,-34.00385],[151.15974,-34.00322],[151.16125,-34.00213],[151.16157,-34.00145],[151.16165,-34.00049],[151.16181,-34.00023],[151.16204,-34.00006],[151.1623,-34.00003],[151.16313,-34.0002],[151.16425,-34.00099],[151.16565,-34.00173],[151.16725,-34.00293],[151.16873,-34.00379],[151.16963,-34.00417],[151.17061,-34.00503],[151.17132,-34.00543],[151.17266,-34.00635],[151.17352,-34.00714],[151.17371,-34.00777],[151.17387,-34.00799],[151.17421,-34.00808],[151.17432,-34.00832],[151.17397,-34.00879],[151.17348,-34.00912],[151.17321,-34.0096],[151.17276,-34.00995],[151.17224,-34.01099],[151.17237,-34.01143],[151.1727,-34.01168],[151.17311,-34.01183],[151.1737,-34.0119],[151.17445,-34.01214],[151.1744,-34.01214],[151.17512,-34.01221],[151.17526,-34.01194],[151.1753,-34.01148],[151.17553,-34.01124],[151.17591,-34.01113],[151.17711,-34.01139],[151.17765,-34.01163],[151.17829,-34.01205],[151.18778,-34.00829]]]}},{"type":"Feature","properties":{"name":"North Head Habitat Protection Zone","park":"Batemans","zone":"Habitat Protection Zone (Restrictions Apply)","spear":"check","kind":"mpa","note":"Zone has its own rules."},"geometry":{"type":"Polygon","coordinates":[[[150.28545,-35.70195],[150.28513,-35.7023],[150.28441,-35.70261],[150.284,-35.70264],[150.28349,-35.70254],[150.28226,-35.70213],[150.28186,-35.70208],[150.28153,-35.70216],[150.28062,-35.70266],[150.28027,-35.70323],[150.28021,-35.70382],[150.28002,-35.70425],[150.28004,-35.70452],[150.28049,-35.70577],[150.28042,-35.70602],[150.28012,-35.70636],[150.28005,-35.70663],[150.28028,-35.70718],[150.2811,-35.70769],[150.28158,-35.70821],[150.28163,-35.70841],[150.28158,-35.70891],[150.28137,-35.70971],[150.28107,-35.70994],[150.28053,-35.71019],[150.28017,-35.71081],[150.27993,-35.711],[150.27969,-35.71099],[150.27939,-35.71079],[150.2791,-35.71035],[150.27802,-35.71026],[150.27752,-35.71037],[150.27677,-35.71076],[150.2765,-35.71094],[150.27629,-35.71125],[150.2763,-35.71178],[150.27656,-35.71231],[150.27658,-35.71266],[150.27682,-35.71336],[150.27684,-35.71442],[150.27666,-35.71529],[150.27672,-35.71562],[150.27704,-35.71614],[150.27779,-35.71677],[150.27819,-35.71692],[150.27824,-35.71703],[150.27825,-35.71712],[150.27813,-35.71721],[150.27749,-35.71722],[150.2774,-35.71731],[150.27742,-35.71775],[150.27761,-35.71806],[150.27769,-35.71838],[150.27741,-35.71923],[150.27744,-35.72037],[150.27718,-35.72078],[150.27705,-35.72087],[150.27668,-35.72085],[150.27649,-35.7214],[150.27622,-35.72176],[150.2761,-35.72184],[150.27579,-35.72185],[150.27423,-35.72078],[150.27396,-35.72046],[150.27364,-35.71949],[150.27346,-35.71928],[150.27317,-35.71911],[150.27283,-35.71899],[150.2713,-35.71888],[150.27032,-35.71903],[150.26976,-35.71919],[150.26885,-35.71969],[150.26744,-35.71997],[150.26737,-35.72003],[150.26743,-35.72037],[150.26723,-35.72086],[150.26684,-35.72098],[150.26688,-35.72128],[150.26679,-35.72166],[150.26636,-35.72196],[150.26618,-35.72198],[150.26583,-35.72183],[150.26565,-35.72218],[150.26525,-35.72231],[150.26511,-35.7233],[150.26495,-35.72355],[150.26617,-35.72355],[150.26628,-35.72292],[150.26697,-35.72271],[150.26743,-35.72245],[150.26771,-35.72216],[150.26794,-35.72156],[150.26823,-35.72125],[150.26845,-35.72073],[150.26931,-35.72051],[150.27026,-35.71999],[150.2711,-35.71982],[150.27176,-35.71981],[150.27266,-35.71992],[150.27295,-35.72081],[150.27338,-35.72136],[150.27491,-35.72248],[150.27551,-35.72272],[150.27623,-35.72274],[150.27672,-35.72259],[150.27711,-35.72229],[150.27754,-35.72167],[150.27806,-35.72133],[150.27831,-35.72102],[150.27853,-35.72053],[150.27854,-35.71927],[150.2788,-35.71842],[150.27873,-35.71797],[150.2792,-35.71757],[150.27935,-35.71707],[150.27927,-35.71667],[150.27909,-35.7164],[150.27851,-35.71605],[150.27787,-35.71554],[150.27778,-35.71537],[150.27794,-35.71447],[150.27793,-35.71331],[150.27763,-35.71208],[150.27737,-35.71152],[150.27807,-35.71116],[150.27841,-35.71121],[150.27879,-35.71157],[150.27932,-35.71183],[150.27976,-35.7119],[150.28031,-35.71184],[150.28087,-35.71155],[150.28135,-35.71084],[150.28193,-35.71054],[150.28227,-35.71022],[150.28261,-35.70943],[150.28272,-35.70826],[150.28256,-35.70779],[150.28233,-35.70748],[150.28189,-35.70705],[150.28123,-35.70665],[150.2815,-35.70624],[150.2816,-35.70577],[150.28115,-35.70439],[150.2813,-35.70398],[150.28132,-35.7035],[150.2814,-35.70332],[150.28198,-35.703],[150.28297,-35.70335],[150.28381,-35.70353],[150.28447,-35.70352],[150.28509,-35.70338],[150.28545,-35.70322],[150.28545,-35.70195]]]}},{"type":"Feature","properties":{"name":"Mullimburra Sanctuary Zone","park":"Batemans","zone":"Sanctuary Zone","spear":"no","kind":"mpa","note":"No-take zone: no spearfishing."},"geometry":{"type":"Polygon","coordinates":[[[150.22338,-35.96208],[150.15603,-35.96208],[150.15524,-35.96407],[150.15468,-35.96621],[150.15465,-35.96696],[150.15481,-35.9674],[150.15483,-35.96817],[150.15502,-35.96874],[150.155,-35.96915],[150.15465,-35.96971],[150.15382,-35.97037],[150.15376,-35.97049],[150.15396,-35.97111],[150.1539,-35.97168],[150.15365,-35.97216],[150.15297,-35.97293],[150.15303,-35.97412],[150.15326,-35.97431],[150.15355,-35.97479],[150.15362,-35.9753],[150.15336,-35.97577],[150.15293,-35.97612],[150.15245,-35.97638],[150.15241,-35.97677],[150.15261,-35.97705],[150.15273,-35.97746],[150.15269,-35.97777],[150.1525,-35.9781],[150.15267,-35.97858],[150.15395,-35.97858],[150.15393,-35.97963],[150.1543,-35.98141],[150.15456,-35.98196],[150.15482,-35.98286],[150.15563,-35.9836],[150.1559,-35.98407],[150.15609,-35.98457],[150.15607,-35.98548],[150.15552,-35.98674],[150.15535,-35.98738],[150.1553,-35.98835],[150.15542,-35.98938],[150.15599,-35.99043],[150.15838,-35.99022],[150.15945,-35.99002],[150.1603,-35.99],[150.16094,-35.9901],[150.16148,-35.99031],[150.16197,-35.99062],[150.1624,-35.99102],[150.16344,-35.9909],[150.16436,-35.9911],[150.16495,-35.99142],[150.16542,-35.9919],[150.16567,-35.99244],[150.16616,-35.99304],[150.16631,-35.99347],[150.16633,-35.9938],[150.16528,-35.9938],[150.16509,-35.99426],[150.16475,-35.99464],[150.16404,-35.99494],[150.16374,-35.99535],[150.16325,-35.99572],[150.16254,-35.99599],[150.16201,-35.99604],[150.16192,-35.99641],[150.1617,-35.99676],[150.16137,-35.99702],[150.16096,-35.99721],[150.16056,-35.99805],[150.16065,-35.99844],[150.16058,-35.99877],[150.16028,-35.99913],[150.15988,-35.99933],[150.15949,-36.00018],[150.15936,-36.00131],[150.15989,-36.00204],[150.16,-36.00259],[150.15994,-36.00303],[150.15961,-36.00351],[150.15873,-36.00421],[150.15849,-36.00492],[150.15833,-36.0077],[150.1586,-36.00894],[150.15892,-36.00984],[150.15963,-36.01134],[150.1603,-36.01159],[150.16076,-36.01192],[150.16148,-36.01188],[150.16198,-36.01166],[150.1624,-36.01157],[150.16286,-36.01158],[150.16334,-36.0117],[150.1638,-36.01198],[150.16412,-36.01238],[150.16423,-36.01277],[150.16417,-36.01315],[150.16372,-36.0137],[150.16314,-36.01397],[150.16245,-36.01403],[150.16149,-36.01392],[150.16068,-36.01411],[150.16057,-36.01469],[150.16021,-36.0155],[150.16012,-36.0159],[150.15957,-36.01675],[150.15921,-36.01701],[150.15851,-36.01726],[150.15825,-36.01762],[150.15791,-36.01784],[150.15738,-36.01839],[150.15589,-36.02009],[150.15471,-36.02219],[150.15405,-36.02308],[150.15276,-36.02509],[150.15252,-36.02582],[150.15161,-36.02706],[150.15114,-36.02815],[150.22323,-36.02815],[150.22401,-36.02608],[150.22508,-36.02248],[150.22574,-36.01927],[150.2262,-36.01578],[150.22637,-36.01202],[150.22624,-36.00885],[150.22587,-36.00569],[150.22525,-36.00256],[150.22579,-35.99928],[150.22595,-35.99763],[150.22608,-35.99432],[150.22604,-35.99243],[150.22591,-35.99054],[150.22545,-35.98703],[150.22516,-35.9854],[150.22437,-35.98217],[150.22385,-35.9805],[150.22261,-35.97721],[150.2211,-35.97399],[150.21986,-35.97173],[150.22069,-35.97],[150.22211,-35.96648],[150.22269,-35.96469],[150.22338,-35.96208]]]}},{"type":"Feature","properties":{"name":"Jimmys Beach Sanctuary Zone","park":"Port Stephens - Great Lakes","zone":"Sanctuary Zone","spear":"no","kind":"mpa","note":"No-take zone: no spearfishing."},"geometry":{"type":"Polygon","coordinates":[[[152.16532,-32.68017],[152.15923,-32.68192],[152.15923,-32.6855],[152.16532,-32.6855],[152.16532,-32.68017]]]}},{"type":"Feature","properties":{"name":"Buckenbowra River Sanctuary Zone","park":"Batemans","zone":"Sanctuary Zone","spear":"no","kind":"mpa","note":"No-take zone: no spearfishing."},"geometry":{"type":"MultiPolygon","coordinates":[[[[150.10819,-35.6929],[150.10783,-35.6927],[150.10772,-35.69246],[150.1074,-35.69237],[150.10719,-35.69221],[150.10683,-35.69109],[150.10684,-35.6908],[150.10726,-35.6907],[150.10722,-35.69063],[150.10679,-35.69069],[150.10643,-35.69084],[150.10598,-35.69125],[150.10574,-35.69166],[150.10518,-35.69232],[150.1052,-35.69278],[150.1055,-35.69315],[150.10578,-35.69324],[150.10623,-35.69315],[150.10611,-35.69331],[150.10553,-35.69347],[150.10438,-35.69312],[150.10345,-35.69245],[150.10242,-35.69185],[150.10245,-35.69157],[150.10257,-35.69136],[150.10271,-35.69128],[150.1025,-35.69103],[150.10189,-35.69108],[150.10148,-35.69089],[150.10101,-35.6908],[150.10075,-35.69098],[150.10017,-35.69097],[150.09977,-35.69112],[150.10017,-35.69109],[150.10073,-35.69126],[150.10122,-35.69106],[150.10175,-35.69124],[150.10248,-35.69124],[150.1022,-35.69161],[150.10144,-35.69189],[150.1011,-35.69184],[150.10078,-35.69212],[150.10064,-35.69244],[150.10043,-35.69369],[150.10073,-35.6953],[150.10095,-35.69599],[150.101,-35.69685],[150.10113,-35.69734],[150.10098,-35.6981],[150.10116,-35.69816],[150.10133,-35.69789],[150.10153,-35.69803],[150.10213,-35.6989],[150.10269,-35.70053],[150.10299,-35.7012],[150.10349,-35.70198],[150.10537,-35.70418],[150.10752,-35.70603],[150.10832,-35.70689],[150.10892,-35.70771],[150.10915,-35.70832],[150.10931,-35.70948],[150.10908,-35.71078],[150.10882,-35.71164],[150.10812,-35.71339],[150.10756,-35.7144],[150.1073,-35.71455],[150.10698,-35.71449],[150.10534,-35.71264],[150.10439,-35.71173],[150.10353,-35.7111],[150.10273,-35.71067],[150.10179,-35.70995],[150.10123,-35.70969],[150.0991,-35.70915],[150.09837,-35.70917],[150.0978,-35.70947],[150.09746,-35.71001],[150.09709,-35.71153],[150.0965,-35.7126],[150.09597,-35.71338],[150.09437,-35.71504],[150.09227,-35.71658],[150.09104,-35.71681],[150.09082,-35.71677],[150.09066,-35.71662],[150.09042,-35.71613],[150.09033,-35.71572],[150.09034,-35.71553],[150.09047,-35.71544],[150.09051,-35.71527],[150.09022,-35.71379],[150.08999,-35.71323],[150.08946,-35.71261],[150.08878,-35.71242],[150.0877,-35.71258],[150.08717,-35.71296],[150.08685,-35.71346],[150.08607,-35.71561],[150.08558,-35.71675],[150.08531,-35.71715],[150.08493,-35.71725],[150.08399,-35.71685],[150.08338,-35.71669],[150.08277,-35.71668],[150.08258,-35.71674],[150.08166,-35.71784],[150.08148,-35.71836],[150.08122,-35.7187],[150.08096,-35.7193],[150.08026,-35.71988],[150.07899,-35.72048],[150.07854,-35.7209],[150.07806,-35.72154],[150.07761,-35.72251],[150.07754,-35.72291],[150.07759,-35.72339],[150.07781,-35.72409],[150.07853,-35.72565],[150.07869,-35.72642],[150.0787,-35.72678],[150.07857,-35.7272],[150.07822,-35.72787],[150.07792,-35.72807],[150.0775,-35.72819],[150.07683,-35.72854],[150.07546,-35.7289],[150.07424,-35.729],[150.07355,-35.72886],[150.0732,-35.72853],[150.07307,-35.72823],[150.07296,-35.72825],[150.07323,-35.72874],[150.07347,-35.72892],[150.07396,-35.72908],[150.07512,-35.72906],[150.07558,-35.72898],[150.07632,-35.72876],[150.0768,-35.72873],[150.07819,-35.72807],[150.07856,-35.72777],[150.07899,-35.72702],[150.07919,-35.72648],[150.07882,-35.72536],[150.07818,-35.72399],[150.07795,-35.72323],[150.07798,-35.72259],[150.07841,-35.72168],[150.07886,-35.72108],[150.07924,-35.72071],[150.08048,-35.72014],[150.08101,-35.71971],[150.08149,-35.71896],[150.08158,-35.7186],[150.08207,-35.71796],[150.08257,-35.71708],[150.08286,-35.71701],[150.08371,-35.71715],[150.08489,-35.7176],[150.08522,-35.71781],[150.08558,-35.71764],[150.08634,-35.71624],[150.08665,-35.71507],[150.08695,-35.71431],[150.08766,-35.71308],[150.08805,-35.71276],[150.08914,-35.71297],[150.08948,-35.71323],[150.09002,-35.71551],[150.09009,-35.71661],[150.09032,-35.71703],[150.09082,-35.71721],[150.09116,-35.71724],[150.09195,-35.71725],[150.09252,-35.7171],[150.0931,-35.71678],[150.09362,-35.71619],[150.09512,-35.71511],[150.09663,-35.7133],[150.09756,-35.71185],[150.09803,-35.71033],[150.09852,-35.70952],[150.09863,-35.70947],[150.09934,-35.70951],[150.10005,-35.70998],[150.10127,-35.7103],[150.1019,-35.71057],[150.10424,-35.71276],[150.10514,-35.71347],[150.10443,-35.71346],[150.10416,-35.71336],[150.10342,-35.71326],[150.10259,-35.71358],[150.10353,-35.71332],[150.10405,-35.7134],[150.10428,-35.71351],[150.10514,-35.7136],[150.1053,-35.71372],[150.10565,-35.71439],[150.10656,-35.71516],[150.10677,-35.71523],[150.10748,-35.71521],[150.10774,-35.71511],[150.10806,-35.71482],[150.10827,-35.71438],[150.10856,-35.71409],[150.10876,-35.7137],[150.11002,-35.71066],[150.11014,-35.70899],[150.11004,-35.70806],[150.10957,-35.70708],[150.10886,-35.70636],[150.10773,-35.70548],[150.10679,-35.70434],[150.10575,-35.70263],[150.10497,-35.70158],[150.10451,-35.7005],[150.1037,-35.69922],[150.10353,-35.69867],[150.10329,-35.69821],[150.10289,-35.69781],[150.10252,-35.6971],[150.1023,-35.69658],[150.10212,-35.69566],[150.10206,-35.69418],[150.10227,-35.6933],[150.10251,-35.69292],[150.10299,-35.69297],[150.10387,-35.69395],[150.10543,-35.69505],[150.10671,-35.69579],[150.10764,-35.6966],[150.10851,-35.69702],[150.10946,-35.69676],[150.11022,-35.69623],[150.11101,-35.69589],[150.11177,-35.6958],[150.11438,-35.69581],[150.11437,-35.69574],[150.11528,-35.69555],[150.11744,-35.69542],[150.11929,-35.69512],[150.11987,-35.69523],[150.12033,-35.69544],[150.12087,-35.69538],[150.12088,-35.69547],[150.12042,-35.69555],[150.12021,-35.69574],[150.11986,-35.69571],[150.11963,-35.69581],[150.11956,-35.69601],[150.12004,-35.69652],[150.12029,-35.69667],[150.12053,-35.69669],[150.12077,-35.6969],[150.12055,-35.6971],[150.12063,-35.69733],[150.12087,-35.69737],[150.1211,-35.69751],[150.12157,-35.69745],[150.12333,-35.69639],[150.12391,-35.6963],[150.12465,-35.69636],[150.12527,-35.69609],[150.12535,-35.69599],[150.12528,-35.6956],[150.12545,-35.69539],[150.12342,-35.69538],[150.12358,-35.69521],[150.12624,-35.69504],[150.12734,-35.69397],[150.12747,-35.69397],[150.1259,-35.6914],[150.12542,-35.69131],[150.12463,-35.69079],[150.12441,-35.69079],[150.12391,-35.69102],[150.12303,-35.69111],[150.12276,-35.69132],[150.12276,-35.69161],[150.12291,-35.69183],[150.12375,-35.69241],[150.1238,-35.69292],[150.12331,-35.69308],[150.12285,-35.69303],[150.12226,-35.69278],[150.12194,-35.69284],[150.12182,-35.69301],[150.1219,-35.69324],[150.12214,-35.69353],[150.12236,-35.69363],[150.12276,-35.69363],[150.12384,-35.69326],[150.12394,-35.69336],[150.12318,-35.69367],[150.12332,-35.694],[150.12231,-35.69413],[150.11968,-35.69372],[150.11975,-35.69327],[150.11886,-35.69317],[150.11799,-35.69326],[150.11644,-35.69362],[150.11337,-35.69389],[150.11313,-35.6938],[150.11206,-35.69303],[150.11192,-35.69255],[150.11183,-35.69255],[150.11172,-35.69277],[150.11159,-35.69275],[150.1116,-35.69234],[150.11121,-35.69281],[150.1104,-35.69291],[150.10897,-35.69344],[150.10878,-35.69344],[150.10842,-35.69329],[150.10819,-35.6929]],[[150.10721,-35.69309],[150.10746,-35.69293],[150.10768,-35.69297],[150.10784,-35.6931],[150.10815,-35.69361],[150.10872,-35.69388],[150.10972,-35.69389],[150.11068,-35.69348],[150.11166,-35.69335],[150.11228,-35.69369],[150.11272,-35.69405],[150.11274,-35.69415],[150.11238,-35.69441],[150.11219,-35.69438],[150.11217,-35.6945],[150.11192,-35.69454],[150.11189,-35.69465],[150.11105,-35.69498],[150.11006,-35.6952],[150.1092,-35.69512],[150.10819,-35.69478],[150.10761,-35.69452],[150.10737,-35.69433],[150.10671,-35.69414],[150.10623,-35.69389],[150.10659,-35.69351],[150.10721,-35.69309]]],[[[150.12,-35.69301],[150.11957,-35.69282],[150.11894,-35.69291],[150.11978,-35.69291],[150.12018,-35.69312],[150.12,-35.69301]]]]}},{"type":"Feature","properties":{"name":"Fame Cove Sanctuary Zone","park":"Port Stephens - Great Lakes","zone":"Sanctuary Zone","spear":"no","kind":"mpa","note":"No-take zone: no spearfishing."},"geometry":{"type":"Polygon","coordinates":[[[152.06612,-32.68388],[152.06607,-32.68338],[152.06552,-32.68225],[152.06584,-32.68171],[152.06581,-32.68155],[152.0654,-32.68168],[152.06454,-32.68165],[152.06435,-32.68146],[152.06425,-32.68067],[152.06432,-32.68048],[152.06477,-32.68005],[152.06657,-32.6771],[152.0667,-32.6761],[152.06758,-32.6744],[152.06817,-32.67363],[152.0685,-32.67265],[152.06884,-32.67216],[152.069,-32.67168],[152.06925,-32.67071],[152.06924,-32.66989],[152.06871,-32.6684],[152.06821,-32.66792],[152.06819,-32.66771],[152.06865,-32.66713],[152.06892,-32.66696],[152.06908,-32.66667],[152.06917,-32.66622],[152.06906,-32.66602],[152.06905,-32.6658],[152.06933,-32.66571],[152.06994,-32.66575],[152.07119,-32.66624],[152.07109,-32.66612],[152.06992,-32.66562],[152.06916,-32.66558],[152.06889,-32.66577],[152.06897,-32.66656],[152.06796,-32.66781],[152.06802,-32.66811],[152.06859,-32.66863],[152.06872,-32.66889],[152.06879,-32.66916],[152.06866,-32.66957],[152.06886,-32.67],[152.06896,-32.67112],[152.06862,-32.6716],[152.06834,-32.6722],[152.06819,-32.67275],[152.06805,-32.673],[152.06798,-32.67345],[152.06769,-32.67384],[152.06753,-32.67392],[152.06643,-32.67555],[152.06633,-32.67635],[152.06605,-32.67715],[152.06548,-32.67762],[152.06479,-32.67875],[152.06351,-32.68055],[152.06322,-32.68076],[152.06304,-32.68077],[152.06294,-32.68075],[152.06276,-32.68045],[152.06226,-32.68056],[152.06175,-32.68082],[152.06148,-32.68139],[152.06148,-32.68164],[152.0616,-32.68184],[152.06293,-32.6826],[152.06315,-32.68283],[152.06312,-32.683],[152.06388,-32.68388],[152.06612,-32.68388]]]}},{"type":"Feature","properties":{"name":"Little Beach Special Purpose Zone","park":"Port Stephens - Great Lakes","zone":"Special Purpose Zone","spear":"check","kind":"mpa","note":"Zone has its own rules."},"geometry":{"type":"Polygon","coordinates":[[[152.15697,-32.71375],[152.15697,-32.71318],[152.15637,-32.71318],[152.15637,-32.71369],[152.15697,-32.71375]]]}},{"type":"Feature","properties":{"name":"Lake Tarourga Sanctuary Zone","park":"Batemans","zone":"Sanctuary Zone","spear":"no","kind":"mpa","note":"No-take zone: no spearfishing."},"geometry":{"type":"Polygon","coordinates":[[[150.13595,-36.1048],[150.13476,-36.1046],[150.13372,-36.10458],[150.13318,-36.10488],[150.13211,-36.10531],[150.13092,-36.10607],[150.1304,-36.10599],[150.12951,-36.10601],[150.12872,-36.10622],[150.12828,-36.10614],[150.12751,-36.10627],[150.12663,-36.10656],[150.12654,-36.10663],[150.12642,-36.10697],[150.12599,-36.10722],[150.12548,-36.10723],[150.12457,-36.1068],[150.12412,-36.10668],[150.12265,-36.1067],[150.12194,-36.1066],[150.12089,-36.10687],[150.12019,-36.10685],[150.11922,-36.10704],[150.11869,-36.10695],[150.11832,-36.10656],[150.1182,-36.10656],[150.11857,-36.10694],[150.11921,-36.10709],[150.1202,-36.1069],[150.1208,-36.10692],[150.12136,-36.10684],[150.12141,-36.10692],[150.12133,-36.10714],[150.11987,-36.10764],[150.11966,-36.10799],[150.1198,-36.1081],[150.12056,-36.10829],[150.12136,-36.10872],[150.12264,-36.10894],[150.1229,-36.10912],[150.12345,-36.10984],[150.12392,-36.1101],[150.12435,-36.11021],[150.12529,-36.1102],[150.12582,-36.11033],[150.1266,-36.11038],[150.12806,-36.11028],[150.12905,-36.11069],[150.12975,-36.11082],[150.13048,-36.11049],[150.13091,-36.10983],[150.13106,-36.10947],[150.13107,-36.10852],[150.13118,-36.10831],[150.13162,-36.10802],[150.13164,-36.10773],[150.13198,-36.1075],[150.13224,-36.10621],[150.13265,-36.10597],[150.13392,-36.10553],[150.13427,-36.10509],[150.13445,-36.10499],[150.1357,-36.10499],[150.13595,-36.1048]]]}},{"type":"Feature","properties":{"name":"Special Purpose Zone 2 (Wooli Wooli River Oyster Aquaculture)","park":"Solitary Islands","zone":"Special Purpose Zone","spear":"check","kind":"mpa","note":"Zone has its own rules."},"geometry":{"type":"Polygon","coordinates":[[[153.26254,-29.86213],[153.26135,-29.86088],[153.26014,-29.85992],[153.25959,-29.8591],[153.25938,-29.85928],[153.26011,-29.86021],[153.26124,-29.86097],[153.26222,-29.8622],[153.26254,-29.86213]]]}},{"type":"Feature","properties":{"name":"Broughton Island Sanctuary Zone","park":"Port Stephens - Great Lakes","zone":"Sanctuary Zone","spear":"no","kind":"mpa","note":"No-take zone: no spearfishing."},"geometry":{"type":"Polygon","coordinates":[[[152.34937,-32.6],[152.3382,-32.60075],[152.32351,-32.61526],[152.32357,-32.6156],[152.3235,-32.61573],[152.32381,-32.61573],[152.32385,-32.61585],[152.32412,-32.6157],[152.32459,-32.61563],[152.32477,-32.61545],[152.32493,-32.61545],[152.325,-32.61557],[152.32467,-32.61603],[152.32506,-32.61577],[152.32515,-32.61582],[152.32542,-32.61554],[152.32573,-32.61549],[152.32587,-32.61569],[152.32606,-32.61557],[152.32627,-32.61557],[152.32632,-32.61563],[152.32599,-32.61597],[152.32599,-32.61617],[152.32674,-32.61662],[152.32697,-32.61657],[152.32741,-32.61678],[152.32805,-32.61657],[152.32818,-32.61664],[152.32778,-32.61693],[152.32839,-32.61673],[152.32842,-32.61686],[152.32821,-32.61703],[152.32823,-32.61711],[152.33076,-32.61897],[152.33077,-32.61859],[152.33089,-32.61845],[152.331,-32.61799],[152.33129,-32.61742],[152.332,-32.61717],[152.33229,-32.61688],[152.33249,-32.6168],[152.33265,-32.61684],[152.33272,-32.61709],[152.33287,-32.61724],[152.33275,-32.61678],[152.33283,-32.61668],[152.33305,-32.61671],[152.33335,-32.61718],[152.33341,-32.61747],[152.33361,-32.61755],[152.33363,-32.61766],[152.33349,-32.61771],[152.33298,-32.61741],[152.33307,-32.61761],[152.33277,-32.61759],[152.33272,-32.61775],[152.33302,-32.61792],[152.33316,-32.61842],[152.33333,-32.61846],[152.33344,-32.61838],[152.33371,-32.61879],[152.33402,-32.61876],[152.33375,-32.61908],[152.33385,-32.61936],[152.33375,-32.61945],[152.33344,-32.61943],[152.33356,-32.61951],[152.33363,-32.61971],[152.33343,-32.61979],[152.33332,-32.61993],[152.33368,-32.6198],[152.33378,-32.61982],[152.33367,-32.61996],[152.33377,-32.62002],[152.33409,-32.61987],[152.33418,-32.61989],[152.33422,-32.62003],[152.3344,-32.61989],[152.3346,-32.61992],[152.33439,-32.62015],[152.33447,-32.6202],[152.33478,-32.61984],[152.3352,-32.6198],[152.33537,-32.61989],[152.33561,-32.62019],[152.33576,-32.62002],[152.33575,-32.61977],[152.33598,-32.61962],[152.33667,-32.62061],[152.33668,-32.62078],[152.33691,-32.62092],[152.33688,-32.621],[152.33665,-32.62101],[152.33644,-32.62083],[152.33626,-32.62081],[152.33615,-32.62088],[152.33616,-32.62105],[152.33563,-32.62128],[152.33605,-32.62124],[152.33626,-32.62158],[152.33642,-32.62215],[152.33626,-32.62227],[152.33665,-32.62279],[152.33638,-32.62301],[152.33674,-32.62356],[152.3368,-32.62381],[152.33678,-32.6239],[152.33649,-32.62372],[152.33632,-32.62347],[152.336,-32.62359],[152.33621,-32.62378],[152.33633,-32.62414],[152.33629,-32.62426],[152.33613,-32.62427],[152.33607,-32.62454],[152.33628,-32.62492],[152.3356,-32.6243],[152.33537,-32.62434],[152.33536,-32.62445],[152.33561,-32.62472],[152.33552,-32.62483],[152.33563,-32.62498],[152.33568,-32.62494],[152.33578,-32.62501],[152.33594,-32.62524],[152.33592,-32.62539],[152.31918,-32.62798],[152.31884,-32.62754],[152.31892,-32.62797],[152.31874,-32.62805],[152.31863,-32.6279],[152.31848,-32.62789],[152.31845,-32.62749],[152.31835,-32.62775],[152.31835,-32.62816],[152.31824,-32.6282],[152.31832,-32.62852],[152.31841,-32.62847],[152.31838,-32.62864],[152.3181,-32.62827],[152.31815,-32.62805],[152.31805,-32.62773],[152.31794,-32.62768],[152.31825,-32.62731],[152.3178,-32.62674],[152.31735,-32.62645],[152.31709,-32.62601],[152.31684,-32.62524],[152.31666,-32.62424],[152.31644,-32.62432],[152.3163,-32.62426],[152.31602,-32.62438],[152.31551,-32.6244],[152.31542,-32.62427],[152.31578,-32.62434],[152.31575,-32.62415],[152.31588,-32.62418],[152.31586,-32.62411],[152.31567,-32.62392],[152.3153,-32.62385],[152.3153,-32.62353],[152.31523,-32.62345],[152.31485,-32.6235],[152.31453,-32.62366],[152.31446,-32.62397],[152.31427,-32.62403],[152.31454,-32.6243],[152.31403,-32.62422],[152.31397,-32.62429],[152.31401,-32.62438],[152.31384,-32.62455],[152.31388,-32.62481],[152.3142,-32.62497],[152.31397,-32.62499],[152.31421,-32.62524],[152.31394,-32.62526],[152.31425,-32.6257],[152.31412,-32.62572],[152.31412,-32.6309],[152.3316,-32.64167],[152.34357,-32.6358],[152.34862,-32.63],[152.34937,-32.62503],[152.34937,-32.6]],[[152.3188,-32.62837],[152.3187,-32.62817],[152.31898,-32.62839],[152.31893,-32.62846],[152.3188,-32.62837]],[[152.33009,-32.61791],[152.33,-32.61786],[152.32999,-32.61772],[152.33014,-32.61762],[152.3301,-32.61753],[152.3295,-32.6173],[152.32937,-32.61715],[152.32973,-32.6167],[152.3301,-32.61656],[152.33023,-32.61666],[152.33007,-32.6169],[152.33028,-32.61682],[152.33035,-32.61688],[152.33053,-32.61781],[152.33083,-32.61792],[152.33086,-32.61804],[152.33066,-32.6184],[152.3305,-32.61851],[152.33051,-32.61821],[152.33067,-32.61819],[152.33072,-32.61808],[152.33041,-32.61809],[152.33022,-32.61789],[152.33009,-32.61791]],[[152.31741,-32.62784],[152.31709,-32.62803],[152.31745,-32.62813],[152.31781,-32.6289],[152.31777,-32.62896],[152.31736,-32.62885],[152.3173,-32.62896],[152.3179,-32.62956],[152.31808,-32.63034],[152.31772,-32.63072],[152.31706,-32.63054],[152.31693,-32.63066],[152.31677,-32.63068],[152.31658,-32.63056],[152.31631,-32.63053],[152.31619,-32.63035],[152.31628,-32.62973],[152.3164,-32.62966],[152.31662,-32.62922],[152.31618,-32.62936],[152.31598,-32.62892],[152.31642,-32.62861],[152.31665,-32.62835],[152.31598,-32.6286],[152.31595,-32.62837],[152.31603,-32.62829],[152.3161,-32.62833],[152.31623,-32.62814],[152.31679,-32.62784],[152.317,-32.62764],[152.31723,-32.62778],[152.31743,-32.62772],[152.31741,-32.62784]]]}},{"type":"Feature","properties":{"name":"Meads Bay Sanctuary Zone","park":"Batemans","zone":"Sanctuary Zone","spear":"no","kind":"mpa","note":"No-take zone: no spearfishing."},"geometry":{"type":"Polygon","coordinates":[[[150.05373,-36.3838],[150.05317,-36.38298],[150.05293,-36.38294],[150.05199,-36.38238],[150.05099,-36.38224],[150.05089,-36.38202],[150.04978,-36.38287],[150.04972,-36.38315],[150.05008,-36.38342],[150.04998,-36.38373],[150.04978,-36.38382],[150.04907,-36.38368],[150.04835,-36.38368],[150.04779,-36.38392],[150.04741,-36.38439],[150.04727,-36.38497],[150.04665,-36.38644],[150.04674,-36.38693],[150.04691,-36.38732],[150.04737,-36.388],[150.04771,-36.38976],[150.04816,-36.39007],[150.05012,-36.39024],[150.05069,-36.38996],[150.05081,-36.38974],[150.05083,-36.38917],[150.05113,-36.38792],[150.05094,-36.38729],[150.05094,-36.38708],[150.0511,-36.38677],[150.05137,-36.38659],[150.05233,-36.387],[150.05396,-36.38861],[150.05441,-36.38987],[150.05426,-36.39073],[150.05567,-36.39072],[150.05606,-36.39063],[150.05621,-36.39032],[150.05573,-36.38947],[150.05578,-36.38924],[150.05599,-36.38909],[150.05621,-36.38905],[150.05683,-36.38925],[150.05709,-36.38923],[150.05736,-36.38882],[150.05648,-36.38769],[150.05649,-36.38732],[150.05575,-36.38693],[150.05548,-36.38671],[150.05514,-36.38623],[150.05499,-36.38578],[150.05516,-36.38507],[150.05512,-36.38484],[150.0548,-36.38454],[150.05409,-36.38446],[150.05373,-36.3838]],[[150.04834,-36.38977],[150.047,-36.38599],[150.04729,-36.38526],[150.04761,-36.38534],[150.04732,-36.38608],[150.04857,-36.38946],[150.04985,-36.38985],[150.05054,-36.38684],[150.05075,-36.38635],[150.05141,-36.38619],[150.05088,-36.38685],[150.05094,-36.38769],[150.05048,-36.38996],[150.04979,-36.39012],[150.04834,-36.38977]]]}},{"type":"Feature","properties":{"name":"Special Purpose Zone 2 (Wooli Wooli River Oyster Aquaculture)","park":"Solitary Islands","zone":"Special Purpose Zone","spear":"check","kind":"mpa","note":"Zone has its own rules."},"geometry":{"type":"Polygon","coordinates":[[[153.26217,-29.85497],[153.26195,-29.85503],[153.26219,-29.85601],[153.26229,-29.85601],[153.26217,-29.85497]]]}},{"type":"Feature","properties":{"name":"Currambene Creek Mudflats Sanctuary Zone","park":"Jervis Bay","zone":"Sanctuary Zone","spear":"no","kind":"mpa","note":"No-take zone: no spearfishing."},"geometry":{"type":"Polygon","coordinates":[[[150.67085,-35.03361],[150.67248,-35.03063],[150.67298,-35.02845],[150.6715,-35.02703],[150.66845,-35.02608],[150.66826,-35.0262],[150.66827,-35.02627],[150.66922,-35.02737],[150.66971,-35.0278],[150.66992,-35.02815],[150.67025,-35.02901],[150.6703,-35.02998],[150.66978,-35.03157],[150.6691,-35.03275],[150.66905,-35.03315],[150.66882,-35.03361],[150.67085,-35.03361]]]}},{"type":"Feature","properties":{"name":"Fiona Beach Habitat Protection Zone","park":"Port Stephens - Great Lakes","zone":"Habitat Protection Zone (Restrictions Apply)","spear":"check","kind":"mpa","note":"Zone has its own rules."},"geometry":{"type":"Polygon","coordinates":[[[152.49025,-32.45914],[152.49025,-32.45818],[152.48744,-32.45884],[152.48558,-32.45942],[152.48293,-32.45987],[152.4822,-32.46023],[152.48162,-32.46025],[152.48066,-32.46067],[152.47935,-32.46079],[152.478,-32.46145],[152.47522,-32.46228],[152.4741,-32.46243],[152.47215,-32.46336],[152.46989,-32.46382],[152.4686,-32.46434],[152.46748,-32.46451],[152.46619,-32.46516],[152.46494,-32.46544],[152.46431,-32.46549],[152.46243,-32.4663],[152.46065,-32.46689],[152.46028,-32.46695],[152.45988,-32.4669],[152.4594,-32.46704],[152.45874,-32.46754],[152.45649,-32.46804],[152.45459,-32.46872],[152.45368,-32.46896],[152.45256,-32.46954],[152.45136,-32.46966],[152.45088,-32.46999],[152.45007,-32.47031],[152.44858,-32.47072],[152.44654,-32.47153],[152.44531,-32.47193],[152.44403,-32.47246],[152.44297,-32.47304],[152.44153,-32.47358],[152.44078,-32.47375],[152.43871,-32.47474],[152.43692,-32.47534],[152.43298,-32.47681],[152.43203,-32.47727],[152.43086,-32.47765],[152.42396,-32.48053],[152.42257,-32.48098],[152.41744,-32.4832],[152.41633,-32.48375],[152.41504,-32.48427],[152.40981,-32.48721],[152.40937,-32.48751],[152.4092,-32.48796],[152.4098,-32.48871],[152.41007,-32.48847],[152.41033,-32.48801],[152.41557,-32.48506],[152.41795,-32.48399],[152.423,-32.48181],[152.42439,-32.48135],[152.43129,-32.47848],[152.43249,-32.47809],[152.43345,-32.47762],[152.43736,-32.47616],[152.43917,-32.47555],[152.44118,-32.47459],[152.44189,-32.47443],[152.44345,-32.47384],[152.44455,-32.47325],[152.44563,-32.4728],[152.44895,-32.47157],[152.45052,-32.47113],[152.45141,-32.47077],[152.45173,-32.47054],[152.45292,-32.47039],[152.45417,-32.46977],[152.45688,-32.46888],[152.4591,-32.46839],[152.45994,-32.46784],[152.46046,-32.46784],[152.46151,-32.4676],[152.46289,-32.46711],[152.46468,-32.46635],[152.46513,-32.46633],[152.46651,-32.46602],[152.4678,-32.4654],[152.46896,-32.46519],[152.47023,-32.46468],[152.47251,-32.46421],[152.47441,-32.4633],[152.47553,-32.46314],[152.47836,-32.4623],[152.47962,-32.46167],[152.48093,-32.46154],[152.48191,-32.46114],[152.48261,-32.46106],[152.48329,-32.46076],[152.48588,-32.46028],[152.48769,-32.45972],[152.49025,-32.45914]]]}},{"type":"Feature","properties":{"name":"Zenith Beach Sanctuary Zone","park":"Port Stephens - Great Lakes","zone":"Sanctuary Zone","spear":"no","kind":"mpa","note":"No-take zone: no spearfishing."},"geometry":{"type":"Polygon","coordinates":[[[152.18457,-32.72727],[152.18827,-32.71987],[152.18549,-32.71869],[152.18519,-32.71921],[152.1852,-32.71948],[152.18488,-32.72014],[152.18469,-32.72073],[152.18463,-32.72129],[152.18435,-32.7219],[152.18454,-32.72223],[152.18487,-32.72246],[152.1849,-32.72259],[152.18503,-32.72268],[152.18503,-32.72283],[152.18491,-32.72302],[152.18474,-32.72291],[152.1844,-32.72293],[152.18421,-32.72308],[152.18412,-32.72301],[152.18402,-32.7231],[152.18389,-32.72358],[152.18412,-32.72395],[152.18399,-32.72436],[152.18404,-32.72448],[152.18392,-32.72463],[152.1837,-32.72469],[152.18375,-32.72478],[152.18369,-32.72486],[152.18354,-32.72486],[152.18368,-32.72497],[152.18324,-32.72507],[152.18306,-32.72605],[152.18318,-32.72669],[152.18337,-32.72666],[152.18355,-32.72678],[152.18393,-32.72681],[152.18395,-32.72691],[152.18411,-32.72689],[152.1843,-32.72712],[152.18452,-32.7271],[152.18457,-32.72727]]]}},{"type":"Feature","properties":{"name":"Split Solitary Island Sanctuary Zone","park":"Solitary Islands","zone":"Sanctuary Zone","spear":"no","kind":"mpa","note":"No-take zone: no spearfishing."},"geometry":{"type":"Polygon","coordinates":[[[153.17993,-30.23991],[153.17884,-30.23836],[153.17842,-30.2386],[153.17794,-30.23912],[153.17753,-30.24014],[153.17739,-30.24084],[153.17753,-30.24153],[153.17775,-30.24192],[153.17839,-30.24265],[153.17908,-30.24312],[153.18022,-30.24338],[153.18094,-30.24332],[153.18137,-30.24313],[153.18206,-30.24267],[153.18089,-30.24111],[153.18059,-30.24054],[153.18074,-30.24111],[153.18052,-30.24125],[153.18059,-30.24143],[153.18042,-30.2416],[153.18003,-30.24117],[153.17986,-30.24118],[153.17976,-30.24099],[153.17983,-30.24129],[153.17977,-30.24146],[153.17964,-30.24136],[153.17967,-30.24125],[153.17922,-30.24087],[153.17951,-30.24045],[153.17946,-30.24007],[153.1796,-30.24],[153.17984,-30.24003],[153.17981,-30.2399],[153.17993,-30.23991]],[[153.18,-30.24133],[153.18003,-30.24138],[153.17997,-30.24142],[153.18,-30.24133]],[[153.18097,-30.24118],[153.18098,-30.24133],[153.1808,-30.2412],[153.18097,-30.24118]]]}},{"type":"Feature","properties":{"name":"Fly Point - Corrie Island Sanctuary Zone","park":"Port Stephens - Great Lakes","zone":"Sanctuary Zone","spear":"no","kind":"mpa","note":"No-take zone: no spearfishing."},"geometry":{"type":"Polygon","coordinates":[[[152.14945,-32.6956],[152.1229,-32.6956],[152.12593,-32.70455],[152.15754,-32.70332],[152.15761,-32.70339],[152.14945,-32.6956]]]}},{"type":"Feature","properties":{"name":"Towra Point Aquatic Reserve (Sanctuary)","park":"Towra Point","zone":"Aquatic Reserve (Sanctuary)","spear":"no","kind":"mpa","note":"No-take zone: no spearfishing."},"geometry":{"type":"Polygon","coordinates":[[[151.14273,-34.01376],[151.14296,-34.01372],[151.14346,-34.01384],[151.14398,-34.01378],[151.14453,-34.0139],[151.14583,-34.01385],[151.14704,-34.01397],[151.14876,-34.01361],[151.14914,-34.01362],[151.1494,-34.01383],[151.14947,-34.01412],[151.14929,-34.01529],[151.14898,-34.016],[151.14905,-34.01609],[151.14935,-34.01615],[151.14946,-34.0161],[151.14969,-34.01571],[151.15003,-34.01551],[151.15014,-34.01469],[151.15036,-34.01415],[151.15074,-34.01387],[151.1531,-34.01363],[151.15413,-34.01342],[151.15639,-34.01346],[151.15717,-34.01334],[151.15759,-34.01306],[151.15792,-34.0126],[151.15801,-34.01233],[151.15786,-34.01194],[151.15799,-34.01167],[151.15867,-34.01128],[151.15926,-34.01127],[151.15983,-34.01114],[151.16046,-34.01075],[151.16079,-34.00973],[151.16188,-34.00839],[151.16304,-34.00724],[151.16354,-34.00648],[151.16371,-34.00551],[151.16369,-34.00496],[151.16387,-34.00382],[151.16445,-34.00368],[151.16472,-34.00384],[151.16495,-34.00385],[151.16566,-34.00287],[151.16568,-34.00275],[151.16552,-34.00263],[151.16468,-34.00263],[151.1645,-34.00291],[151.16443,-34.00334],[151.16414,-34.00336],[151.16397,-34.00309],[151.16371,-34.00302],[151.16384,-34.00328],[151.1638,-34.00343],[151.16312,-34.00303],[151.163,-34.00303],[151.16269,-34.00329],[151.16289,-34.0035],[151.16247,-34.0039],[151.1622,-34.00402],[151.162,-34.00397],[151.16184,-34.00382],[151.16201,-34.00335],[151.16167,-34.00326],[151.1614,-34.00348],[151.16062,-34.00374],[151.16033,-34.00425],[151.15993,-34.00443],[151.1598,-34.00485],[151.15969,-34.00492],[151.15825,-34.00469],[151.15783,-34.00474],[151.15753,-34.00496],[151.15689,-34.00522],[151.1572,-34.00592],[151.1572,-34.00615],[151.15711,-34.00635],[151.15689,-34.00632],[151.15658,-34.0061],[151.15621,-34.00641],[151.1559,-34.00646],[151.15559,-34.00596],[151.14273,-34.01376]]]}},{"type":"Feature","properties":{"name":"Hare Bay Sanctuary Zone","park":"Jervis Bay","zone":"Sanctuary Zone","spear":"no","kind":"mpa","note":"No-take zone: no spearfishing."},"geometry":{"type":"Polygon","coordinates":[[[150.76913,-35.01333],[150.76935,-35.01336],[150.77002,-35.01368],[150.7707,-35.01382],[150.77164,-35.01333],[150.77389,-35.0128],[150.77555,-35.0119],[150.77605,-35.01187],[150.77615,-35.01176],[150.7772,-35.00987],[150.77764,-35.00885],[150.77777,-35.00703],[150.77763,-35.00666],[150.77772,-35.00654],[150.77812,-35.00643],[150.77808,-35.00581],[150.77814,-35.00556],[150.77862,-35.00435],[150.77878,-35.00368],[150.77871,-35.00276],[150.77878,-35.00246],[150.77922,-35.00187],[150.77933,-35.00155],[150.7797,-35.00144],[150.77975,-35.00066],[150.77992,-35.0004],[150.77989,-34.99911],[150.7807,-34.99838],[150.7822,-34.99808],[150.78296,-34.99778],[150.78443,-34.99752],[150.78528,-34.99714],[150.78599,-34.99664],[150.78611,-34.99638],[150.78618,-34.99586],[150.78641,-34.99539],[150.78644,-34.99474],[150.78636,-34.9944],[150.78678,-34.99348],[150.78669,-34.99294],[150.78633,-34.99259],[150.78448,-34.99164],[150.78348,-34.9914],[150.78213,-34.99177],[150.78008,-34.99189],[150.7781,-34.99219],[150.77667,-34.99231],[150.77619,-34.99227],[150.7746,-34.99186],[150.77354,-34.99189],[150.77255,-34.9916],[150.77206,-34.99124],[150.77165,-34.99038],[150.77164,-34.98903],[150.77133,-34.9883],[150.77125,-34.98787],[150.77087,-34.98753],[150.76996,-34.98709],[150.76957,-34.9868],[150.76954,-34.98647],[150.76983,-34.98596],[150.76968,-34.98593],[150.76942,-34.98638],[150.76943,-34.98678],[150.76976,-34.98715],[150.77078,-34.98758],[150.77112,-34.98788],[150.77123,-34.98838],[150.77151,-34.98888],[150.77153,-34.9892],[150.77137,-34.98958],[150.77153,-34.99073],[150.77188,-34.99135],[150.77223,-34.99171],[150.77267,-34.99193],[150.77362,-34.99214],[150.77485,-34.99214],[150.77568,-34.99253],[150.77641,-34.9927],[150.77708,-34.99275],[150.77866,-34.99269],[150.78118,-34.99217],[150.78216,-34.99213],[150.78334,-34.99197],[150.78472,-34.99251],[150.78495,-34.99286],[150.78518,-34.99303],[150.78512,-34.99322],[150.78518,-34.99397],[150.78437,-34.9955],[150.78424,-34.99563],[150.78365,-34.99596],[150.78158,-34.99636],[150.77997,-34.99711],[150.77932,-34.99756],[150.77891,-34.99815],[150.77867,-34.99874],[150.77845,-34.99965],[150.778,-35.00017],[150.77765,-35.0004],[150.7758,-35.0005],[150.77502,-35.00076],[150.77469,-35.00107],[150.77459,-35.00128],[150.77408,-35.00157],[150.77228,-35.00009],[150.7698,-34.99844],[150.76589,-34.99484],[150.76479,-34.99413],[150.76264,-34.99304],[150.76036,-34.99213],[150.75863,-34.99169],[150.75644,-34.99128],[150.7527,-34.99072],[150.75206,-34.99066],[150.75124,-34.99078],[150.75168,-34.9913],[150.75186,-34.99178],[150.75187,-34.99228],[150.75157,-34.99299],[150.75094,-34.99354],[150.7504,-34.99376],[150.7498,-34.99386],[150.74919,-34.99381],[150.74917,-35.02833],[150.76361,-35.02833],[150.76361,-35.01333],[150.76913,-35.01333]]]}},{"type":"Feature","properties":{"name":"Blacks Cave Creek Sanctuary Zone","park":"Jervis Bay","zone":"Sanctuary Zone","spear":"no","kind":"mpa","note":"No-take zone: no spearfishing."},"geometry":{"type":"Polygon","coordinates":[[[150.82008,-35.01944],[150.81991,-35.01944],[150.8199,-35.01955],[150.82004,-35.01986],[150.82071,-35.0201],[150.8214,-35.02066],[150.82113,-35.02025],[150.82081,-35.02004],[150.82023,-35.01987],[150.82006,-35.01962],[150.82008,-35.01944]]]}},{"type":"Feature","properties":{"name":"Huskisson Sanctuary Zone","park":"Jervis Bay","zone":"Sanctuary Zone","spear":"no","kind":"mpa","note":"No-take zone: no spearfishing."},"geometry":{"type":"Polygon","coordinates":[[[150.67691,-35.04407],[150.67861,-35.04556],[150.69222,-35.04111],[150.69222,-35.02944],[150.68111,-35.02944],[150.6725,-35.03753],[150.67269,-35.03746],[150.67288,-35.03758],[150.67305,-35.03758],[150.67327,-35.03784],[150.6733,-35.03807],[150.6739,-35.03812],[150.67456,-35.03835],[150.67501,-35.03864],[150.67535,-35.03901],[150.67562,-35.03955],[150.67567,-35.04014],[150.6755,-35.04071],[150.67505,-35.04128],[150.67545,-35.04144],[150.67592,-35.0419],[150.67708,-35.04273],[150.6771,-35.04295],[150.67699,-35.04304],[150.67693,-35.04327],[150.67691,-35.04407]]]}},{"type":"Feature","properties":{"name":"Pelican Inlet Sanctuary Zone","park":"Batemans","zone":"Sanctuary Zone","spear":"no","kind":"mpa","note":"No-take zone: no spearfishing."},"geometry":{"type":"MultiPolygon","coordinates":[[[[150.1612,-35.69951],[150.15889,-35.69962],[150.15886,-35.69984],[150.15696,-35.6997],[150.15438,-35.69982],[150.15425,-35.69988],[150.1541,-35.69983],[150.15156,-35.69994],[150.1524,-35.70065],[150.1522,-35.70078],[150.15097,-35.69997],[150.15057,-35.69999],[150.15093,-35.70011],[150.15171,-35.70056],[150.14971,-35.70003],[150.14905,-35.70005],[150.14925,-35.7001],[150.1494,-35.70024],[150.14949,-35.70086],[150.14984,-35.70112],[150.15017,-35.70121],[150.15039,-35.70119],[150.15137,-35.70087],[150.15181,-35.70101],[150.15224,-35.70195],[150.15278,-35.70347],[150.15302,-35.70382],[150.15288,-35.7041],[150.15265,-35.70418],[150.15232,-35.70421],[150.15186,-35.7041],[150.15146,-35.70417],[150.15111,-35.70455],[150.15115,-35.70505],[150.15127,-35.70536],[150.15168,-35.70594],[150.15246,-35.70736],[150.15269,-35.70756],[150.15361,-35.70797],[150.15373,-35.70811],[150.15425,-35.70942],[150.1542,-35.70986],[150.15357,-35.71069],[150.15287,-35.71186],[150.15273,-35.7123],[150.15262,-35.7135],[150.15246,-35.71375],[150.15241,-35.71415],[150.1526,-35.71412],[150.15299,-35.71386],[150.15351,-35.71317],[150.15386,-35.7124],[150.15418,-35.71202],[150.15438,-35.71189],[150.1555,-35.71153],[150.15641,-35.71087],[150.15652,-35.71068],[150.15666,-35.70999],[150.15686,-35.70968],[150.15808,-35.70914],[150.15956,-35.70829],[150.16106,-35.70717],[150.16143,-35.70673],[150.16153,-35.70613],[150.16134,-35.70565],[150.1605,-35.7051],[150.16004,-35.7046],[150.15998,-35.7043],[150.16037,-35.70365],[150.16084,-35.7032],[150.16178,-35.70295],[150.16225,-35.70269],[150.16279,-35.70201],[150.16288,-35.70184],[150.16287,-35.70158],[150.16279,-35.70137],[150.16258,-35.70118],[150.16224,-35.70104],[150.16101,-35.70089],[150.16091,-35.7016],[150.16014,-35.70145],[150.16014,-35.70094],[150.16041,-35.70002],[150.1612,-35.69951]],[[150.15926,-35.70074],[150.15956,-35.70018],[150.15979,-35.70019],[150.15957,-35.70077],[150.15926,-35.70074]],[[150.15914,-35.7008],[150.15954,-35.70085],[150.1594,-35.70137],[150.15942,-35.70143],[150.15971,-35.70143],[150.15973,-35.70225],[150.15938,-35.703],[150.15913,-35.70294],[150.15784,-35.70326],[150.15777,-35.70255],[150.15829,-35.70226],[150.15905,-35.70136],[150.15914,-35.7008]],[[150.16017,-35.70163],[150.16065,-35.70164],[150.16044,-35.70251],[150.15995,-35.70315],[150.15982,-35.70313],[150.16017,-35.70163]],[[150.15997,-35.70318],[150.16058,-35.70326],[150.15998,-35.70383],[150.15962,-35.70449],[150.15977,-35.70477],[150.15899,-35.70463],[150.15923,-35.70311],[150.15997,-35.70318]],[[150.15903,-35.70329],[150.15894,-35.70336],[150.15887,-35.70462],[150.15863,-35.70458],[150.1587,-35.70336],[150.15859,-35.70317],[150.15905,-35.70306],[150.15903,-35.70329]],[[150.15334,-35.70162],[150.15312,-35.70172],[150.15261,-35.70103],[150.15286,-35.70091],[150.15334,-35.70162]],[[150.1571,-35.70726],[150.1581,-35.70668],[150.15827,-35.70683],[150.15731,-35.70735],[150.1571,-35.70726]]],[[[150.16183,-35.69949],[150.16189,-35.69948],[150.16179,-35.69949],[150.16183,-35.69949]],[[150.1614,-35.69966],[150.16153,-35.6996],[150.16136,-35.69968],[150.1614,-35.69966]]],[[[150.16036,-35.7005],[150.16043,-35.70029],[150.16074,-35.70002],[150.16048,-35.70016],[150.16029,-35.70049],[150.16036,-35.7005]]]]}},{"type":"Feature","properties":{"name":"Cabbage Tree Bay Aquatic Reserve (Sanctuary)","park":"Cabbage Tree Bay","zone":"Aquatic Reserve (Sanctuary)","spear":"no","kind":"mpa","note":"No-take zone: no spearfishing."},"geometry":{"type":"Polygon","coordinates":[[[151.29201,-33.79809],[151.29135,-33.79818],[151.29079,-33.79854],[151.29083,-33.79935],[151.29115,-33.79933],[151.29167,-33.79913],[151.29181,-33.799],[151.29203,-33.79902],[151.29218,-33.79912],[151.29318,-33.80041],[151.294,-33.80088],[151.29445,-33.80088],[151.29512,-33.80074],[151.29617,-33.80071],[151.29706,-33.80087],[151.29741,-33.80085],[151.29768,-33.80061],[151.29775,-33.80028],[151.29758,-33.80007],[151.29722,-33.7999],[151.29708,-33.79973],[151.29709,-33.79945],[151.29725,-33.79923],[151.29789,-33.79918],[151.29861,-33.79939],[151.29906,-33.79988],[151.29928,-33.79997],[151.29947,-33.79996],[151.30041,-33.79946],[151.30014,-33.79924],[151.29975,-33.79909],[151.29917,-33.79862],[151.29813,-33.7983],[151.29201,-33.79809]]]}},{"type":"Feature","properties":{"name":"Waterfall Creek Sanctuary Zone","park":"Batemans","zone":"Sanctuary Zone","spear":"no","kind":"mpa","note":"No-take zone: no spearfishing."},"geometry":{"type":"MultiPolygon","coordinates":[[[[150.13848,-35.71652],[150.13885,-35.71634],[150.13913,-35.71592],[150.13971,-35.71538],[150.13959,-35.71502],[150.13916,-35.71469],[150.13908,-35.71455],[150.13873,-35.71346],[150.13811,-35.71218],[150.13812,-35.71198],[150.13778,-35.7119],[150.13775,-35.71224],[150.13831,-35.71358],[150.13752,-35.71381],[150.13688,-35.7124],[150.13691,-35.71167],[150.13633,-35.71153],[150.13593,-35.71163],[150.1358,-35.71139],[150.13524,-35.71125],[150.1354,-35.71141],[150.13553,-35.71192],[150.13591,-35.71271],[150.1362,-35.71307],[150.13659,-35.71348],[150.13711,-35.71334],[150.13784,-35.71494],[150.13719,-35.71505],[150.13796,-35.71506],[150.13823,-35.7163],[150.13726,-35.71636],[150.13726,-35.71642],[150.13824,-35.71637],[150.13843,-35.71722],[150.13747,-35.71729],[150.13751,-35.71742],[150.13843,-35.71728],[150.13865,-35.71815],[150.13836,-35.71943],[150.1376,-35.71932],[150.13773,-35.71818],[150.13693,-35.71813],[150.13673,-35.7183],[150.13637,-35.7184],[150.13621,-35.71853],[150.13593,-35.71918],[150.136,-35.72028],[150.13608,-35.72084],[150.1364,-35.72134],[150.13659,-35.72189],[150.13655,-35.72244],[150.1363,-35.72259],[150.13564,-35.7225],[150.13497,-35.72337],[150.13425,-35.72342],[150.13409,-35.72362],[150.13412,-35.7242],[150.1344,-35.72477],[150.13447,-35.72521],[150.13445,-35.72543],[150.13426,-35.72577],[150.13428,-35.72591],[150.13442,-35.72602],[150.13521,-35.726],[150.1354,-35.72628],[150.13539,-35.72678],[150.13513,-35.72717],[150.13499,-35.72794],[150.13487,-35.7281],[150.13443,-35.72842],[150.13433,-35.72866],[150.13436,-35.72881],[150.13457,-35.72906],[150.13464,-35.72937],[150.13434,-35.72969],[150.13423,-35.72992],[150.13433,-35.73007],[150.13488,-35.73012],[150.13543,-35.73078],[150.13542,-35.73144],[150.13513,-35.73204],[150.13487,-35.73224],[150.13481,-35.7324],[150.13498,-35.73252],[150.13553,-35.73255],[150.13592,-35.7327],[150.13714,-35.73394],[150.13717,-35.73425],[150.13663,-35.73467],[150.13646,-35.73491],[150.13646,-35.73513],[150.13666,-35.7358],[150.13626,-35.73739],[150.13625,-35.73784],[150.13639,-35.73796],[150.13693,-35.73771],[150.13715,-35.73712],[150.13724,-35.73627],[150.13756,-35.73572],[150.13797,-35.73555],[150.13843,-35.73563],[150.13861,-35.7358],[150.13874,-35.73642],[150.13891,-35.7367],[150.13997,-35.73711],[150.14062,-35.7379],[150.14067,-35.7382],[150.1405,-35.73878],[150.13996,-35.73915],[150.13974,-35.73981],[150.1405,-35.7397],[150.14106,-35.73985],[150.14168,-35.74051],[150.14226,-35.74052],[150.14263,-35.74063],[150.14299,-35.74102],[150.14304,-35.74125],[150.14289,-35.74177],[150.14241,-35.74259],[150.14207,-35.74298],[150.14156,-35.74332],[150.14086,-35.74401],[150.14058,-35.74444],[150.14035,-35.74509],[150.14053,-35.74571],[150.14076,-35.74608],[150.14139,-35.74649],[150.14181,-35.74696],[150.143,-35.74776],[150.14343,-35.74793],[150.14362,-35.7482],[150.14385,-35.74895],[150.14388,-35.7492],[150.14341,-35.74989],[150.14343,-35.75039],[150.14329,-35.75072],[150.14293,-35.75077],[150.14159,-35.75027],[150.14125,-35.7504],[150.14329,-35.75094],[150.14343,-35.75069],[150.14362,-35.75061],[150.14354,-35.75022],[150.14371,-35.74969],[150.14401,-35.74928],[150.14407,-35.74892],[150.14365,-35.74785],[150.14202,-35.74691],[150.14119,-35.74616],[150.14056,-35.74542],[150.14056,-35.745],[150.141,-35.74417],[150.14153,-35.74356],[150.14317,-35.74205],[150.14365,-35.74106],[150.14362,-35.74083],[150.14342,-35.74026],[150.14285,-35.73987],[150.1426,-35.73903],[150.14236,-35.73859],[150.14042,-35.73644],[150.14034,-35.73606],[150.14045,-35.7353],[150.14034,-35.73514],[150.13989,-35.7348],[150.13923,-35.73352],[150.13929,-35.73314],[150.13971,-35.73282],[150.13965,-35.73253],[150.1394,-35.73238],[150.13834,-35.73295],[150.13816,-35.73297],[150.13799,-35.73287],[150.13784,-35.73239],[150.13748,-35.73182],[150.1374,-35.73142],[150.13751,-35.73113],[150.13782,-35.73085],[150.13717,-35.73041],[150.137,-35.73008],[150.13694,-35.72911],[150.13659,-35.72841],[150.13672,-35.72769],[150.13702,-35.72741],[150.13743,-35.72724],[150.13777,-35.72716],[150.13806,-35.72724],[150.13932,-35.72798],[150.14009,-35.72822],[150.14151,-35.72963],[150.14171,-35.72973],[150.14263,-35.72971],[150.14339,-35.72993],[150.14374,-35.73019],[150.14372,-35.73082],[150.14356,-35.73161],[150.14383,-35.73235],[150.1442,-35.73282],[150.14521,-35.73352],[150.14708,-35.73353],[150.14766,-35.7337],[150.14813,-35.734],[150.14873,-35.73453],[150.14968,-35.73502],[150.15006,-35.73531],[150.15044,-35.73607],[150.1505,-35.7368],[150.15004,-35.73732],[150.14983,-35.73848],[150.14986,-35.73882],[150.14998,-35.73917],[150.15029,-35.73964],[150.15108,-35.73986],[150.15146,-35.74011],[150.15184,-35.74066],[150.15202,-35.74189],[150.15217,-35.74185],[150.15201,-35.7408],[150.15168,-35.74017],[150.15116,-35.73976],[150.1504,-35.73953],[150.15018,-35.73929],[150.15001,-35.7389],[150.14996,-35.73851],[150.15012,-35.73749],[150.1502,-35.73728],[150.15028,-35.7373],[150.15068,-35.73678],[150.15044,-35.73552],[150.14898,-35.73416],[150.14782,-35.73345],[150.14734,-35.73331],[150.14682,-35.73328],[150.14612,-35.733],[150.14577,-35.73273],[150.14587,-35.73269],[150.14574,-35.73257],[150.14486,-35.7323],[150.14458,-35.73212],[150.14436,-35.7317],[150.14432,-35.73114],[150.14484,-35.7302],[150.14486,-35.73002],[150.1443,-35.72943],[150.14229,-35.7285],[150.14172,-35.7281],[150.14128,-35.72752],[150.14001,-35.72729],[150.1392,-35.72707],[150.13738,-35.72598],[150.137,-35.7253],[150.13689,-35.72487],[150.13697,-35.72464],[150.13715,-35.72456],[150.138,-35.72446],[150.1384,-35.72426],[150.13864,-35.72405],[150.13906,-35.72343],[150.13976,-35.72294],[150.1398,-35.72278],[150.13971,-35.72239],[150.13935,-35.72192],[150.13937,-35.72205],[150.13858,-35.7219],[150.13866,-35.72094],[150.13895,-35.72075],[150.13916,-35.71963],[150.13914,-35.71908],[150.13888,-35.71827],[150.13879,-35.71726],[150.13848,-35.71652]],[[150.13647,-35.71237],[150.13615,-35.71162],[150.13631,-35.71159],[150.13663,-35.71232],[150.13647,-35.71237]],[[150.13602,-35.72784],[150.13627,-35.7267],[150.13652,-35.72675],[150.13633,-35.72787],[150.13602,-35.72784]],[[150.13846,-35.71366],[150.13866,-35.71363],[150.13924,-35.71545],[150.13904,-35.71547],[150.13846,-35.71366]],[[150.13725,-35.72309],[150.13693,-35.72285],[150.13762,-35.72205],[150.13808,-35.72227],[150.13725,-35.72309]],[[150.13521,-35.72445],[150.13544,-35.7255],[150.13518,-35.7255],[150.13484,-35.72445],[150.13538,-35.72363],[150.13558,-35.72369],[150.13521,-35.72445]],[[150.13746,-35.72126],[150.13738,-35.72126],[150.1376,-35.71937],[150.13815,-35.71943],[150.13746,-35.72126]],[[150.13574,-35.72543],[150.13679,-35.72615],[150.13654,-35.72651],[150.13585,-35.72648],[150.13574,-35.72543]],[[150.13616,-35.72333],[150.13664,-35.72344],[150.13637,-35.72377],[150.13639,-35.72462],[150.13612,-35.72469],[150.13637,-35.7254],[150.13569,-35.72505],[150.13548,-35.72425],[150.13616,-35.72333]],[[150.13865,-35.71904],[150.13905,-35.71897],[150.13815,-35.72214],[150.13763,-35.72201],[150.13865,-35.71904]],[[150.13865,-35.71576],[150.1383,-35.71579],[150.13806,-35.71499],[150.13757,-35.71391],[150.13792,-35.71382],[150.13791,-35.71373],[150.13839,-35.71365],[150.13889,-35.71515],[150.1389,-35.71579],[150.13865,-35.71576]]],[[[150.13681,-35.71606],[150.13681,-35.71557],[150.1367,-35.7159],[150.13646,-35.71619],[150.13645,-35.71635],[150.13663,-35.71707],[150.13695,-35.71763],[150.13681,-35.71606]]],[[[150.13879,-35.71726],[150.1395,-35.71738],[150.13908,-35.71686],[150.13922,-35.71717],[150.13879,-35.71726]]],[[[150.1398,-35.71856],[150.13961,-35.71831],[150.13998,-35.71906],[150.1398,-35.71856]]],[[[150.13949,-35.72118],[150.13965,-35.72095],[150.13969,-35.72071],[150.13949,-35.72118]]],[[[150.13992,-35.7196],[150.13999,-35.71909],[150.13988,-35.71967],[150.13992,-35.7196]]]]}},{"type":"Feature","properties":{"name":"Myall Lake Number 3 Sanctuary Zone","park":"Port Stephens - Great Lakes","zone":"Sanctuary Zone","spear":"no","kind":"mpa","note":"No-take zone: no spearfishing."},"geometry":{"type":"Polygon","coordinates":[[[152.37964,-32.41203],[152.37991,-32.41154],[152.38002,-32.41065],[152.37983,-32.4097],[152.37976,-32.4089],[152.37986,-32.40791],[152.38049,-32.40689],[152.38077,-32.40654],[152.381,-32.4064],[152.38149,-32.4064],[152.38183,-32.40623],[152.38205,-32.40624],[152.38323,-32.40668],[152.38373,-32.4076],[152.38423,-32.40811],[152.38496,-32.40861],[152.38556,-32.40876],[152.38667,-32.40932],[152.38775,-32.40931],[152.38914,-32.40906],[152.38962,-32.40881],[152.39086,-32.40785],[152.3909,-32.40725],[152.39138,-32.40682],[152.39183,-32.40623],[152.39217,-32.40506],[152.39205,-32.40446],[152.39178,-32.40392],[152.3918,-32.40354],[152.39242,-32.40323],[152.39384,-32.40315],[152.39455,-32.40292],[152.395,-32.40255],[152.39522,-32.4021],[152.39535,-32.40151],[152.39527,-32.40074],[152.39502,-32.39991],[152.39405,-32.39775],[152.3938,-32.39734],[152.39339,-32.39685],[152.39285,-32.39647],[152.39241,-32.39602],[152.39218,-32.3951],[152.39199,-32.39472],[152.39082,-32.39444],[152.38946,-32.39346],[152.38846,-32.39287],[152.38689,-32.39244],[152.38527,-32.39188],[152.38436,-32.39168],[152.38317,-32.3916],[152.38234,-32.39209],[152.38145,-32.3924],[152.38011,-32.39256],[152.3797,-32.3927],[152.37885,-32.39339],[152.37866,-32.39364],[152.37853,-32.39406],[152.37838,-32.39521],[152.37828,-32.3955],[152.37827,-32.39604],[152.37837,-32.39639],[152.37852,-32.39662],[152.37864,-32.39732],[152.37896,-32.39808],[152.37897,-32.39841],[152.3787,-32.39895],[152.37849,-32.39978],[152.37822,-32.40009],[152.37776,-32.40008],[152.37721,-32.39984],[152.37659,-32.3997],[152.37543,-32.39966],[152.37505,-32.40029],[152.37449,-32.4007],[152.37295,-32.40077],[152.37233,-32.40071],[152.37052,-32.40102],[152.36715,-32.40123],[152.36682,-32.40119],[152.36636,-32.40133],[152.36554,-32.40182],[152.36507,-32.40189],[152.36417,-32.40177],[152.36339,-32.40199],[152.36288,-32.40232],[152.36272,-32.40272],[152.36273,-32.4035],[152.36256,-32.40411],[152.36251,-32.40467],[152.36249,-32.40589],[152.36228,-32.40691],[152.36205,-32.40724],[152.36153,-32.4074],[152.3613,-32.40734],[152.3608,-32.40701],[152.36055,-32.40697],[152.36031,-32.40674],[152.35976,-32.40644],[152.35885,-32.40606],[152.35827,-32.40552],[152.35707,-32.40513],[152.35659,-32.40464],[152.35629,-32.40369],[152.35572,-32.40317],[152.3555,-32.40283],[152.3551,-32.40131],[152.35511,-32.40066],[152.35539,-32.40025],[152.35593,-32.39975],[152.35607,-32.39939],[152.35606,-32.39913],[152.35586,-32.39881],[152.35533,-32.39838],[152.35483,-32.39809],[152.35384,-32.3977],[152.35358,-32.39743],[152.35356,-32.39719],[152.35389,-32.39648],[152.35432,-32.39605],[152.35515,-32.39568],[152.35638,-32.39534],[152.35654,-32.39505],[152.35672,-32.39413],[152.35667,-32.39347],[152.35637,-32.39258],[152.35583,-32.39206],[152.35437,-32.39105],[152.35261,-32.39044],[152.35156,-32.39025],[152.34992,-32.39022],[152.34906,-32.39036],[152.34792,-32.39086],[152.34763,-32.39126],[152.34763,-32.39136],[152.34768,-32.39143],[152.34808,-32.39142],[152.34797,-32.39194],[152.34797,-32.39245],[152.34808,-32.39295],[152.34797,-32.39351],[152.34706,-32.39442],[152.34667,-32.39464],[152.34626,-32.39507],[152.34585,-32.39522],[152.34545,-32.39504],[152.34534,-32.39483],[152.34558,-32.39385],[152.34558,-32.39345],[152.34509,-32.39181],[152.34459,-32.39132],[152.34351,-32.39084],[152.34235,-32.39073],[152.33895,-32.39098],[152.33841,-32.39115],[152.33775,-32.39122],[152.33659,-32.39168],[152.33534,-32.39206],[152.33368,-32.39233],[152.33274,-32.39282],[152.33234,-32.39283],[152.33163,-32.39332],[152.33127,-32.39332],[152.33015,-32.394],[152.32979,-32.3944],[152.32973,-32.39481],[152.32958,-32.39509],[152.32918,-32.39534],[152.32876,-32.39546],[152.32863,-32.39597],[152.32843,-32.39633],[152.32808,-32.39675],[152.32768,-32.39691],[152.32738,-32.39718],[152.32698,-32.39803],[152.32685,-32.40005],[152.32738,-32.40164],[152.32775,-32.40216],[152.32818,-32.40259],[152.32883,-32.40291],[152.32926,-32.40329],[152.32992,-32.4047],[152.33015,-32.40546],[152.3302,-32.40613],[152.33053,-32.40689],[152.33046,-32.40711],[152.33028,-32.40726],[152.32976,-32.40746],[152.32955,-32.40764],[152.32954,-32.40813],[152.32919,-32.40874],[152.3291,-32.40935],[152.32926,-32.40983],[152.32998,-32.41118],[152.33025,-32.41194],[152.33028,-32.41437],[152.33009,-32.41492],[152.33005,-32.4153],[152.3302,-32.416],[152.33051,-32.41629],[152.33189,-32.41698],[152.33304,-32.41727],[152.33319,-32.41736],[152.33379,-32.41819],[152.33539,-32.41994],[152.33601,-32.42028],[152.33682,-32.42105],[152.33924,-32.42426],[152.3395,-32.42484],[152.3395,-32.42542],[152.33934,-32.42589],[152.33909,-32.42617],[152.33873,-32.42637],[152.33821,-32.4265],[152.33792,-32.42647],[152.33711,-32.42594],[152.33664,-32.42588],[152.3364,-32.42595],[152.33595,-32.42638],[152.33465,-32.42705],[152.33431,-32.42711],[152.33372,-32.42666],[152.33307,-32.42658],[152.33267,-32.42686],[152.33221,-32.42737],[152.3321,-32.42791],[152.3322,-32.43035],[152.33243,-32.43044],[152.33285,-32.43022],[152.33333,-32.43045],[152.33406,-32.43147],[152.33458,-32.43248],[152.33544,-32.43319],[152.33575,-32.4332],[152.33591,-32.4331],[152.33603,-32.43269],[152.33641,-32.43234],[152.33643,-32.43208],[152.33631,-32.43174],[152.33789,-32.43128],[152.33861,-32.43132],[152.37964,-32.41203]],[[152.35189,-32.40397],[152.35202,-32.40413],[152.3519,-32.40453],[152.35153,-32.40439],[152.35145,-32.40426],[152.35145,-32.40412],[152.35162,-32.40397],[152.35189,-32.40397]],[[152.35862,-32.41007],[152.35878,-32.41019],[152.35892,-32.41076],[152.35967,-32.41175],[152.35962,-32.412],[152.35951,-32.41214],[152.35906,-32.41217],[152.35858,-32.41202],[152.35812,-32.41177],[152.35796,-32.41154],[152.35799,-32.41123],[152.35833,-32.4104],[152.35844,-32.4102],[152.35862,-32.41007]]]}},{"type":"Feature","properties":{"name":"Mill Bay Boat Ramp Special Purpose Zone","park":"Batemans","zone":"Special Purpose Zone","spear":"check","kind":"mpa","note":"Zone has its own rules."},"geometry":{"type":"Polygon","coordinates":[[[150.12103,-36.20856],[150.12103,-36.20907],[150.12523,-36.20907],[150.12523,-36.20752],[150.12474,-36.20752],[150.12474,-36.2079],[150.12455,-36.20816],[150.12431,-36.20838],[150.1239,-36.20851],[150.12317,-36.20867],[150.12243,-36.20862],[150.12181,-36.20876],[150.12162,-36.20876],[150.1216,-36.20862],[150.12103,-36.20856]]]}},{"type":"Feature","properties":{"name":"Hammer Head Sanctuary Zone","park":"Jervis Bay","zone":"Sanctuary Zone","spear":"no","kind":"mpa","note":"No-take zone: no spearfishing."},"geometry":{"type":"Polygon","coordinates":[[[150.78583,-34.97611],[150.78028,-34.97611],[150.78042,-34.97709],[150.78088,-34.97852],[150.7821,-34.98158],[150.78311,-34.98379],[150.78436,-34.98626],[150.78589,-34.9887],[150.78672,-34.98988],[150.78872,-34.99225],[150.79066,-34.99433],[150.7919,-34.99539],[150.79266,-34.99703],[150.79348,-34.99849],[150.7945,-34.99972],[150.80083,-34.99972],[150.80083,-34.98833],[150.79139,-34.98833],[150.79099,-34.98659],[150.78981,-34.98465],[150.7884,-34.98203],[150.78682,-34.97856],[150.78583,-34.97611]]]}},{"type":"Feature","properties":{"name":"Shallow Crossing Habitat Protection Zone","park":"Batemans","zone":"Habitat Protection Zone (Restrictions Apply)","spear":"check","kind":"mpa","note":"Zone has its own rules."},"geometry":{"type":"Polygon","coordinates":[[[150.19987,-35.5403],[150.20036,-35.53994],[150.20217,-35.53947],[150.20288,-35.53895],[150.20417,-35.53825],[150.20459,-35.53782],[150.20514,-35.53751],[150.20546,-35.5372],[150.20643,-35.53571],[150.20645,-35.53526],[150.20602,-35.53444],[150.20561,-35.53406],[150.2049,-35.53365],[150.20445,-35.53349],[150.20401,-35.53347],[150.20319,-35.5338],[150.20281,-35.53405],[150.20254,-35.53412],[150.20159,-35.53355],[150.20132,-35.53296],[150.20089,-35.53235],[150.20061,-35.5315],[150.20021,-35.53068],[150.19999,-35.5296],[150.19939,-35.52814],[150.19937,-35.52442],[150.19987,-35.52273],[150.2002,-35.52191],[150.20065,-35.52119],[150.20097,-35.52093],[150.20102,-35.52076],[150.20072,-35.5206],[150.20072,-35.52051],[150.20104,-35.52034],[150.20163,-35.51982],[150.20228,-35.5199],[150.20292,-35.52021],[150.20311,-35.52038],[150.2032,-35.52079],[150.20332,-35.52087],[150.20422,-35.52082],[150.2053,-35.52059],[150.2058,-35.52034],[150.20589,-35.52015],[150.20593,-35.51944],[150.20579,-35.51877],[150.20545,-35.51791],[150.20443,-35.51442],[150.20448,-35.51297],[150.2042,-35.51221],[150.20351,-35.51112],[150.20316,-35.5104],[150.20274,-35.50933],[150.20271,-35.50887],[150.20289,-35.50822],[150.2035,-35.50732],[150.20621,-35.50508],[150.2068,-35.50419],[150.20754,-35.50366],[150.20826,-35.50343],[150.21034,-35.5031],[150.21129,-35.50315],[150.21328,-35.50353],[150.21396,-35.5038],[150.21421,-35.50379],[150.21426,-35.5037],[150.21391,-35.50344],[150.21299,-35.50318],[150.2108,-35.50272],[150.20819,-35.503],[150.20757,-35.50318],[150.20723,-35.50333],[150.20654,-35.50434],[150.20399,-35.5067],[150.20392,-35.50685],[150.20344,-35.50724],[150.2027,-35.50767],[150.20233,-35.5081],[150.20219,-35.50884],[150.20225,-35.50954],[150.20272,-35.51076],[150.20324,-35.51154],[150.2038,-35.513],[150.20395,-35.51395],[150.20388,-35.51451],[150.20395,-35.51528],[150.20482,-35.5178],[150.20528,-35.51858],[150.20539,-35.51895],[150.20541,-35.51933],[150.20509,-35.51986],[150.20432,-35.5202],[150.20383,-35.52024],[150.20355,-35.52018],[150.20225,-35.51952],[150.20166,-35.51948],[150.20107,-35.51978],[150.20054,-35.5203],[150.19928,-35.52249],[150.19877,-35.52457],[150.19867,-35.52566],[150.19876,-35.52904],[150.19985,-35.53208],[150.20026,-35.53286],[150.20054,-35.53363],[150.2007,-35.53384],[150.2013,-35.53422],[150.20216,-35.53451],[150.20248,-35.53477],[150.20273,-35.53487],[150.2035,-35.53415],[150.20415,-35.53387],[150.20449,-35.53385],[150.20482,-35.534],[150.20513,-35.53428],[150.20541,-35.53474],[150.20541,-35.53502],[150.20531,-35.53551],[150.20485,-35.53637],[150.20451,-35.5368],[150.20254,-35.53839],[150.20109,-35.53919],[150.19987,-35.53956],[150.19987,-35.5403]]]}},{"type":"Feature","properties":{"name":"Edith Breakers Habitat Protection Zone","park":"Port Stephens - Great Lakes","zone":"Habitat Protection Zone (Restrictions Apply)","spear":"check","kind":"mpa","note":"Zone has its own rules."},"geometry":{"type":"Polygon","coordinates":[[[152.52065,-32.45943],[152.51953,-32.45953],[152.51882,-32.45949],[152.51798,-32.45936],[152.51757,-32.45921],[152.51609,-32.45823],[152.51558,-32.45773],[152.51501,-32.45696],[152.51264,-32.45729],[152.51165,-32.45772],[152.50961,-32.45816],[152.50804,-32.45878],[152.50715,-32.45902],[152.50616,-32.45946],[152.50449,-32.45984],[152.50307,-32.46035],[152.50256,-32.46096],[152.50188,-32.46152],[152.50097,-32.462],[152.50022,-32.46227],[152.49887,-32.46246],[152.49811,-32.4624],[152.49729,-32.46221],[152.49643,-32.46235],[152.49585,-32.46235],[152.49498,-32.4622],[152.49431,-32.46197],[152.49338,-32.46214],[152.49259,-32.46217],[152.49025,-32.46288],[152.49023,-32.49249],[152.49191,-32.49217],[152.49522,-32.49126],[152.4963,-32.49109],[152.49773,-32.49097],[152.50213,-32.49097],[152.50492,-32.49229],[152.50595,-32.49297],[152.50721,-32.49411],[152.50915,-32.49486],[152.51047,-32.49486],[152.51126,-32.49468],[152.51246,-32.49468],[152.51395,-32.49417],[152.51469,-32.49354],[152.51515,-32.49274],[152.51538,-32.49097],[152.51566,-32.49046],[152.51646,-32.48971],[152.51686,-32.48943],[152.51777,-32.48903],[152.51863,-32.48852],[152.51943,-32.48817],[152.52023,-32.48795],[152.52065,-32.48758],[152.52065,-32.45943]]]}},{"type":"Feature","properties":{"name":"Myall River Sanctuary Zone","park":"Port Stephens - Great Lakes","zone":"Sanctuary Zone","spear":"no","kind":"mpa","note":"No-take zone: no spearfishing."},"geometry":{"type":"Polygon","coordinates":[[[152.19628,-32.61689],[152.19572,-32.61696],[152.19515,-32.61655],[152.19393,-32.6162],[152.19331,-32.61638],[152.19295,-32.61672],[152.19289,-32.61717],[152.19314,-32.61794],[152.1928,-32.61871],[152.19276,-32.61935],[152.19306,-32.61994],[152.19338,-32.62017],[152.19418,-32.62049],[152.19433,-32.62066],[152.19437,-32.62084],[152.19426,-32.6211],[152.19371,-32.62147],[152.19308,-32.62226],[152.19294,-32.62263],[152.19288,-32.62342],[152.19271,-32.62404],[152.19226,-32.62479],[152.19183,-32.6252],[152.19113,-32.62607],[152.19099,-32.62643],[152.19097,-32.6273],[152.19085,-32.62756],[152.19067,-32.6277],[152.19034,-32.62754],[152.18993,-32.62692],[152.18936,-32.62656],[152.18873,-32.62632],[152.18786,-32.6263],[152.18643,-32.62669],[152.1859,-32.62663],[152.18511,-32.62596],[152.18487,-32.62568],[152.18491,-32.62562],[152.18514,-32.62556],[152.18525,-32.62541],[152.18545,-32.62532],[152.18578,-32.62542],[152.186,-32.62568],[152.18624,-32.62577],[152.18701,-32.62517],[152.18725,-32.62522],[152.18723,-32.62531],[152.18705,-32.62536],[152.18702,-32.62553],[152.1872,-32.62568],[152.18733,-32.62568],[152.18745,-32.62564],[152.18748,-32.62548],[152.18726,-32.62534],[152.18746,-32.62518],[152.18699,-32.62484],[152.18512,-32.62394],[152.18429,-32.62398],[152.18247,-32.62443],[152.18126,-32.62499],[152.18041,-32.62566],[152.18007,-32.6262],[152.17901,-32.62739],[152.17846,-32.62817],[152.17765,-32.62868],[152.17675,-32.62987],[152.1767,-32.63065],[152.17653,-32.63083],[152.17634,-32.6309],[152.1762,-32.63147],[152.17595,-32.63203],[152.17578,-32.63284],[152.17581,-32.63338],[152.17597,-32.63386],[152.17631,-32.63429],[152.17707,-32.63498],[152.17713,-32.63526],[152.17693,-32.63568],[152.17692,-32.63601],[152.17717,-32.63698],[152.17706,-32.63779],[152.17675,-32.63822],[152.17631,-32.6385],[152.17619,-32.63848],[152.17608,-32.63829],[152.17542,-32.63829],[152.17515,-32.63813],[152.17513,-32.63804],[152.17485,-32.63784],[152.17498,-32.63749],[152.17493,-32.63739],[152.17479,-32.63722],[152.17433,-32.63709],[152.17432,-32.63698],[152.17459,-32.6365],[152.17456,-32.63623],[152.17444,-32.636],[152.17432,-32.63518],[152.17418,-32.63502],[152.17379,-32.63492],[152.17336,-32.63513],[152.17319,-32.63499],[152.17348,-32.63436],[152.17357,-32.63367],[152.17433,-32.63296],[152.17455,-32.63259],[152.17449,-32.63215],[152.17434,-32.63189],[152.17326,-32.6316],[152.17354,-32.6314],[152.17357,-32.63083],[152.1735,-32.63065],[152.17335,-32.63053],[152.17274,-32.63058],[152.17269,-32.63049],[152.17326,-32.6302],[152.17343,-32.62996],[152.1733,-32.62959],[152.17314,-32.62805],[152.17343,-32.62754],[152.17302,-32.62805],[152.17316,-32.62956],[152.17332,-32.63001],[152.17311,-32.6302],[152.17284,-32.63025],[152.17254,-32.63052],[152.17265,-32.63064],[152.17321,-32.63059],[152.1734,-32.63069],[152.17343,-32.63142],[152.17304,-32.63156],[152.17303,-32.63168],[152.17375,-32.63178],[152.17389,-32.63188],[152.17387,-32.632],[152.17399,-32.63219],[152.17438,-32.63233],[152.17428,-32.63272],[152.17337,-32.63358],[152.17318,-32.63462],[152.17299,-32.63491],[152.17303,-32.63515],[152.1732,-32.63527],[152.17386,-32.63509],[152.17398,-32.63508],[152.17417,-32.63523],[152.17419,-32.63583],[152.17438,-32.63645],[152.17414,-32.63685],[152.1741,-32.63714],[152.17441,-32.63758],[152.17421,-32.63762],[152.17362,-32.63728],[152.17338,-32.63719],[152.17328,-32.63723],[152.17285,-32.63694],[152.17289,-32.63681],[152.17258,-32.6365],[152.17205,-32.63632],[152.17189,-32.63632],[152.17182,-32.63643],[152.17079,-32.63627],[152.17028,-32.63631],[152.17028,-32.63701],[152.17132,-32.63723],[152.17194,-32.63774],[152.17386,-32.64006],[152.17477,-32.64041],[152.17492,-32.64042],[152.17492,-32.63974],[152.17485,-32.6396],[152.17495,-32.63951],[152.17527,-32.63934],[152.17684,-32.63888],[152.17726,-32.63859],[152.17768,-32.63854],[152.17795,-32.63834],[152.17807,-32.63814],[152.17845,-32.63801],[152.17845,-32.63794],[152.1782,-32.63794],[152.17818,-32.63778],[152.17852,-32.63753],[152.1786,-32.63737],[152.17847,-32.6372],[152.17798,-32.63728],[152.17789,-32.63694],[152.17754,-32.63661],[152.17757,-32.6352],[152.17788,-32.63508],[152.1783,-32.63515],[152.17894,-32.63505],[152.18083,-32.63508],[152.1807,-32.63496],[152.18072,-32.63483],[152.18065,-32.63473],[152.18037,-32.63455],[152.18009,-32.63456],[152.17986,-32.63443],[152.18025,-32.6344],[152.18036,-32.63423],[152.18036,-32.63413],[152.18005,-32.63385],[152.18,-32.63368],[152.17997,-32.63334],[152.18006,-32.63264],[152.18014,-32.63254],[152.18009,-32.63231],[152.17994,-32.63219],[152.1797,-32.63218],[152.17962,-32.63224],[152.17938,-32.6327],[152.17954,-32.63314],[152.17936,-32.63353],[152.1795,-32.63374],[152.17941,-32.63382],[152.17908,-32.63385],[152.17856,-32.63383],[152.17828,-32.634],[152.17818,-32.63386],[152.17821,-32.63334],[152.17835,-32.63317],[152.17848,-32.63312],[152.17861,-32.63321],[152.17862,-32.63334],[152.17873,-32.63336],[152.17916,-32.63327],[152.17927,-32.63317],[152.17888,-32.6332],[152.17864,-32.63297],[152.17866,-32.63264],[152.17889,-32.6319],[152.17877,-32.62944],[152.17918,-32.62881],[152.17937,-32.62828],[152.1812,-32.62598],[152.18173,-32.62548],[152.18257,-32.625],[152.1828,-32.62473],[152.1832,-32.62475],[152.18349,-32.62494],[152.184,-32.62592],[152.18496,-32.62684],[152.18643,-32.62748],[152.18749,-32.62811],[152.18819,-32.6289],[152.18928,-32.62981],[152.18981,-32.63012],[152.19017,-32.63017],[152.19044,-32.63037],[152.19091,-32.63096],[152.19153,-32.63085],[152.19228,-32.63019],[152.19399,-32.63014],[152.19554,-32.62983],[152.196,-32.62967],[152.1964,-32.62943],[152.19671,-32.62909],[152.19709,-32.62823],[152.19751,-32.62787],[152.19814,-32.62766],[152.1988,-32.62695],[152.19932,-32.62628],[152.19948,-32.62567],[152.19942,-32.62548],[152.19911,-32.62513],[152.19778,-32.62439],[152.19721,-32.62374],[152.19671,-32.62288],[152.19596,-32.62225],[152.19599,-32.62193],[152.19688,-32.62044],[152.19704,-32.61977],[152.19687,-32.61911],[152.19663,-32.61879],[152.19648,-32.61888],[152.19632,-32.6188],[152.19602,-32.61834],[152.19598,-32.61778],[152.19602,-32.61762],[152.19628,-32.6175],[152.19628,-32.61689]],[[152.18846,-32.62703],[152.18827,-32.62725],[152.1879,-32.62724],[152.1881,-32.6269],[152.18828,-32.62679],[152.18845,-32.62683],[152.18846,-32.62703]],[[152.17726,-32.63809],[152.17743,-32.63761],[152.1776,-32.63737],[152.17769,-32.63741],[152.17772,-32.63761],[152.17786,-32.6377],[152.17794,-32.63789],[152.17741,-32.63817],[152.17729,-32.6382],[152.17726,-32.63809]],[[152.17699,-32.62991],[152.17704,-32.62975],[152.17767,-32.62909],[152.17792,-32.62864],[152.17811,-32.62858],[152.17802,-32.62905],[152.17773,-32.62964],[152.17741,-32.62997],[152.17713,-32.63006],[152.17699,-32.62991]],[[152.1784,-32.62981],[152.17849,-32.62974],[152.1786,-32.63003],[152.17844,-32.63087],[152.1786,-32.63204],[152.17843,-32.6324],[152.17822,-32.6326],[152.17786,-32.63274],[152.17779,-32.63291],[152.1778,-32.63343],[152.17751,-32.63345],[152.17743,-32.63355],[152.17741,-32.63363],[152.17781,-32.63378],[152.17772,-32.63402],[152.17725,-32.63401],[152.1769,-32.63361],[152.17677,-32.63315],[152.1768,-32.6325],[152.17705,-32.63181],[152.1784,-32.62981]],[[152.19647,-32.62695],[152.19728,-32.62714],[152.19741,-32.6272],[152.19757,-32.62746],[152.19752,-32.62763],[152.19708,-32.628],[152.19674,-32.62847],[152.19658,-32.6291],[152.19609,-32.62949],[152.19564,-32.62967],[152.19469,-32.62988],[152.19337,-32.63005],[152.1922,-32.63008],[152.19202,-32.63015],[152.19144,-32.63074],[152.19112,-32.63084],[152.19097,-32.6308],[152.19033,-32.63011],[152.1904,-32.63002],[152.19092,-32.63038],[152.19086,-32.63014],[152.19072,-32.62999],[152.19078,-32.62991],[152.19108,-32.62986],[152.19165,-32.6293],[152.19264,-32.62885],[152.19344,-32.62895],[152.19373,-32.62911],[152.19397,-32.62895],[152.19435,-32.6291],[152.19448,-32.62905],[152.19466,-32.62887],[152.19475,-32.62852],[152.19542,-32.62781],[152.1954,-32.62766],[152.19606,-32.62703],[152.19647,-32.62695]],[[152.19385,-32.61674],[152.19449,-32.61691],[152.19481,-32.61717],[152.19577,-32.61763],[152.19588,-32.6185],[152.1961,-32.6188],[152.1967,-32.61929],[152.19682,-32.61971],[152.19665,-32.6204],[152.19582,-32.62178],[152.19578,-32.62226],[152.19664,-32.62318],[152.19688,-32.62375],[152.19718,-32.62418],[152.19754,-32.62454],[152.19905,-32.62539],[152.19924,-32.62566],[152.19924,-32.62594],[152.19907,-32.62629],[152.19833,-32.62716],[152.19783,-32.62755],[152.1975,-32.62716],[152.19724,-32.62704],[152.19669,-32.62688],[152.19622,-32.62686],[152.19583,-32.62706],[152.19484,-32.62811],[152.19433,-32.62845],[152.194,-32.62853],[152.19385,-32.62841],[152.19434,-32.62819],[152.19448,-32.62796],[152.19456,-32.62773],[152.19452,-32.62753],[152.1944,-32.62745],[152.19426,-32.62749],[152.1938,-32.62791],[152.19324,-32.62807],[152.19237,-32.62848],[152.19195,-32.62895],[152.19095,-32.62937],[152.1902,-32.62942],[152.18995,-32.62933],[152.18915,-32.62873],[152.18851,-32.62776],[152.18843,-32.62729],[152.18862,-32.6269],[152.18872,-32.62692],[152.18924,-32.62721],[152.19001,-32.62797],[152.19045,-32.62818],[152.19073,-32.6282],[152.1912,-32.62805],[152.19171,-32.62751],[152.19178,-32.62711],[152.19165,-32.62658],[152.19174,-32.62618],[152.193,-32.62494],[152.19361,-32.62353],[152.19369,-32.62253],[152.19404,-32.62198],[152.19471,-32.62119],[152.19488,-32.6208],[152.1948,-32.62037],[152.1945,-32.61995],[152.19413,-32.61969],[152.19356,-32.61953],[152.19337,-32.61933],[152.19373,-32.61804],[152.1937,-32.61753],[152.19348,-32.61688],[152.19385,-32.61674]]]}},{"type":"Feature","properties":{"name":"Narira Creek Sanctuary Zone","park":"Batemans","zone":"Sanctuary Zone","spear":"no","kind":"mpa","note":"No-take zone: no spearfishing."},"geometry":{"type":"Polygon","coordinates":[[[150.04474,-36.39177],[150.04455,-36.39177],[150.04444,-36.39186],[150.04417,-36.39238],[150.04362,-36.39252],[150.04342,-36.3927],[150.04292,-36.39289],[150.04207,-36.393],[150.04153,-36.39317],[150.04104,-36.39399],[150.04094,-36.39444],[150.04081,-36.39466],[150.04057,-36.39475],[150.04001,-36.39469],[150.03975,-36.3948],[150.0395,-36.39545],[150.03966,-36.39563],[150.03994,-36.39558],[150.04024,-36.39562],[150.04098,-36.39612],[150.04162,-36.39635],[150.04159,-36.3962],[150.04182,-36.39614],[150.04172,-36.39587],[150.04177,-36.39573],[150.04211,-36.3954],[150.04267,-36.39456],[150.04356,-36.394],[150.04391,-36.39391],[150.04438,-36.3939],[150.0451,-36.39427],[150.04554,-36.39463],[150.04585,-36.39503],[150.046,-36.39543],[150.04702,-36.39583],[150.04741,-36.39606],[150.04863,-36.39695],[150.04935,-36.3977],[150.04948,-36.39775],[150.04967,-36.39767],[150.04982,-36.39753],[150.04982,-36.39741],[150.04955,-36.39671],[150.0495,-36.39628],[150.04959,-36.39612],[150.05022,-36.39567],[150.05022,-36.39534],[150.05008,-36.39513],[150.04844,-36.39378],[150.04748,-36.39325],[150.04697,-36.39311],[150.04671,-36.39291],[150.04594,-36.39297],[150.04521,-36.39281],[150.0448,-36.39248],[150.04472,-36.39226],[150.04474,-36.39177]]]}},{"type":"Feature","properties":{"name":"Broughton Island Habitat Protection Zone","park":"Port Stephens - Great Lakes","zone":"Habitat Protection Zone (Restrictions Apply)","spear":"check","kind":"mpa","note":"Zone has its own rules."},"geometry":{"type":"Polygon","coordinates":[[[152.33076,-32.61897],[152.32862,-32.61745],[152.32857,-32.61756],[152.32821,-32.61763],[152.32817,-32.61781],[152.32826,-32.61802],[152.3281,-32.61829],[152.32799,-32.61833],[152.32783,-32.61817],[152.3273,-32.61866],[152.3268,-32.61893],[152.32676,-32.61899],[152.32711,-32.61913],[152.32702,-32.61929],[152.3272,-32.61933],[152.32723,-32.61943],[152.32687,-32.61981],[152.3267,-32.61976],[152.32642,-32.61989],[152.32641,-32.62],[152.32651,-32.62011],[152.3261,-32.62042],[152.32581,-32.62036],[152.32561,-32.62048],[152.32524,-32.62014],[152.32487,-32.61998],[152.32472,-32.62002],[152.32451,-32.62024],[152.32444,-32.62013],[152.32465,-32.61978],[152.32366,-32.62012],[152.32323,-32.62051],[152.32293,-32.6206],[152.32254,-32.62054],[152.32248,-32.62062],[152.32257,-32.62071],[152.32253,-32.62083],[152.32286,-32.62092],[152.32266,-32.62107],[152.32228,-32.62099],[152.32231,-32.62076],[152.32226,-32.62068],[152.32204,-32.62092],[152.32172,-32.62085],[152.32166,-32.62093],[152.32176,-32.62111],[152.32155,-32.6211],[152.32172,-32.62131],[152.32165,-32.62146],[152.32139,-32.62137],[152.32139,-32.62104],[152.32119,-32.62109],[152.32119,-32.62133],[152.32098,-32.6217],[152.3208,-32.62173],[152.32054,-32.62161],[152.32067,-32.62176],[152.32063,-32.62186],[152.32034,-32.62188],[152.31772,-32.62378],[152.31732,-32.62375],[152.31784,-32.6243],[152.31797,-32.62471],[152.31824,-32.6251],[152.31787,-32.62534],[152.31786,-32.62554],[152.31754,-32.62563],[152.31748,-32.62581],[152.31798,-32.6261],[152.31793,-32.62629],[152.31803,-32.62641],[152.31795,-32.62665],[152.31814,-32.62689],[152.31831,-32.62699],[152.31867,-32.62676],[152.31875,-32.62688],[152.31853,-32.62708],[152.31872,-32.62701],[152.31897,-32.62705],[152.31904,-32.62743],[152.31922,-32.62776],[152.31918,-32.62798],[152.33585,-32.62541],[152.33564,-32.62522],[152.33563,-32.62498],[152.33552,-32.62483],[152.33507,-32.62491],[152.33448,-32.62449],[152.33427,-32.62446],[152.33409,-32.62428],[152.33396,-32.62427],[152.33392,-32.62436],[152.33381,-32.62438],[152.33351,-32.62427],[152.33338,-32.6241],[152.33338,-32.62393],[152.3327,-32.62337],[152.33235,-32.62264],[152.33181,-32.62217],[152.3319,-32.62181],[152.33173,-32.6217],[152.33186,-32.62161],[152.3319,-32.62127],[152.33175,-32.62127],[152.33148,-32.62155],[152.33133,-32.62153],[152.33133,-32.62136],[152.3317,-32.62103],[152.3316,-32.62099],[152.3311,-32.62116],[152.33107,-32.621],[152.33123,-32.62076],[152.33091,-32.62069],[152.33065,-32.62033],[152.33061,-32.62009],[152.33076,-32.6198],[152.33068,-32.61933],[152.33092,-32.61901],[152.33076,-32.61897]],[[152.31914,-32.62697],[152.31938,-32.62702],[152.3197,-32.62695],[152.31986,-32.627],[152.31999,-32.62731],[152.31993,-32.6275],[152.31976,-32.62739],[152.31975,-32.62755],[152.31939,-32.62745],[152.31905,-32.62708],[152.31914,-32.62697]],[[152.31818,-32.62459],[152.318,-32.62427],[152.31769,-32.62398],[152.31777,-32.62381],[152.3181,-32.62391],[152.31843,-32.62412],[152.31876,-32.62439],[152.31883,-32.62456],[152.31868,-32.62471],[152.31818,-32.62459]]]}},{"type":"Feature","properties":{"name":"Coila Lake and Creek Sanctuary Zone","park":"Batemans","zone":"Sanctuary Zone","spear":"no","kind":"mpa","note":"No-take zone: no spearfishing."},"geometry":{"type":"Polygon","coordinates":[[[150.11504,-36.00829],[150.11466,-36.00839],[150.11422,-36.00829],[150.1137,-36.00792],[150.11333,-36.00749],[150.11294,-36.00621],[150.11238,-36.005],[150.11219,-36.00471],[150.1119,-36.00448],[150.11188,-36.00432],[150.11165,-36.00402],[150.11107,-36.00364],[150.11066,-36.00351],[150.10979,-36.0035],[150.10841,-36.00373],[150.10665,-36.00471],[150.10615,-36.0049],[150.10611,-36.00512],[150.10644,-36.00534],[150.10655,-36.00552],[150.10645,-36.00571],[150.10592,-36.00575],[150.10589,-36.00586],[150.10629,-36.00607],[150.10626,-36.00619],[150.10571,-36.00617],[150.10563,-36.00666],[150.10572,-36.00703],[150.10608,-36.00733],[150.10705,-36.00785],[150.10802,-36.0087],[150.10828,-36.0088],[150.10955,-36.00907],[150.11056,-36.00912],[150.11098,-36.00909],[150.11115,-36.00885],[150.11132,-36.00881],[150.11151,-36.00917],[150.11148,-36.00968],[150.11137,-36.00978],[150.1105,-36.00955],[150.10969,-36.0095],[150.10757,-36.00964],[150.1064,-36.00962],[150.1042,-36.00981],[150.10374,-36.00977],[150.10291,-36.00955],[150.1003,-36.00856],[150.09928,-36.00837],[150.09789,-36.00841],[150.09693,-36.0086],[150.09565,-36.00917],[150.09548,-36.0091],[150.09546,-36.00923],[150.09298,-36.01062],[150.09058,-36.01132],[150.08953,-36.01136],[150.08793,-36.01067],[150.0864,-36.00984],[150.0856,-36.00966],[150.08556,-36.00994],[150.08604,-36.01001],[150.08715,-36.01073],[150.08879,-36.01147],[150.09016,-36.01174],[150.0921,-36.01134],[150.09346,-36.01096],[150.09492,-36.01003],[150.09676,-36.00912],[150.09754,-36.00889],[150.09815,-36.00883],[150.09911,-36.00887],[150.10089,-36.00932],[150.10267,-36.01003],[150.10424,-36.01043],[150.10532,-36.01042],[150.10723,-36.01019],[150.10924,-36.01039],[150.10933,-36.01066],[150.10921,-36.01091],[150.10904,-36.01106],[150.10824,-36.01136],[150.1073,-36.01133],[150.10718,-36.01146],[150.10718,-36.01164],[150.10771,-36.01263],[150.10822,-36.0131],[150.10905,-36.01419],[150.11206,-36.01634],[150.11267,-36.01658],[150.11448,-36.01669],[150.11544,-36.01624],[150.11562,-36.01624],[150.11586,-36.01642],[150.11504,-36.00829]]]}},{"type":"Feature","properties":{"name":"South Solitary Island Habitat Protection Zone","park":"Solitary Islands","zone":"Habitat Protection Zone (Restrictions Apply)","spear":"check","kind":"mpa","note":"Zone has its own rules."},"geometry":{"type":"Polygon","coordinates":[[[153.26704,-30.19772],[153.26537,-30.19813],[153.26451,-30.19847],[153.26365,-30.19898],[153.26253,-30.19994],[153.26174,-30.20102],[153.26148,-30.20153],[153.26109,-30.2027],[153.26089,-30.20393],[153.26088,-30.20449],[153.26099,-30.20569],[153.26177,-30.20798],[153.2621,-30.20862],[153.26335,-30.21029],[153.2645,-30.21125],[153.26512,-30.21158],[153.26597,-30.21183],[153.26729,-30.21204],[153.26797,-30.21198],[153.26913,-30.21165],[153.26971,-30.21134],[153.27077,-30.21047],[153.27195,-30.2098],[153.27259,-30.2093],[153.27358,-30.20783],[153.2739,-30.20658],[153.27392,-30.20611],[153.27378,-30.2048],[153.27349,-30.20383],[153.2732,-30.20326],[153.27241,-30.20226],[153.27239,-30.20184],[153.27204,-30.20046],[153.27106,-30.199],[153.27019,-30.19832],[153.26909,-30.19784],[153.26825,-30.19768],[153.26704,-30.19772]],[[153.2684,-30.20543],[153.26848,-30.20531],[153.26878,-30.20529],[153.26924,-30.20545],[153.26936,-30.20562],[153.26942,-30.20611],[153.26918,-30.20618],[153.269,-30.20595],[153.26883,-30.20597],[153.26869,-30.20612],[153.26875,-30.20646],[153.26846,-30.20659],[153.26819,-30.20578],[153.26824,-30.2055],[153.26833,-30.20553],[153.26843,-30.20582],[153.26851,-30.2058],[153.2684,-30.20543]],[[153.26683,-30.20742],[153.26448,-30.20742],[153.26356,-30.20365],[153.2646,-30.20365],[153.2648,-30.20291],[153.26519,-30.20236],[153.26571,-30.20193],[153.26619,-30.20165],[153.26709,-30.20142],[153.26746,-30.20149],[153.26778,-30.20169],[153.26797,-30.20197],[153.26809,-30.20234],[153.26819,-30.20301],[153.2681,-30.20369],[153.2678,-30.20416],[153.26759,-30.2043],[153.26734,-30.20433],[153.26725,-30.20461],[153.26728,-30.20476],[153.26738,-30.20476],[153.26753,-30.20521],[153.26782,-30.20552],[153.26792,-30.20551],[153.26809,-30.20586],[153.268,-30.20594],[153.26806,-30.20636],[153.26798,-30.20645],[153.26801,-30.20654],[153.26782,-30.2066],[153.26781,-30.20671],[153.26766,-30.20678],[153.26757,-30.20731],[153.26729,-30.20754],[153.26706,-30.20734],[153.26683,-30.20742]]]}},{"type":"Feature","properties":{"name":"Corindi River System Sanctuary Zone","park":"Solitary Islands","zone":"Sanctuary Zone","spear":"no","kind":"mpa","note":"No-take zone: no spearfishing."},"geometry":{"type":"Polygon","coordinates":[[[153.22125,-29.97426],[153.22108,-29.9742],[153.22105,-29.97408],[153.22127,-29.9736],[153.22125,-29.97337],[153.22112,-29.97316],[153.2207,-29.97285],[153.22044,-29.97284],[153.22007,-29.97267],[153.21963,-29.97211],[153.21961,-29.97191],[153.21989,-29.97116],[153.21943,-29.97114],[153.21914,-29.97088],[153.21977,-29.97073],[153.21984,-29.97055],[153.21975,-29.97023],[153.21999,-29.9697],[153.21983,-29.9693],[153.21953,-29.96926],[153.21933,-29.96932],[153.21911,-29.96915],[153.21893,-29.96879],[153.21825,-29.96813],[153.21705,-29.96777],[153.2167,-29.96744],[153.21671,-29.96725],[153.21656,-29.96724],[153.21651,-29.96734],[153.21676,-29.96781],[153.21749,-29.96812],[153.21814,-29.9682],[153.21881,-29.96875],[153.21921,-29.96939],[153.21955,-29.96936],[153.21975,-29.96946],[153.21983,-29.96962],[153.21984,-29.96993],[153.21963,-29.97018],[153.21973,-29.97052],[153.21969,-29.97061],[153.21946,-29.9707],[153.21904,-29.97071],[153.21894,-29.97087],[153.21915,-29.97112],[153.21964,-29.9713],[153.2194,-29.97171],[153.21935,-29.97198],[153.2195,-29.97282],[153.21991,-29.97315],[153.22067,-29.97319],[153.22081,-29.97337],[153.22089,-29.97367],[153.22025,-29.97395],[153.21997,-29.97477],[153.2194,-29.97529],[153.21914,-29.97539],[153.21886,-29.97531],[153.21858,-29.975],[153.21842,-29.97439],[153.21785,-29.97395],[153.21745,-29.97377],[153.21628,-29.97364],[153.21518,-29.97397],[153.21502,-29.97429],[153.215,-29.97481],[153.21509,-29.9751],[153.21638,-29.97537],[153.21644,-29.9757],[153.21631,-29.97599],[153.21597,-29.97623],[153.21364,-29.97724],[153.21066,-29.9775],[153.21005,-29.97726],[153.20924,-29.97675],[153.20861,-29.97659],[153.20839,-29.97664],[153.20824,-29.97678],[153.20824,-29.97719],[153.20809,-29.97755],[153.20793,-29.97772],[153.20771,-29.97777],[153.2073,-29.97736],[153.20692,-29.97649],[153.20658,-29.97603],[153.20594,-29.97559],[153.20548,-29.97543],[153.20486,-29.97558],[153.20452,-29.97599],[153.20434,-29.97647],[153.2046,-29.97657],[153.20464,-29.97673],[153.20459,-29.97695],[153.20436,-29.97722],[153.20397,-29.9774],[153.20359,-29.97743],[153.20287,-29.97719],[153.20228,-29.97674],[153.20222,-29.9764],[153.2023,-29.9761],[153.20289,-29.97565],[153.20322,-29.97515],[153.20326,-29.97456],[153.20289,-29.97411],[153.20233,-29.9732],[153.202,-29.9723],[153.20152,-29.9718],[153.19974,-29.97103],[153.19926,-29.971],[153.1987,-29.9711],[153.19813,-29.97144],[153.19767,-29.97147],[153.1978,-29.97031],[153.19763,-29.97005],[153.19666,-29.9695],[153.19602,-29.96941],[153.19572,-29.96951],[153.19538,-29.96977],[153.19503,-29.97059],[153.19457,-29.97081],[153.19446,-29.97069],[153.19447,-29.96958],[153.19503,-29.96929],[153.19604,-29.96929],[153.19635,-29.96912],[153.19653,-29.96884],[153.19676,-29.96788],[153.1962,-29.96638],[153.19599,-29.966],[153.19579,-29.96524],[153.19572,-29.96443],[153.19505,-29.96395],[153.19506,-29.96284],[153.19487,-29.96222],[153.19518,-29.96157],[153.19579,-29.9613],[153.19612,-29.9609],[153.1962,-29.96063],[153.19617,-29.96026],[153.19566,-29.95939],[153.19513,-29.95875],[153.1952,-29.95853],[153.19501,-29.95829],[153.19481,-29.95851],[153.19496,-29.95904],[153.19544,-29.95953],[153.19592,-29.96041],[153.19599,-29.96069],[153.19589,-29.96097],[153.195,-29.96152],[153.19483,-29.96175],[153.19475,-29.96206],[153.19478,-29.96311],[153.19468,-29.96377],[153.19478,-29.964],[153.19539,-29.96445],[153.19549,-29.96466],[153.19541,-29.96548],[153.19546,-29.96566],[153.19599,-29.96645],[153.19646,-29.96736],[153.19653,-29.96825],[153.1965,-29.96859],[153.19584,-29.96907],[153.19546,-29.96921],[153.19474,-29.96912],[153.19414,-29.96941],[153.19395,-29.96965],[153.19381,-29.97003],[153.19378,-29.97088],[153.1939,-29.97101],[153.19478,-29.97116],[153.195,-29.97107],[153.19528,-29.97088],[153.19548,-29.97061],[153.19554,-29.97023],[153.19567,-29.96997],[153.19597,-29.96974],[153.19617,-29.9697],[153.19683,-29.96979],[153.19725,-29.97005],[153.1975,-29.97032],[153.19757,-29.97056],[153.19758,-29.97086],[153.19719,-29.97117],[153.19712,-29.97135],[153.19727,-29.97171],[153.19793,-29.97168],[153.19898,-29.97128],[153.19944,-29.97127],[153.20028,-29.97149],[153.20129,-29.97206],[153.20172,-29.97258],[153.20195,-29.973],[153.20216,-29.97371],[153.20289,-29.97453],[153.20302,-29.97482],[153.20295,-29.97519],[153.20253,-29.97552],[153.20208,-29.97624],[153.20209,-29.97666],[153.20257,-29.97724],[153.20306,-29.97749],[153.20347,-29.97759],[153.20408,-29.97752],[153.20459,-29.9772],[153.20478,-29.97684],[153.20472,-29.97619],[153.20479,-29.97591],[153.20501,-29.9757],[153.20528,-29.97562],[153.20574,-29.97567],[153.20641,-29.97617],[153.20667,-29.97655],[153.20705,-29.97742],[153.20719,-29.97806],[153.20745,-29.97824],[153.20765,-29.97823],[153.20788,-29.97808],[153.20821,-29.97772],[153.20857,-29.97695],[153.20872,-29.9768],[153.20891,-29.97676],[153.2091,-29.97682],[153.20964,-29.97733],[153.21049,-29.97774],[153.21316,-29.97766],[153.21409,-29.97754],[153.21643,-29.97641],[153.21678,-29.97597],[153.21682,-29.97563],[153.2167,-29.97517],[153.2165,-29.97493],[153.21553,-29.97429],[153.21543,-29.97416],[153.21549,-29.97405],[153.21667,-29.97396],[153.2178,-29.97437],[153.21792,-29.9745],[153.21795,-29.97486],[153.21823,-29.97551],[153.21827,-29.97576],[153.21819,-29.97599],[153.21753,-29.97628],[153.21699,-29.97672],[153.21676,-29.97722],[153.21677,-29.97787],[153.21661,-29.97803],[153.21519,-29.97845],[153.21498,-29.97845],[153.21409,-29.97817],[153.21369,-29.97819],[153.21338,-29.97834],[153.2133,-29.97852],[153.2135,-29.97974],[153.21343,-29.9799],[153.21319,-29.98008],[153.21243,-29.9803],[153.2121,-29.9803],[153.21141,-29.97976],[153.21095,-29.97957],[153.21068,-29.97957],[153.21044,-29.97968],[153.21016,-29.98012],[153.20989,-29.98037],[153.20951,-29.98056],[153.20909,-29.9806],[153.2084,-29.98041],[153.20745,-29.98039],[153.20674,-29.98],[153.20632,-29.97985],[153.20587,-29.97979],[153.20554,-29.97991],[153.2044,-29.98059],[153.20437,-29.98074],[153.2045,-29.98103],[153.20356,-29.98076],[153.20314,-29.98075],[153.20282,-29.98061],[153.20237,-29.98037],[153.20215,-29.97996],[153.20199,-29.97983],[153.2016,-29.97983],[153.20143,-29.97988],[153.2012,-29.9803],[153.20093,-29.98044],[153.20073,-29.98042],[153.20034,-29.9808],[153.20036,-29.98118],[153.20024,-29.98138],[153.20043,-29.98164],[153.20036,-29.98177],[153.2001,-29.98192],[153.19979,-29.98172],[153.19953,-29.9817],[153.19921,-29.98156],[153.19879,-29.98104],[153.19777,-29.98048],[153.19768,-29.98007],[153.1975,-29.97991],[153.19579,-29.97882],[153.19573,-29.97865],[153.1958,-29.97776],[153.19574,-29.97757],[153.19541,-29.97731],[153.19523,-29.97735],[153.19558,-29.97754],[153.19568,-29.97778],[153.19554,-29.97857],[153.19568,-29.97889],[153.19601,-29.97914],[153.19686,-29.97955],[153.19753,-29.98011],[153.19759,-29.98026],[153.19757,-29.98052],[153.19774,-29.98067],[153.19822,-29.98078],[153.19878,-29.98119],[153.1991,-29.98167],[153.19933,-29.98178],[153.19968,-29.98214],[153.19994,-29.98213],[153.20047,-29.98191],[153.20042,-29.98258],[153.20088,-29.98266],[153.20111,-29.98259],[153.20131,-29.98274],[153.20156,-29.98265],[153.20236,-29.98266],[153.20324,-29.98317],[153.20391,-29.98326],[153.20402,-29.9838],[153.20415,-29.98387],[153.20444,-29.98383],[153.20482,-29.98341],[153.20474,-29.98311],[153.20432,-29.98262],[153.20438,-29.98221],[153.20485,-29.98199],[153.20548,-29.982],[153.20572,-29.98195],[153.20575,-29.98185],[153.20567,-29.98159],[153.20547,-29.98142],[153.20458,-29.98101],[153.20452,-29.98073],[153.20459,-29.98061],[153.20499,-29.98034],[153.20587,-29.97996],[153.20644,-29.98002],[153.20747,-29.98055],[153.20839,-29.98055],[153.20889,-29.9807],[153.20927,-29.98073],[153.20988,-29.98053],[153.21026,-29.98021],[153.21056,-29.97973],[153.2108,-29.97968],[153.21145,-29.97994],[153.21195,-29.98037],[153.21236,-29.98043],[153.21323,-29.98018],[153.21362,-29.9799],[153.21371,-29.97958],[153.21344,-29.97849],[153.21352,-29.97835],[153.21369,-29.97829],[153.21405,-29.97831],[153.21479,-29.97858],[153.21517,-29.97861],[153.21659,-29.97817],[153.21702,-29.97791],[153.21778,-29.97769],[153.21849,-29.97778],[153.21962,-29.97824],[153.22051,-29.9779],[153.22095,-29.97803],[153.22123,-29.97782],[153.22058,-29.97641],[153.22125,-29.97426]],[[153.21981,-29.97629],[153.21962,-29.9762],[153.21963,-29.9761],[153.21996,-29.97604],[153.22034,-29.97607],[153.2205,-29.97626],[153.22054,-29.97652],[153.22047,-29.97672],[153.22011,-29.97657],[153.21981,-29.97629]],[[153.21865,-29.97647],[153.21878,-29.9765],[153.21883,-29.97687],[153.21841,-29.97741],[153.21805,-29.97745],[153.2175,-29.97736],[153.21709,-29.97764],[153.21697,-29.97761],[153.21695,-29.97734],[153.21714,-29.97703],[153.21739,-29.97697],[153.21794,-29.9771],[153.21812,-29.977],[153.21851,-29.97651],[153.21865,-29.97647]],[[153.20188,-29.97995],[153.20248,-29.98059],[153.20289,-29.98081],[153.20337,-29.98083],[153.20435,-29.98112],[153.20476,-29.98113],[153.20547,-29.98159],[153.20562,-29.98181],[153.20536,-29.98191],[153.20492,-29.98185],[153.20425,-29.98211],[153.2042,-29.98245],[153.20462,-29.9832],[153.20463,-29.9834],[153.20432,-29.98372],[153.20415,-29.98373],[153.204,-29.98322],[153.20382,-29.98308],[153.20328,-29.98309],[153.20239,-29.98257],[153.20154,-29.98261],[153.20133,-29.98269],[153.20122,-29.98258],[153.20068,-29.98257],[153.20055,-29.9825],[153.20063,-29.98205],[153.20055,-29.98183],[153.20067,-29.98166],[153.20044,-29.98138],[153.20051,-29.98111],[153.2005,-29.98074],[153.20141,-29.98033],[153.20153,-29.97999],[153.20188,-29.97995]]]}},{"type":"Feature","properties":{"name":"Fiona Beach Sanctuary Zone","park":"Port Stephens - Great Lakes","zone":"Sanctuary Zone","spear":"no","kind":"mpa","note":"No-take zone: no spearfishing."},"geometry":{"type":"Polygon","coordinates":[[[152.49025,-32.46288],[152.49025,-32.45914],[152.48769,-32.45972],[152.48588,-32.46028],[152.48329,-32.46076],[152.48261,-32.46106],[152.48191,-32.46114],[152.48093,-32.46154],[152.47962,-32.46167],[152.47836,-32.4623],[152.47553,-32.46314],[152.47441,-32.4633],[152.47251,-32.46421],[152.47023,-32.46468],[152.46896,-32.46519],[152.4678,-32.4654],[152.46651,-32.46602],[152.46513,-32.46633],[152.46468,-32.46635],[152.46289,-32.46711],[152.46151,-32.4676],[152.46046,-32.46784],[152.45994,-32.46784],[152.4591,-32.46839],[152.45688,-32.46888],[152.45417,-32.46977],[152.45292,-32.47039],[152.45173,-32.47054],[152.45141,-32.47077],[152.45052,-32.47113],[152.44895,-32.47157],[152.44563,-32.4728],[152.44455,-32.47325],[152.44345,-32.47384],[152.44189,-32.47443],[152.44118,-32.47459],[152.43917,-32.47555],[152.43345,-32.47762],[152.43249,-32.47809],[152.43129,-32.47848],[152.42439,-32.48135],[152.423,-32.48181],[152.41557,-32.48506],[152.41033,-32.48801],[152.41007,-32.48847],[152.4098,-32.48871],[152.41202,-32.49147],[152.49025,-32.46288]]]}},{"type":"Feature","properties":{"name":"Wallis and Fenninghams Island Creeks Sanctuary Zone","park":"Port Stephens - Great Lakes","zone":"Sanctuary Zone","spear":"no","kind":"mpa","note":"No-take zone: no spearfishing."},"geometry":{"type":"Polygon","coordinates":[[[152.06123,-32.74354],[152.05961,-32.7431],[152.05908,-32.74281],[152.05793,-32.74154],[152.05764,-32.74095],[152.05224,-32.74332],[152.05323,-32.744],[152.05335,-32.74417],[152.05335,-32.74428],[152.05297,-32.74431],[152.05284,-32.7445],[152.05353,-32.74563],[152.05395,-32.74671],[152.05396,-32.74721],[152.05346,-32.74842],[152.05125,-32.75039],[152.05089,-32.7516],[152.0506,-32.75183],[152.04909,-32.75219],[152.04751,-32.75243],[152.04706,-32.75246],[152.04678,-32.75236],[152.04618,-32.75241],[152.04488,-32.75313],[152.04291,-32.75378],[152.04248,-32.75399],[152.0421,-32.75437],[152.04167,-32.75502],[152.04143,-32.75558],[152.04107,-32.75585],[152.041,-32.756],[152.04116,-32.7563],[152.04124,-32.75619],[152.04118,-32.75597],[152.04125,-32.75583],[152.04155,-32.75575],[152.04185,-32.75584],[152.04246,-32.7566],[152.04389,-32.75742],[152.04464,-32.75769],[152.04543,-32.75757],[152.04554,-32.75764],[152.04563,-32.75803],[152.04706,-32.75903],[152.04751,-32.75887],[152.04785,-32.75893],[152.04793,-32.75908],[152.04774,-32.76028],[152.04761,-32.7605],[152.04693,-32.76378],[152.04701,-32.76376],[152.04767,-32.7605],[152.04783,-32.76024],[152.04779,-32.76004],[152.04804,-32.75913],[152.04893,-32.75959],[152.04919,-32.7599],[152.04941,-32.75993],[152.04947,-32.76081],[152.04953,-32.76085],[152.05187,-32.76119],[152.05187,-32.76114],[152.04958,-32.7608],[152.04954,-32.75992],[152.04912,-32.75975],[152.04886,-32.75945],[152.04802,-32.75905],[152.0478,-32.75885],[152.04736,-32.75878],[152.04702,-32.7589],[152.04573,-32.75797],[152.04567,-32.75768],[152.04553,-32.75748],[152.0452,-32.75745],[152.04481,-32.7576],[152.04443,-32.75753],[152.0425,-32.75648],[152.04214,-32.75553],[152.04246,-32.75494],[152.04284,-32.75476],[152.04297,-32.75479],[152.04302,-32.75453],[152.04319,-32.75447],[152.04334,-32.75451],[152.04364,-32.75498],[152.0439,-32.75495],[152.04424,-32.75503],[152.04425,-32.75526],[152.04445,-32.75573],[152.04506,-32.75625],[152.04597,-32.7567],[152.04649,-32.75671],[152.0465,-32.75662],[152.04593,-32.75658],[152.04525,-32.75625],[152.04447,-32.75552],[152.04438,-32.75522],[152.04436,-32.75489],[152.04447,-32.75466],[152.04565,-32.75364],[152.04584,-32.75314],[152.04615,-32.75306],[152.0468,-32.75309],[152.04993,-32.7537],[152.05081,-32.75352],[152.0515,-32.75314],[152.05124,-32.75657],[152.05117,-32.75864],[152.05122,-32.75889],[152.05169,-32.75919],[152.05685,-32.76119],[152.05687,-32.76114],[152.05491,-32.76031],[152.05199,-32.75923],[152.05156,-32.75903],[152.05131,-32.75872],[152.05154,-32.75573],[152.05153,-32.75444],[152.05169,-32.75292],[152.0519,-32.75263],[152.05216,-32.75249],[152.05244,-32.75193],[152.05273,-32.75158],[152.05276,-32.75139],[152.05314,-32.7507],[152.05447,-32.74943],[152.05549,-32.74801],[152.05556,-32.74765],[152.05548,-32.74693],[152.05502,-32.74693],[152.05497,-32.74594],[152.0545,-32.74457],[152.05462,-32.74403],[152.05487,-32.74377],[152.05511,-32.74366],[152.05551,-32.74362],[152.05709,-32.74396],[152.05795,-32.74396],[152.05922,-32.74446],[152.05933,-32.74461],[152.06047,-32.7447],[152.06062,-32.74454],[152.06084,-32.74454],[152.06151,-32.7447],[152.06204,-32.74502],[152.06309,-32.74522],[152.06352,-32.74568],[152.06377,-32.74609],[152.06373,-32.74626],[152.06295,-32.7465],[152.06282,-32.7466],[152.06272,-32.74686],[152.06284,-32.74728],[152.06283,-32.7475],[152.06273,-32.74774],[152.06284,-32.748],[152.06305,-32.74818],[152.06365,-32.7483],[152.0639,-32.74823],[152.06406,-32.74828],[152.06397,-32.74844],[152.0639,-32.74891],[152.06375,-32.74905],[152.06261,-32.74898],[152.06231,-32.74907],[152.06186,-32.74936],[152.06136,-32.74996],[152.06137,-32.75028],[152.06149,-32.75054],[152.06166,-32.75053],[152.06177,-32.75044],[152.06184,-32.75009],[152.06199,-32.75006],[152.06214,-32.75015],[152.0622,-32.75079],[152.06257,-32.75129],[152.06232,-32.75197],[152.062,-32.75239],[152.06174,-32.75243],[152.0608,-32.75225],[152.06038,-32.75225],[152.06021,-32.75242],[152.0602,-32.75311],[152.0599,-32.75348],[152.0596,-32.75365],[152.05868,-32.75343],[152.05805,-32.75344],[152.05793,-32.75362],[152.05726,-32.75386],[152.05713,-32.754],[152.05705,-32.75367],[152.05684,-32.7535],[152.05641,-32.75365],[152.05603,-32.75395],[152.05548,-32.75421],[152.05555,-32.75437],[152.05599,-32.75447],[152.05623,-32.75474],[152.05648,-32.75475],[152.05696,-32.75454],[152.05724,-32.75402],[152.05742,-32.75388],[152.05818,-32.75355],[152.05867,-32.75353],[152.0595,-32.75377],[152.05982,-32.75366],[152.05952,-32.75424],[152.05903,-32.75609],[152.05797,-32.76156],[152.0578,-32.76176],[152.05757,-32.76244],[152.05753,-32.76278],[152.05769,-32.76314],[152.05775,-32.76309],[152.05765,-32.76286],[152.05762,-32.76247],[152.05782,-32.76185],[152.05804,-32.76153],[152.05928,-32.75548],[152.05995,-32.75352],[152.06024,-32.75319],[152.06027,-32.7525],[152.06036,-32.7524],[152.06102,-32.75241],[152.0618,-32.75257],[152.06196,-32.75271],[152.06294,-32.75438],[152.06573,-32.75523],[152.06773,-32.75566],[152.06965,-32.75669],[152.06975,-32.75668],[152.06903,-32.75622],[152.06775,-32.7556],[152.06476,-32.75489],[152.06295,-32.75432],[152.06274,-32.754],[152.0619,-32.75256],[152.06228,-32.75233],[152.06269,-32.75156],[152.06268,-32.75121],[152.06231,-32.75064],[152.06236,-32.75017],[152.06215,-32.74996],[152.06182,-32.74992],[152.0616,-32.75005],[152.06167,-32.75023],[152.06161,-32.7504],[152.06149,-32.7503],[152.06144,-32.75],[152.06174,-32.74961],[152.06227,-32.74919],[152.06279,-32.7491],[152.06364,-32.74917],[152.06395,-32.74906],[152.06401,-32.74856],[152.06419,-32.74825],[152.06394,-32.7481],[152.06334,-32.74817],[152.06314,-32.74806],[152.06297,-32.74768],[152.06291,-32.74676],[152.06307,-32.74661],[152.06382,-32.74639],[152.06392,-32.74629],[152.06397,-32.74603],[152.06373,-32.74568],[152.0635,-32.74551],[152.06332,-32.74517],[152.06208,-32.74487],[152.06141,-32.74455],[152.06135,-32.7445],[152.06148,-32.74441],[152.06188,-32.74432],[152.06188,-32.74396],[152.06151,-32.74363],[152.06123,-32.74354]],[[152.05125,-32.75135],[152.05175,-32.75006],[152.05364,-32.74846],[152.05411,-32.74695],[152.05328,-32.74497],[152.05358,-32.74489],[152.05421,-32.74633],[152.05424,-32.74727],[152.05412,-32.7477],[152.05385,-32.74831],[152.05327,-32.74921],[152.05234,-32.75004],[152.05232,-32.75021],[152.05154,-32.75145],[152.05125,-32.75135]],[[152.05308,-32.75005],[152.05438,-32.74869],[152.05491,-32.7473],[152.05538,-32.74735],[152.05484,-32.74892],[152.05336,-32.75037],[152.05308,-32.75005]],[[152.05327,-32.75036],[152.05255,-32.75167],[152.05143,-32.7531],[152.05025,-32.75343],[152.04926,-32.75347],[152.04929,-32.75306],[152.05012,-32.75309],[152.05123,-32.75278],[152.05235,-32.75157],[152.05311,-32.75018],[152.05327,-32.75036]]]}},{"type":"Feature","properties":{"name":"Central Section Sanctuary Zone","park":"Solitary Islands","zone":"Sanctuary Zone","spear":"no","kind":"mpa","note":"No-take zone: no spearfishing."},"geometry":{"type":"Polygon","coordinates":[[[153.31722,-29.9408],[153.28706,-29.9408],[153.28706,-29.97308],[153.31722,-29.97308],[153.31722,-29.96507],[153.31648,-29.96223],[153.31722,-29.95994],[153.31722,-29.9408]]]}},{"type":"Feature","properties":{"name":"North Durras Lake Sanctuary Zone","park":"Batemans","zone":"Sanctuary Zone","spear":"no","kind":"mpa","note":"No-take zone: no spearfishing."},"geometry":{"type":"Polygon","coordinates":[[[150.28596,-35.63723],[150.28576,-35.63632],[150.28589,-35.63604],[150.28615,-35.63586],[150.28665,-35.63585],[150.28818,-35.63673],[150.28861,-35.63683],[150.28886,-35.63677],[150.28912,-35.63649],[150.28959,-35.63626],[150.29029,-35.63616],[150.29194,-35.63612],[150.29289,-35.63583],[150.29369,-35.63582],[150.29411,-35.63568],[150.29464,-35.63536],[150.29552,-35.63506],[150.29624,-35.63502],[150.29693,-35.63512],[150.29811,-35.63495],[150.29889,-35.63521],[150.29937,-35.63518],[150.29936,-35.63511],[150.29895,-35.63515],[150.29835,-35.63495],[150.29823,-35.63483],[150.29786,-35.63478],[150.29691,-35.63492],[150.29662,-35.63489],[150.29687,-35.63464],[150.29617,-35.63432],[150.29493,-35.6343],[150.29365,-35.63417],[150.29255,-35.63437],[150.29164,-35.63429],[150.29111,-35.63414],[150.29076,-35.63392],[150.29063,-35.63378],[150.29051,-35.63334],[150.29043,-35.6333],[150.29031,-35.6334],[150.2904,-35.63376],[150.29011,-35.63419],[150.28992,-35.63426],[150.28986,-35.6341],[150.28989,-35.63367],[150.28973,-35.63297],[150.28976,-35.63276],[150.2897,-35.63272],[150.2896,-35.63281],[150.28959,-35.63307],[150.28974,-35.63384],[150.28971,-35.63432],[150.28952,-35.63365],[150.2892,-35.63301],[150.28896,-35.63277],[150.28862,-35.63269],[150.28762,-35.63307],[150.28699,-35.63312],[150.28648,-35.63326],[150.2856,-35.63367],[150.28526,-35.63367],[150.28456,-35.63395],[150.28387,-35.63435],[150.28317,-35.63496],[150.28221,-35.63524],[150.28194,-35.63559],[150.28194,-35.63595],[150.28217,-35.63637],[150.2826,-35.63642],[150.28332,-35.63636],[150.2841,-35.63654],[150.2844,-35.6368],[150.2846,-35.63723],[150.28596,-35.63723]]]}},{"type":"Feature","properties":{"name":"Chopper Rock, Surgeons Reef and North West Solitary Island Habitat Protection Zone","park":"Solitary Islands","zone":"Habitat Protection Zone (Restrictions Apply)","spear":"check","kind":"mpa","note":"Zone has its own rules."},"geometry":{"type":"Polygon","coordinates":[[[153.27699,-29.99842],[153.24686,-29.99842],[153.24686,-30.02484],[153.27699,-30.02484],[153.27699,-29.99842]],[[153.27282,-30.01628],[153.27284,-30.01617],[153.27293,-30.01614],[153.27282,-30.01628]],[[153.27191,-30.01889],[153.27193,-30.01878],[153.27207,-30.01875],[153.27209,-30.01885],[153.27194,-30.01903],[153.27186,-30.01898],[153.27191,-30.01889]],[[153.27258,-30.01651],[153.27275,-30.01655],[153.27267,-30.01675],[153.27248,-30.01664],[153.27258,-30.01651]],[[153.27082,-30.02036],[153.27079,-30.02023],[153.27112,-30.0202],[153.27128,-30.02039],[153.27151,-30.02042],[153.27154,-30.02051],[153.27129,-30.02056],[153.27103,-30.02049],[153.27094,-30.02034],[153.27082,-30.02036]],[[153.27031,-30.0199],[153.26747,-30.02205],[153.26822,-30.01263],[153.27162,-30.01615],[153.2719,-30.01591],[153.272,-30.01593],[153.27208,-30.01616],[153.2722,-30.01609],[153.27246,-30.01619],[153.27243,-30.01637],[153.27226,-30.01657],[153.2723,-30.01668],[153.27218,-30.01695],[153.27197,-30.0172],[153.27215,-30.01737],[153.27233,-30.01726],[153.27247,-30.01738],[153.27227,-30.01739],[153.27231,-30.01751],[153.27225,-30.0176],[153.27205,-30.01757],[153.27217,-30.01768],[153.27216,-30.01786],[153.27183,-30.01842],[153.27165,-30.01893],[153.27152,-30.01896],[153.27139,-30.01922],[153.27118,-30.01938],[153.27078,-30.02009],[153.27053,-30.02007],[153.27031,-30.0199]]]}},{"type":"Feature","properties":{"name":"Montague Island East Sanctuary Zone.Limited recreational fishing was allowed under an amnesty at 30 June 2024.","park":"Batemans","zone":"Sanctuary Zone","spear":"no","kind":"mpa","note":"No-take zone: no spearfishing."},"geometry":{"type":"Polygon","coordinates":[[[150.23077,-36.24955],[150.23077,-36.24464],[150.23059,-36.245],[150.23031,-36.24519],[150.22948,-36.24526],[150.2293,-36.24533],[150.22922,-36.24547],[150.22923,-36.24563],[150.22975,-36.24588],[150.22946,-36.24622],[150.2296,-36.2466],[150.22959,-36.24717],[150.22893,-36.24741],[150.22753,-36.24736],[150.22734,-36.24749],[150.2274,-36.24782],[150.22724,-36.24801],[150.22749,-36.24825],[150.2274,-36.24843],[150.22749,-36.24856],[150.22844,-36.2488],[150.2288,-36.24901],[150.22904,-36.24954],[150.22935,-36.24989],[150.23006,-36.24947],[150.23077,-36.24955]]]}},{"type":"Feature","properties":{"name":"Wagonga Head Habitat Protection Zone","park":"Batemans","zone":"Habitat Protection Zone (Restrictions Apply)","spear":"check","kind":"mpa","note":"Zone has its own rules."},"geometry":{"type":"Polygon","coordinates":[[[150.13952,-36.21575],[150.13723,-36.21282],[150.13561,-36.21282],[150.13569,-36.21327],[150.13655,-36.21375],[150.13662,-36.21433],[150.13684,-36.21443],[150.13681,-36.21468],[150.13728,-36.21507],[150.13733,-36.21527],[150.13764,-36.21578],[150.13828,-36.21586],[150.13859,-36.21579],[150.13883,-36.21598],[150.13896,-36.21599],[150.13921,-36.21595],[150.13952,-36.21575]]]}},{"type":"Feature","properties":{"name":"Snake Island Special Purpose Zone","park":"Batemans","zone":"Special Purpose Zone","spear":"check","kind":"mpa","note":"Zone has its own rules."},"geometry":{"type":"Polygon","coordinates":[[[150.02578,-36.36032],[150.02716,-36.35999],[150.02751,-36.36018],[150.02752,-36.36028],[150.02721,-36.36045],[150.02727,-36.36062],[150.02767,-36.36057],[150.02804,-36.3604],[150.02994,-36.36054],[150.03029,-36.36065],[150.02937,-36.36082],[150.02939,-36.36093],[150.02982,-36.3611],[150.02975,-36.36131],[150.0283,-36.36107],[150.02713,-36.36108],[150.02675,-36.36113],[150.02635,-36.36128],[150.02627,-36.36142],[150.02668,-36.36158],[150.02691,-36.36144],[150.02757,-36.36134],[150.02872,-36.3614],[150.03017,-36.36182],[150.03042,-36.36161],[150.03111,-36.36148],[150.03165,-36.36121],[150.03217,-36.36031],[150.03268,-36.36021],[150.0332,-36.35996],[150.03393,-36.35936],[150.03499,-36.35825],[150.03528,-36.35769],[150.03574,-36.35599],[150.03509,-36.35635],[150.03514,-36.35653],[150.03496,-36.35706],[150.03446,-36.35808],[150.03366,-36.35909],[150.03308,-36.35951],[150.03207,-36.3598],[150.02939,-36.35998],[150.02803,-36.35984],[150.02738,-36.35986],[150.02673,-36.35957],[150.02578,-36.36032]]]}},{"type":"Feature","properties":{"name":"The Tubes Seasonal Anchoring Area Habitat Protection Zone","park":"Jervis Bay","zone":"Habitat Protection Zone (Restrictions Apply)","spear":"check","kind":"mpa","note":"Zone has its own rules."},"geometry":{"type":"Polygon","coordinates":[[[150.80025,-35.08637],[150.79583,-35.08306],[150.79583,-35.08972],[150.79934,-35.08972],[150.79934,-35.08958],[150.79919,-35.08957],[150.79918,-35.08948],[150.79939,-35.0891],[150.79933,-35.08901],[150.7995,-35.08849],[150.79947,-35.08842],[150.7992,-35.0884],[150.79928,-35.08812],[150.79923,-35.08794],[150.79935,-35.0878],[150.7993,-35.08727],[150.79934,-35.08718],[150.79988,-35.08712],[150.80001,-35.08652],[150.80025,-35.08637]]]}},{"type":"Feature","properties":{"name":"Bushrangers Bay Aquatic Reserve (Sanctuary)","park":"Bushrangers Bay","zone":"Aquatic Reserve (Sanctuary)","spear":"no","kind":"mpa","note":"No-take zone: no spearfishing."},"geometry":{"type":"Polygon","coordinates":[[[150.90119,-34.59751],[150.90046,-34.59731],[150.89998,-34.59695],[150.89963,-34.5971],[150.89956,-34.59737],[150.89972,-34.59755],[150.90032,-34.59783],[150.9009,-34.59778],[150.90105,-34.59788],[150.90112,-34.59815],[150.90146,-34.59835],[150.9019,-34.59832],[150.90261,-34.59846],[150.90304,-34.59866],[150.90372,-34.59772],[150.90285,-34.59766],[150.90238,-34.5972],[150.90224,-34.59716],[150.902,-34.59716],[150.90166,-34.59743],[150.90119,-34.59751]]]}},{"type":"Feature","properties":{"name":"Flat Top Point Sanctuary Zone","park":"Solitary Islands","zone":"Sanctuary Zone","spear":"no","kind":"mpa","note":"No-take zone: no spearfishing."},"geometry":{"type":"Polygon","coordinates":[[[153.20594,-30.12974],[153.20594,-30.1326],[153.20639,-30.13268],[153.2069,-30.13288],[153.20732,-30.13293],[153.20801,-30.13279],[153.20852,-30.13256],[153.20871,-30.13259],[153.20939,-30.13246],[153.21001,-30.13204],[153.21028,-30.13168],[153.2106,-30.13147],[153.21099,-30.13088],[153.21121,-30.13001],[153.21107,-30.12926],[153.21068,-30.12868],[153.21007,-30.12827],[153.20901,-30.12805],[153.20798,-30.12824],[153.20752,-30.12804],[153.20594,-30.12769],[153.20594,-30.12963],[153.20607,-30.12968],[153.20601,-30.12951],[153.20636,-30.12973],[153.20656,-30.12966],[153.20684,-30.12978],[153.2071,-30.12978],[153.20715,-30.12985],[153.20702,-30.1299],[153.20705,-30.13013],[153.20762,-30.12999],[153.20762,-30.13005],[153.20774,-30.13001],[153.20795,-30.13013],[153.20814,-30.13002],[153.20828,-30.13003],[153.2083,-30.13012],[153.20841,-30.13014],[153.20852,-30.12996],[153.20884,-30.13001],[153.20901,-30.12985],[153.20919,-30.12992],[153.2091,-30.12996],[153.20912,-30.13002],[153.20938,-30.12994],[153.20941,-30.13002],[153.20929,-30.13011],[153.20932,-30.13019],[153.20889,-30.13029],[153.20903,-30.13039],[153.20866,-30.13038],[153.20884,-30.13062],[153.20874,-30.13064],[153.20874,-30.13077],[153.2086,-30.13067],[153.20871,-30.13079],[153.20846,-30.1307],[153.20837,-30.13053],[153.2083,-30.13062],[153.20838,-30.13076],[153.20821,-30.13079],[153.20811,-30.13063],[153.20805,-30.13073],[153.20811,-30.13083],[153.20782,-30.13078],[153.20779,-30.13086],[153.20787,-30.13088],[153.20757,-30.13096],[153.20732,-30.13113],[153.20659,-30.13078],[153.20647,-30.13064],[153.20658,-30.13048],[153.20632,-30.12999],[153.20619,-30.12989],[153.20613,-30.12995],[153.20604,-30.12974],[153.20594,-30.12974]]]}},{"type":"Feature","properties":{"name":"Open Ocean Habitat Protection Zone","park":"Port Stephens - Great Lakes","zone":"Habitat Protection Zone (Restrictions Apply)","spear":"check","kind":"mpa","note":"Zone has its own rules."},"geometry":{"type":"Polygon","coordinates":[[[152.37168,-32.66523],[152.37501,-32.66292],[152.37813,-32.66041],[152.38124,-32.65751],[152.38398,-32.65458],[152.38645,-32.65149],[152.38865,-32.64824],[152.39052,-32.64503],[152.39212,-32.64182],[152.39348,-32.63846],[152.39455,-32.63504],[152.39533,-32.63156],[152.39582,-32.62804],[152.39622,-32.62287],[152.39622,-32.61937],[152.39591,-32.61579],[152.39542,-32.61285],[152.34937,-32.60947],[152.34937,-32.62503],[152.34862,-32.63],[152.34357,-32.6358],[152.3316,-32.64167],[152.37085,-32.66574],[152.37168,-32.66523]]]}},{"type":"Feature","properties":{"name":"Moonee Beach Habitat Protection Zone","park":"Solitary Islands","zone":"Habitat Protection Zone (Restrictions Apply)","spear":"check","kind":"mpa","note":"Zone has its own rules."},"geometry":{"type":"Polygon","coordinates":[[[153.18264,-30.18073],[153.18169,-30.18029],[153.18116,-30.18068],[153.17992,-30.18184],[153.17927,-30.1826],[153.17874,-30.18301],[153.17754,-30.18436],[153.17682,-30.18502],[153.17475,-30.18759],[153.17405,-30.18831],[153.17305,-30.18969],[153.17174,-30.19105],[153.17153,-30.19143],[153.17054,-30.19267],[153.16839,-30.19587],[153.16735,-30.19722],[153.16677,-30.19821],[153.16793,-30.19821],[153.17143,-30.19313],[153.17241,-30.1919],[153.1726,-30.19155],[153.17389,-30.19021],[153.1749,-30.18883],[153.17557,-30.18815],[153.17704,-30.18627],[153.17953,-30.18359],[153.18004,-30.18321],[153.18071,-30.18242],[153.18166,-30.1815],[153.18264,-30.18073]]]}},{"type":"Feature","properties":{"name":"Congo South Beach Habitat Protection Zone","park":"Batemans","zone":"Habitat Protection Zone (Restrictions Apply)","spear":"check","kind":"mpa","note":"Zone has its own rules."},"geometry":{"type":"Polygon","coordinates":[[[150.15603,-35.96208],[150.15492,-35.96208],[150.15417,-35.96382],[150.15373,-35.96539],[150.15358,-35.96612],[150.15353,-35.96712],[150.1537,-35.96748],[150.1536,-35.968],[150.15372,-35.96804],[150.15372,-35.96837],[150.15392,-35.96895],[150.15357,-35.96931],[150.15313,-35.96954],[150.15283,-35.96988],[150.15263,-35.97039],[150.15285,-35.97118],[150.15283,-35.97145],[150.15252,-35.97191],[150.15181,-35.97265],[150.15186,-35.97295],[150.15181,-35.97323],[150.15195,-35.97384],[150.15188,-35.9742],[150.15193,-35.97454],[150.1522,-35.97482],[150.15235,-35.97483],[150.1523,-35.97491],[150.15253,-35.97514],[150.1522,-35.97536],[150.15222,-35.97543],[150.15189,-35.97555],[150.15142,-35.97592],[150.15127,-35.97689],[150.15135,-35.97715],[150.15157,-35.97736],[150.15162,-35.97754],[150.15155,-35.97763],[150.15155,-35.97858],[150.15267,-35.97858],[150.1525,-35.9781],[150.15269,-35.97777],[150.15273,-35.97746],[150.15261,-35.97705],[150.15241,-35.97677],[150.15245,-35.97638],[150.15293,-35.97612],[150.15336,-35.97577],[150.15362,-35.9753],[150.15355,-35.97479],[150.15326,-35.97431],[150.15303,-35.97412],[150.15297,-35.97293],[150.15365,-35.97216],[150.1539,-35.97168],[150.15396,-35.97111],[150.15376,-35.97049],[150.15382,-35.97037],[150.15465,-35.96971],[150.155,-35.96915],[150.15502,-35.96874],[150.15483,-35.96817],[150.15481,-35.9674],[150.15465,-35.96696],[150.15468,-35.96621],[150.15524,-35.96407],[150.15603,-35.96208]]]}},{"type":"Feature","properties":{"name":"Special Purpose Zone 3 (Pipe Clay Lake Habitat Rehabilitation)","park":"Solitary Islands","zone":"Special Purpose Zone","spear":"check","kind":"mpa","note":"Zone has its own rules."},"geometry":{"type":"Polygon","coordinates":[[[153.20651,-30.02188],[153.20636,-30.02177],[153.20633,-30.02164],[153.20643,-30.02122],[153.20674,-30.02082],[153.20626,-30.0201],[153.20644,-30.01915],[153.20614,-30.02009],[153.20646,-30.02078],[153.2062,-30.02171],[153.2059,-30.02182],[153.20561,-30.02202],[153.20556,-30.02214],[153.20503,-30.02214],[153.20558,-30.02232],[153.20571,-30.02249],[153.20575,-30.02272],[153.20565,-30.02318],[153.20527,-30.02354],[153.20499,-30.02366],[153.20502,-30.02374],[153.20527,-30.02383],[153.20513,-30.02408],[153.20423,-30.02468],[153.20411,-30.02496],[153.20416,-30.02527],[153.20409,-30.02548],[153.20364,-30.02561],[153.20323,-30.02591],[153.20364,-30.02568],[153.20415,-30.02554],[153.20423,-30.02543],[153.20427,-30.02474],[153.20537,-30.02399],[153.20538,-30.0236],[153.2059,-30.02318],[153.20599,-30.02282],[153.20587,-30.02219],[153.20604,-30.02216],[153.20636,-30.0223],[153.20655,-30.02255],[153.20668,-30.02239],[153.20667,-30.02199],[153.20651,-30.02188]]]}},{"type":"Feature","properties":{"name":"Cullendulla Creek Sanctuary Zone","park":"Batemans","zone":"Sanctuary Zone","spear":"no","kind":"mpa","note":"No-take zone: no spearfishing."},"geometry":{"type":"Polygon","coordinates":[[[150.20934,-35.70461],[150.20971,-35.70413],[150.20967,-35.7036],[150.20978,-35.70323],[150.21029,-35.70246],[150.21022,-35.70184],[150.20985,-35.70096],[150.20995,-35.69955],[150.20965,-35.69901],[150.21003,-35.69711],[150.2106,-35.69636],[150.21072,-35.696],[150.21047,-35.69484],[150.21087,-35.69415],[150.21089,-35.69381],[150.21085,-35.69365],[150.21053,-35.69336],[150.20868,-35.69283],[150.20838,-35.6928],[150.20811,-35.69255],[150.20782,-35.69208],[150.20774,-35.69183],[150.20782,-35.69099],[150.20791,-35.6909],[150.2083,-35.69096],[150.20853,-35.69077],[150.20858,-35.69062],[150.20854,-35.69031],[150.20822,-35.68979],[150.20824,-35.68953],[150.20834,-35.68928],[150.20876,-35.68884],[150.20915,-35.68796],[150.20918,-35.68765],[150.209,-35.68708],[150.20857,-35.68653],[150.20829,-35.68638],[150.20797,-35.68638],[150.20778,-35.68622],[150.20776,-35.68599],[150.20759,-35.68579],[150.2074,-35.68488],[150.20716,-35.68444],[150.2071,-35.68403],[150.20718,-35.68365],[150.20733,-35.68354],[150.20885,-35.68349],[150.20938,-35.68334],[150.20983,-35.68296],[150.20997,-35.68263],[150.2099,-35.68231],[150.20995,-35.68174],[150.20973,-35.68089],[150.20977,-35.68076],[150.21041,-35.68106],[150.21084,-35.68108],[150.21121,-35.68092],[150.21163,-35.68044],[150.21161,-35.67999],[150.21176,-35.67949],[150.21174,-35.67928],[150.2114,-35.67909],[150.21086,-35.6795],[150.21068,-35.6795],[150.21067,-35.67917],[150.21082,-35.67828],[150.21066,-35.67826],[150.21048,-35.67924],[150.21052,-35.67961],[150.21065,-35.67974],[150.21091,-35.67976],[150.21131,-35.67931],[150.21141,-35.67931],[150.21152,-35.67944],[150.21145,-35.67988],[150.21123,-35.68033],[150.21079,-35.68085],[150.21018,-35.68072],[150.20957,-35.68021],[150.20943,-35.68028],[150.20941,-35.68057],[150.20935,-35.68051],[150.20924,-35.68061],[150.20944,-35.68085],[150.20954,-35.68146],[150.20966,-35.68169],[150.20962,-35.6822],[150.20972,-35.68261],[150.20957,-35.68291],[150.20943,-35.68305],[150.20905,-35.68315],[150.2082,-35.68312],[150.20717,-35.68323],[150.20678,-35.68337],[150.20657,-35.68358],[150.20653,-35.68421],[150.20663,-35.68463],[150.2067,-35.6864],[150.20734,-35.68829],[150.20724,-35.68849],[150.20661,-35.689],[150.20632,-35.6897],[150.20631,-35.69117],[150.2066,-35.69252],[150.20595,-35.69264],[150.20562,-35.69289],[150.20514,-35.69286],[150.20476,-35.69299],[150.20459,-35.69312],[150.20443,-35.69346],[150.20398,-35.69376],[150.20382,-35.69401],[150.20363,-35.69411],[150.20332,-35.69387],[150.20277,-35.6938],[150.20177,-35.69335],[150.20172,-35.69302],[150.20213,-35.69204],[150.2021,-35.6919],[150.20156,-35.69285],[150.2016,-35.69336],[150.20167,-35.69348],[150.2016,-35.69366],[150.20097,-35.69409],[150.20087,-35.69438],[150.20059,-35.69467],[150.19946,-35.69509],[150.19955,-35.69515],[150.20006,-35.69501],[150.20074,-35.69472],[150.20095,-35.69452],[150.20105,-35.69417],[150.20183,-35.69368],[150.20297,-35.69394],[150.20368,-35.69423],[150.2039,-35.69414],[150.20418,-35.69382],[150.20444,-35.69366],[150.20473,-35.69319],[150.20496,-35.69302],[150.20562,-35.69302],[150.20624,-35.69271],[150.20679,-35.69271],[150.20745,-35.69292],[150.20784,-35.69319],[150.20804,-35.69362],[150.20818,-35.69449],[150.20855,-35.69485],[150.20882,-35.69534],[150.20906,-35.69554],[150.20925,-35.69624],[150.20869,-35.69621],[150.20853,-35.6958],[150.20784,-35.69585],[150.20772,-35.69544],[150.20729,-35.69537],[150.20694,-35.69516],[150.20673,-35.69522],[150.20669,-35.6955],[150.20677,-35.69529],[150.20687,-35.69524],[150.20765,-35.69551],[150.20777,-35.69593],[150.20846,-35.69586],[150.20873,-35.69662],[150.20926,-35.69704],[150.20881,-35.6983],[150.20893,-35.6988],[150.20886,-35.70004],[150.20901,-35.70071],[150.209,-35.701],[150.20843,-35.70161],[150.20934,-35.70461]]]}},{"type":"Feature","properties":{"name":"Special Purpose Zone 2 (Wooli Wooli River Oyster Aquaculture)","park":"Solitary Islands","zone":"Special Purpose Zone","spear":"check","kind":"mpa","note":"Zone has its own rules."},"geometry":{"type":"Polygon","coordinates":[[[153.25935,-29.85877],[153.2594,-29.85801],[153.25911,-29.858],[153.25908,-29.85884],[153.25935,-29.85877]]]}},{"type":"Feature","properties":{"name":"Minnie Water Back Beach Habitat Protection Zone","park":"Solitary Islands","zone":"Habitat Protection Zone (Restrictions Apply)","spear":"check","kind":"mpa","note":"Zone has its own rules."},"geometry":{"type":"Polygon","coordinates":[[[153.29478,-29.78588],[153.29363,-29.78588],[153.29331,-29.78666],[153.29252,-29.78801],[153.29021,-29.79272],[153.28853,-29.79656],[153.28817,-29.79772],[153.28776,-29.79841],[153.28733,-29.79891],[153.28753,-29.79902],[153.28758,-29.7992],[153.28696,-29.80098],[153.28685,-29.80214],[153.28687,-29.80338],[153.28677,-29.80492],[153.28687,-29.80564],[153.28716,-29.80637],[153.28819,-29.80637],[153.28792,-29.80573],[153.28781,-29.805],[153.2879,-29.80341],[153.28788,-29.80208],[153.28798,-29.80113],[153.28858,-29.79945],[153.28859,-29.79895],[153.28918,-29.79794],[153.28951,-29.79686],[153.29057,-29.79444],[153.29141,-29.79299],[153.29478,-29.78588]]]}},{"type":"Feature","properties":{"name":"Upper Currambene Creek Sanctuary Zone","park":"Jervis Bay","zone":"Sanctuary Zone","spear":"no","kind":"mpa","note":"No-take zone: no spearfishing."},"geometry":{"type":"Polygon","coordinates":[[[150.64361,-35.00699],[150.64345,-35.00724],[150.64323,-35.00735],[150.6428,-35.00738],[150.6427,-35.00729],[150.64253,-35.00644],[150.64166,-35.00613],[150.64127,-35.00623],[150.64092,-35.00677],[150.64031,-35.00704],[150.63881,-35.00718],[150.6381,-35.00711],[150.63783,-35.00687],[150.6378,-35.00676],[150.63806,-35.00635],[150.63818,-35.0056],[150.63801,-35.00496],[150.6376,-35.00426],[150.63757,-35.00379],[150.63765,-35.00355],[150.63814,-35.00321],[150.63814,-35.00312],[150.63775,-35.00263],[150.63706,-35.00227],[150.63537,-35.00183],[150.63466,-35.00196],[150.63335,-35.00257],[150.63227,-35.00257],[150.63152,-35.00205],[150.62981,-34.99992],[150.62953,-34.99968],[150.62856,-34.99918],[150.62638,-34.99894],[150.62542,-34.99903],[150.62462,-34.99925],[150.62355,-34.9994],[150.62271,-34.99946],[150.62214,-34.99935],[150.62206,-34.99923],[150.62212,-34.99893],[150.62238,-34.99834],[150.62305,-34.99731],[150.62274,-34.99449],[150.62283,-34.99368],[150.62511,-34.99197],[150.62558,-34.99144],[150.62551,-34.99101],[150.62469,-34.99045],[150.62422,-34.99032],[150.6234,-34.98994],[150.62227,-34.98918],[150.62165,-34.98854],[150.62111,-34.98764],[150.62032,-34.98711],[150.61752,-34.98635],[150.61579,-34.98553],[150.61505,-34.98505],[150.61469,-34.98456],[150.61441,-34.98389],[150.61437,-34.98308],[150.61453,-34.98233],[150.6151,-34.9812],[150.61524,-34.98109],[150.61519,-34.98097],[150.61526,-34.98032],[150.61506,-34.97988],[150.61464,-34.97946],[150.61414,-34.9792],[150.61309,-34.97885],[150.61076,-34.97888],[150.61011,-34.97865],[150.60974,-34.97843],[150.60904,-34.97768],[150.60744,-34.97501],[150.60708,-34.97466],[150.60635,-34.97435],[150.60413,-34.97452],[150.60188,-34.97503],[150.60067,-34.97547],[150.59962,-34.97597],[150.59916,-34.97601],[150.59894,-34.97543],[150.59892,-34.97497],[150.59929,-34.9727],[150.59957,-34.9723],[150.60032,-34.97175],[150.60048,-34.97148],[150.60045,-34.97073],[150.60027,-34.97031],[150.60006,-34.97022],[150.59954,-34.97036],[150.59862,-34.97026],[150.59847,-34.97033],[150.59851,-34.97049],[150.59934,-34.97048],[150.59997,-34.97067],[150.60013,-34.97095],[150.60021,-34.97139],[150.60011,-34.97161],[150.59907,-34.97241],[150.59862,-34.97521],[150.59869,-34.97575],[150.59892,-34.97612],[150.59919,-34.9763],[150.5997,-34.97622],[150.60075,-34.97569],[150.60175,-34.97534],[150.60379,-34.97492],[150.60598,-34.9747],[150.60667,-34.97483],[150.60731,-34.97537],[150.60843,-34.97731],[150.60902,-34.97814],[150.60966,-34.97878],[150.61002,-34.97895],[150.61086,-34.97917],[150.61337,-34.9792],[150.61422,-34.97948],[150.61487,-34.98005],[150.61502,-34.9805],[150.61499,-34.98068],[150.61474,-34.98125],[150.61434,-34.98174],[150.6141,-34.98235],[150.61397,-34.98303],[150.61403,-34.98386],[150.61434,-34.98461],[150.6148,-34.98521],[150.61506,-34.98542],[150.61666,-34.98624],[150.61857,-34.98692],[150.61927,-34.98704],[150.62018,-34.98733],[150.62085,-34.98774],[150.62109,-34.98799],[150.62151,-34.98877],[150.62209,-34.98938],[150.62397,-34.9905],[150.62453,-34.9906],[150.62521,-34.99108],[150.62524,-34.99131],[150.62465,-34.99201],[150.62384,-34.9926],[150.62292,-34.99311],[150.62262,-34.99344],[150.62243,-34.9942],[150.6227,-34.99601],[150.62275,-34.99705],[150.62263,-34.99753],[150.6219,-34.9985],[150.62164,-34.99899],[150.6217,-34.99937],[150.62194,-34.99966],[150.62227,-34.99976],[150.62412,-34.99965],[150.6256,-34.99927],[150.62623,-34.99919],[150.62741,-34.99927],[150.62896,-34.9996],[150.62943,-34.99988],[150.62988,-35.00038],[150.63129,-35.00224],[150.63196,-35.00271],[150.63254,-35.00284],[150.63319,-35.00282],[150.63478,-35.00217],[150.63541,-35.00208],[150.63612,-35.00223],[150.63768,-35.00291],[150.6378,-35.00308],[150.63733,-35.00345],[150.63727,-35.00402],[150.63789,-35.00559],[150.63785,-35.0061],[150.63774,-35.00627],[150.63752,-35.00623],[150.6374,-35.0064],[150.63747,-35.0068],[150.63779,-35.00726],[150.63911,-35.00747],[150.64013,-35.00742],[150.64101,-35.00702],[150.64155,-35.00661],[150.64203,-35.00648],[150.64228,-35.00663],[150.64239,-35.00685],[150.64158,-35.00766],[150.64161,-35.00779],[150.64201,-35.008],[150.64356,-35.00761],[150.64361,-35.00699]]]}},{"type":"Feature","properties":{"name":"Narooma Wharf Special Purpose Zone","park":"Batemans","zone":"Special Purpose Zone","spear":"check","kind":"mpa","note":"Zone has its own rules."},"geometry":{"type":"Polygon","coordinates":[[[150.13342,-36.21585],[150.1307,-36.21475],[150.13058,-36.21495],[150.13203,-36.21571],[150.13187,-36.21593],[150.13202,-36.21607],[150.13246,-36.21614],[150.13278,-36.2161],[150.1332,-36.21628],[150.13345,-36.2161],[150.13342,-36.21585]]]}},{"type":"Feature","properties":{"name":"Meringo Lake Sanctuary Zone","park":"Batemans","zone":"Sanctuary Zone","spear":"no","kind":"mpa","note":"No-take zone: no spearfishing."},"geometry":{"type":"Polygon","coordinates":[[[150.15155,-35.97763],[150.15014,-35.9782],[150.14836,-35.97836],[150.14783,-35.97833],[150.1472,-35.9778],[150.14564,-35.97758],[150.14486,-35.97725],[150.14448,-35.9769],[150.14347,-35.97546],[150.14346,-35.97577],[150.14361,-35.97631],[150.14387,-35.97677],[150.14454,-35.97751],[150.14479,-35.97817],[150.14517,-35.97848],[150.14579,-35.97862],[150.14588,-35.97867],[150.14586,-35.97882],[150.1454,-35.97897],[150.14514,-35.97895],[150.14289,-35.97823],[150.14173,-35.97801],[150.14147,-35.97801],[150.14022,-35.9783],[150.13901,-35.97804],[150.13795,-35.97815],[150.13706,-35.97795],[150.13642,-35.9777],[150.13638,-35.97789],[150.13765,-35.97822],[150.13884,-35.97825],[150.13996,-35.97842],[150.14181,-35.97821],[150.14219,-35.97824],[150.14255,-35.97842],[150.14324,-35.9786],[150.1436,-35.97879],[150.14402,-35.97917],[150.14366,-35.97933],[150.14295,-35.9793],[150.14307,-35.9794],[150.14353,-35.9795],[150.14469,-35.97941],[150.14499,-35.97952],[150.14514,-35.97975],[150.14515,-35.97991],[150.14453,-35.98058],[150.14521,-35.98024],[150.14561,-35.97985],[150.14587,-35.97995],[150.14594,-35.97987],[150.14592,-35.97965],[150.14604,-35.97943],[150.1469,-35.97901],[150.14717,-35.97903],[150.14742,-35.97923],[150.1476,-35.97962],[150.14767,-35.98001],[150.14779,-35.98016],[150.14806,-35.98025],[150.14832,-35.98022],[150.14828,-35.9801],[150.14791,-35.9799],[150.14777,-35.97973],[150.14785,-35.97915],[150.14795,-35.97902],[150.14882,-35.97874],[150.15062,-35.97839],[150.15114,-35.97841],[150.15155,-35.97858],[150.15155,-35.97763]]]}},{"type":"Feature","properties":{"name":"Bengello Creek Sanctuary Zone","park":"Batemans","zone":"Sanctuary Zone","spear":"no","kind":"mpa","note":"No-take zone: no spearfishing."},"geometry":{"type":"Polygon","coordinates":[[[150.16272,-35.86738],[150.16232,-35.86742],[150.16179,-35.86761],[150.16157,-35.86792],[150.16131,-35.86811],[150.16001,-35.86818],[150.15965,-35.86833],[150.15897,-35.86928],[150.15866,-35.86959],[150.15812,-35.87044],[150.1579,-35.87055],[150.15766,-35.87055],[150.15745,-35.87031],[150.15729,-35.87031],[150.15732,-35.87041],[150.15774,-35.87075],[150.15801,-35.87081],[150.15831,-35.87072],[150.1586,-35.87042],[150.1586,-35.87004],[150.15871,-35.86981],[150.1599,-35.86843],[150.16154,-35.86821],[150.16196,-35.86771],[150.16214,-35.86762],[150.16233,-35.8678],[150.16272,-35.86738]]]}},{"type":"Feature","properties":{"name":"Station Creek Sanctuary Zone","park":"Solitary Islands","zone":"Sanctuary Zone","spear":"no","kind":"mpa","note":"No-take zone: no spearfishing."},"geometry":{"type":"Polygon","coordinates":[[[153.2465,-29.948],[153.24685,-29.94773],[153.24769,-29.94757],[153.24851,-29.9473],[153.24936,-29.94682],[153.24974,-29.94648],[153.25011,-29.94601],[153.25022,-29.94572],[153.25018,-29.94509],[153.24996,-29.94428],[153.24981,-29.94408],[153.24955,-29.94405],[153.2493,-29.94392],[153.24899,-29.94396],[153.24853,-29.94323],[153.24793,-29.94286],[153.2477,-29.94233],[153.24767,-29.94163],[153.24776,-29.94108],[153.24766,-29.94087],[153.24677,-29.94026],[153.24569,-29.93989],[153.24516,-29.93945],[153.24542,-29.93998],[153.24501,-29.9402],[153.24478,-29.94068],[153.2441,-29.94073],[153.24395,-29.94083],[153.24381,-29.9411],[153.24389,-29.94142],[153.24449,-29.9418],[153.24467,-29.94207],[153.24463,-29.94248],[153.24434,-29.94288],[153.24416,-29.94292],[153.24365,-29.94287],[153.24143,-29.94245],[153.24126,-29.94254],[153.24155,-29.94262],[153.24111,-29.94263],[153.24025,-29.94241],[153.23999,-29.94198],[153.23989,-29.94159],[153.24025,-29.94162],[153.24053,-29.94138],[153.24087,-29.9405],[153.24085,-29.94023],[153.24045,-29.93994],[153.24011,-29.93987],[153.23993,-29.93992],[153.23965,-29.94021],[153.2393,-29.94033],[153.23936,-29.9404],[153.23966,-29.94033],[153.24034,-29.94005],[153.24055,-29.94013],[153.24062,-29.94045],[153.24036,-29.94115],[153.2402,-29.94125],[153.23945,-29.94068],[153.23933,-29.94071],[153.23928,-29.94094],[153.23876,-29.94027],[153.23875,-29.94008],[153.23906,-29.9395],[153.23998,-29.93877],[153.24005,-29.93845],[153.24042,-29.93804],[153.24063,-29.93791],[153.24142,-29.93774],[153.24192,-29.93755],[153.24209,-29.93664],[153.24196,-29.93624],[153.2417,-29.93609],[153.24114,-29.93625],[153.24099,-29.9362],[153.24094,-29.93498],[153.24064,-29.93452],[153.24017,-29.9343],[153.23949,-29.93431],[153.23927,-29.93418],[153.23916,-29.93378],[153.23917,-29.93322],[153.23906,-29.93285],[153.23888,-29.93275],[153.23818,-29.93268],[153.23821,-29.93277],[153.23895,-29.93292],[153.23904,-29.93308],[153.23908,-29.93411],[153.23929,-29.93436],[153.24016,-29.93437],[153.24074,-29.93476],[153.24084,-29.93496],[153.24087,-29.93635],[153.24115,-29.93637],[153.24155,-29.93625],[153.24188,-29.93629],[153.24195,-29.93684],[153.24186,-29.93746],[153.24081,-29.9377],[153.24034,-29.93795],[153.23986,-29.93842],[153.23967,-29.9389],[153.23908,-29.9393],[153.23857,-29.94],[153.23827,-29.9397],[153.2378,-29.9389],[153.23751,-29.93812],[153.23746,-29.93773],[153.23734,-29.93758],[153.23706,-29.93745],[153.23616,-29.93725],[153.23591,-29.93725],[153.23572,-29.93734],[153.23565,-29.93748],[153.23576,-29.93847],[153.23568,-29.93911],[153.23534,-29.93971],[153.23507,-29.93992],[153.23482,-29.93999],[153.23391,-29.94001],[153.23344,-29.94019],[153.23323,-29.94017],[153.23312,-29.93995],[153.23315,-29.93923],[153.23296,-29.93879],[153.23233,-29.93811],[153.23122,-29.93727],[153.23075,-29.93723],[153.23057,-29.93734],[153.23056,-29.93749],[153.23062,-29.93773],[153.23078,-29.9379],[153.23114,-29.93801],[153.23143,-29.93821],[153.23144,-29.93833],[153.23133,-29.93847],[153.23117,-29.9385],[153.22953,-29.93821],[153.22951,-29.93829],[153.23035,-29.9384],[153.23082,-29.93858],[153.23119,-29.93859],[153.23161,-29.93848],[153.2317,-29.93825],[153.23156,-29.93811],[153.23067,-29.93767],[153.23071,-29.93741],[153.23087,-29.93735],[153.23104,-29.93734],[153.23135,-29.93749],[153.23273,-29.93859],[153.233,-29.93895],[153.23309,-29.93928],[153.23303,-29.93998],[153.23324,-29.94027],[153.2335,-29.94027],[153.23385,-29.94014],[153.23497,-29.94011],[153.23532,-29.93987],[153.23579,-29.93915],[153.23586,-29.93863],[153.23578,-29.93757],[153.23587,-29.93743],[153.23642,-29.93739],[153.2372,-29.93761],[153.23732,-29.93782],[153.23735,-29.93817],[153.23767,-29.93925],[153.23812,-29.94004],[153.23787,-29.94022],[153.23807,-29.94022],[153.2381,-29.94031],[153.23741,-29.94091],[153.23805,-29.94074],[153.23822,-29.94055],[153.23846,-29.9405],[153.23893,-29.94106],[153.23861,-29.94114],[153.23887,-29.94128],[153.23892,-29.94144],[153.23909,-29.94131],[153.23916,-29.94135],[153.23945,-29.94174],[153.23934,-29.94187],[153.23974,-29.94234],[153.24006,-29.94258],[153.24095,-29.94285],[153.24146,-29.94291],[153.24153,-29.94298],[153.24151,-29.94311],[153.24185,-29.94295],[153.24207,-29.94304],[153.24282,-29.94309],[153.24288,-29.94311],[153.24286,-29.94333],[153.24312,-29.94342],[153.24338,-29.94368],[153.24375,-29.94349],[153.244,-29.94347],[153.24466,-29.94294],[153.24486,-29.94258],[153.245,-29.94189],[153.24527,-29.94154],[153.24543,-29.94108],[153.24544,-29.94074],[153.24536,-29.94054],[153.24543,-29.94034],[153.24553,-29.94042],[153.24585,-29.94041],[153.24595,-29.94025],[153.24606,-29.94024],[153.24656,-29.94072],[153.24722,-29.94112],[153.24723,-29.9413],[153.24702,-29.94165],[153.24738,-29.94274],[153.24859,-29.94421],[153.24959,-29.94504],[153.24989,-29.94579],[153.24982,-29.94586],[153.24973,-29.94569],[153.24965,-29.94588],[153.24973,-29.94608],[153.24944,-29.9463],[153.24933,-29.94623],[153.24929,-29.94608],[153.24914,-29.94635],[153.24929,-29.94641],[153.24901,-29.94646],[153.24855,-29.94678],[153.24833,-29.94662],[153.2482,-29.9462],[153.24792,-29.94601],[153.24693,-29.94604],[153.24637,-29.94633],[153.24606,-29.94668],[153.24616,-29.9473],[153.2461,-29.94776],[153.2465,-29.948]],[[153.24841,-29.94684],[153.24836,-29.94693],[153.24796,-29.94713],[153.24782,-29.947],[153.24831,-29.94676],[153.24841,-29.94684]]]}},{"type":"Feature","properties":{"name":"Wowly Gully Sanctuary Zone","park":"Jervis Bay","zone":"Sanctuary Zone","spear":"no","kind":"mpa","note":"No-take zone: no spearfishing."},"geometry":{"type":"Polygon","coordinates":[[[150.72917,-34.995],[150.729,-34.99482],[150.72904,-34.99468],[150.72931,-34.99463],[150.72978,-34.99436],[150.7311,-34.99318],[150.73151,-34.99299],[150.73215,-34.99294],[150.73278,-34.99271],[150.73398,-34.99188],[150.7342,-34.99162],[150.73447,-34.99151],[150.73461,-34.99072],[150.73462,-34.99048],[150.73453,-34.99027],[150.73462,-34.99017],[150.73528,-34.98814],[150.73517,-34.98784],[150.73515,-34.98734],[150.73497,-34.98678],[150.73458,-34.98632],[150.73357,-34.98554],[150.73345,-34.98527],[150.733,-34.98502],[150.73187,-34.98469],[150.73141,-34.9847],[150.73197,-34.98478],[150.73291,-34.98509],[150.7343,-34.98639],[150.73437,-34.9866],[150.73433,-34.98696],[150.73451,-34.98734],[150.73455,-34.98786],[150.73477,-34.98844],[150.73468,-34.98877],[150.73447,-34.98886],[150.73439,-34.98903],[150.73405,-34.98911],[150.73353,-34.99062],[150.7334,-34.99058],[150.73331,-34.99098],[150.73306,-34.99131],[150.73263,-34.99171],[150.73233,-34.9919],[150.73217,-34.9919],[150.73176,-34.99232],[150.73142,-34.99236],[150.73098,-34.9927],[150.73031,-34.99291],[150.73046,-34.99307],[150.73025,-34.99345],[150.72975,-34.99394],[150.72925,-34.99431],[150.7287,-34.9944],[150.72847,-34.99452],[150.72841,-34.99472],[150.7285,-34.99509],[150.72833,-34.99528],[150.72917,-34.995]]]}},{"type":"Feature","properties":{"name":"Myall Lake Number 1 Sanctuary Zone","park":"Port Stephens - Great Lakes","zone":"Sanctuary Zone","spear":"no","kind":"mpa","note":"No-take zone: no spearfishing."},"geometry":{"type":"Polygon","coordinates":[[[152.44662,-32.40185],[152.4464,-32.40177],[152.44584,-32.40129],[152.44559,-32.40089],[152.44529,-32.40064],[152.4448,-32.40045],[152.44419,-32.40003],[152.44296,-32.39956],[152.44233,-32.39912],[152.4413,-32.39739],[152.44099,-32.39714],[152.44077,-32.39674],[152.43996,-32.39612],[152.43974,-32.39572],[152.43908,-32.39503],[152.43859,-32.39477],[152.43815,-32.39438],[152.43783,-32.39425],[152.43724,-32.39445],[152.43663,-32.39349],[152.43641,-32.39335],[152.4355,-32.3933],[152.43504,-32.39319],[152.4343,-32.39263],[152.43338,-32.39242],[152.43023,-32.39113],[152.42977,-32.39113],[152.42857,-32.39047],[152.42724,-32.39015],[152.42572,-32.39011],[152.42532,-32.39017],[152.42513,-32.39028],[152.42489,-32.39067],[152.42488,-32.39148],[152.42472,-32.39179],[152.42439,-32.39191],[152.42279,-32.39208],[152.42181,-32.39256],[152.42159,-32.39283],[152.42148,-32.3932],[152.42156,-32.39355],[152.4218,-32.39401],[152.42177,-32.39428],[152.42157,-32.39448],[152.42082,-32.39485],[152.41979,-32.39581],[152.41957,-32.39617],[152.41934,-32.39695],[152.41908,-32.39712],[152.41853,-32.39721],[152.41772,-32.39785],[152.41728,-32.39858],[152.41695,-32.39992],[152.41702,-32.40046],[152.41774,-32.40131],[152.41845,-32.40181],[152.42054,-32.40277],[152.42126,-32.40347],[152.42138,-32.40363],[152.42142,-32.40392],[152.44662,-32.40185]]]}},{"type":"Feature","properties":{"name":"Special Purpose Zone 2 (Wooli Wooli River Oyster Aquaculture)","park":"Solitary Islands","zone":"Special Purpose Zone","spear":"check","kind":"mpa","note":"Zone has its own rules."},"geometry":{"type":"Polygon","coordinates":[[[153.26361,-29.86203],[153.26208,-29.86067],[153.26198,-29.86069],[153.26354,-29.86206],[153.26361,-29.86203]]]}},{"type":"Feature","properties":{"name":"Special Purpose Zone 2 (Wooli Wooli River Oyster Aquaculture)","park":"Solitary Islands","zone":"Special Purpose Zone","spear":"check","kind":"mpa","note":"Zone has its own rules."},"geometry":{"type":"Polygon","coordinates":[[[153.26306,-29.87971],[153.26316,-29.88185],[153.26374,-29.88186],[153.26373,-29.88104],[153.2635,-29.87954],[153.26308,-29.87776],[153.26298,-29.87776],[153.26308,-29.87885],[153.26306,-29.87971]]]}},{"type":"Feature","properties":{"name":"North Harbour Aquatic Reserve","park":"North Sydney Harbour","zone":"Aquatic Reserve","spear":"check","kind":"mpa","note":"Zone has its own rules."},"geometry":{"type":"Polygon","coordinates":[[[151.27153,-33.80453],[151.27237,-33.80523],[151.27281,-33.80603],[151.27335,-33.80619],[151.27375,-33.80654],[151.27397,-33.80695],[151.2739,-33.80739],[151.27402,-33.80761],[151.27453,-33.80784],[151.27477,-33.80761],[151.27499,-33.80759],[151.27534,-33.80786],[151.27529,-33.80917],[151.27511,-33.80955],[151.27511,-33.81003],[151.27484,-33.81027],[151.27487,-33.81073],[151.27456,-33.81091],[151.27434,-33.81119],[151.27415,-33.81187],[151.27395,-33.81194],[151.27384,-33.81218],[151.27347,-33.8123],[151.27314,-33.81259],[151.27297,-33.81257],[151.27221,-33.81201],[151.2712,-33.81155],[151.27094,-33.81128],[151.27,-33.81123],[151.26948,-33.81111],[151.26915,-33.81115],[151.26881,-33.81142],[151.26849,-33.81228],[151.26795,-33.81268],[151.26613,-33.81345],[151.26495,-33.81411],[151.2636,-33.81466],[151.26322,-33.81521],[151.26299,-33.81592],[151.26307,-33.81675],[151.26302,-33.81733],[151.26258,-33.81772],[151.26199,-33.8179],[151.26121,-33.81798],[151.30004,-33.82393],[151.29955,-33.82371],[151.29851,-33.82353],[151.29598,-33.82242],[151.29467,-33.82197],[151.29412,-33.82134],[151.29266,-33.82118],[151.29113,-33.82041],[151.29101,-33.82044],[151.2908,-33.82074],[151.29059,-33.82064],[151.2903,-33.82067],[151.28981,-33.82054],[151.28918,-33.82055],[151.28798,-33.82088],[151.28726,-33.82067],[151.28701,-33.82038],[151.28693,-33.82014],[151.28656,-33.81985],[151.28652,-33.8196],[151.2857,-33.81902],[151.28549,-33.81877],[151.28538,-33.81838],[151.28569,-33.81774],[151.28579,-33.8173],[151.28558,-33.81708],[151.28557,-33.81682],[151.2848,-33.81633],[151.28434,-33.81622],[151.28419,-33.81611],[151.28415,-33.81597],[151.28389,-33.81592],[151.28377,-33.81568],[151.28352,-33.81556],[151.28351,-33.81507],[151.28367,-33.81498],[151.28396,-33.81506],[151.28413,-33.81521],[151.28427,-33.81549],[151.2846,-33.81565],[151.286,-33.81559],[151.28642,-33.81533],[151.28672,-33.81477],[151.28689,-33.8135],[151.28689,-33.81285],[151.28701,-33.81246],[151.28726,-33.81226],[151.28792,-33.81211],[151.28848,-33.81242],[151.28891,-33.81248],[151.28923,-33.81236],[151.28956,-33.81209],[151.28979,-33.81176],[151.28989,-33.81143],[151.28986,-33.8113],[151.28955,-33.81095],[151.28946,-33.81009],[151.2895,-33.80977],[151.28966,-33.8095],[151.29006,-33.80912],[151.2907,-33.80881],[151.29107,-33.80875],[151.29112,-33.80863],[151.29103,-33.80834],[151.29109,-33.80807],[151.29099,-33.80795],[151.29038,-33.80785],[151.28955,-33.80793],[151.28868,-33.80821],[151.28817,-33.8087],[151.28723,-33.80935],[151.28264,-33.80927],[151.27153,-33.80453]]]}},{"type":"Feature","properties":{"name":"Groper Coast Sanctuary Zone","park":"Jervis Bay","zone":"Sanctuary Zone","spear":"no","kind":"mpa","note":"No-take zone: no spearfishing."},"geometry":{"type":"Polygon","coordinates":[[[150.77546,-35.05944],[150.7725,-35.05944],[150.77223,-35.05998],[150.77186,-35.06154],[150.77096,-35.06428],[150.77058,-35.0657],[150.77024,-35.06837],[150.77024,-35.06918],[150.77071,-35.07452],[150.77086,-35.07523],[150.77074,-35.0762],[150.77085,-35.07724],[150.7707,-35.07861],[150.77376,-35.07861],[150.77399,-35.07773],[150.77379,-35.07715],[150.77388,-35.07691],[150.7739,-35.07637],[150.7741,-35.07619],[150.77384,-35.07603],[150.77398,-35.07551],[150.77391,-35.07496],[150.77407,-35.07483],[150.77407,-35.07473],[150.77388,-35.07396],[150.77369,-35.0736],[150.77378,-35.0732],[150.77374,-35.07235],[150.77346,-35.07084],[150.77351,-35.07027],[150.77341,-35.06974],[150.77342,-35.06805],[150.77354,-35.06736],[150.77351,-35.06676],[150.7737,-35.06603],[150.77378,-35.06522],[150.77398,-35.06522],[150.77427,-35.06504],[150.77427,-35.06495],[150.77378,-35.0647],[150.77382,-35.0643],[150.77444,-35.06323],[150.77447,-35.06312],[150.77438,-35.063],[150.77446,-35.06274],[150.77495,-35.06173],[150.77527,-35.06004],[150.77531,-35.05992],[150.77545,-35.05986],[150.77532,-35.05977],[150.77536,-35.05964],[150.77528,-35.05962],[150.77529,-35.05956],[150.77546,-35.05944]]]}},{"type":"Feature","properties":{"name":"Twelve Mile Creek Sanctuary Zone","park":"Port Stephens - Great Lakes","zone":"Sanctuary Zone","spear":"no","kind":"mpa","note":"No-take zone: no spearfishing."},"geometry":{"type":"Polygon","coordinates":[[[151.91392,-32.69723],[151.91387,-32.69698],[151.91393,-32.69675],[151.91412,-32.69659],[151.91443,-32.6965],[151.91501,-32.69651],[151.91582,-32.6969],[151.91644,-32.69698],[151.91693,-32.69685],[151.91718,-32.69652],[151.91705,-32.6962],[151.91681,-32.69608],[151.91493,-32.69552],[151.91471,-32.69532],[151.91458,-32.69506],[151.91454,-32.69483],[151.91462,-32.69458],[151.91517,-32.69416],[151.9152,-32.69393],[151.91532,-32.69377],[151.91535,-32.69318],[151.9152,-32.69274],[151.915,-32.69135],[151.91473,-32.69055],[151.91472,-32.69013],[151.91462,-32.68989],[151.91433,-32.68964],[151.91396,-32.68954],[151.91312,-32.68976],[151.91222,-32.68981],[151.91175,-32.68969],[151.91049,-32.68913],[151.91008,-32.68875],[151.90998,-32.68852],[151.90996,-32.68828],[151.91015,-32.68779],[151.91011,-32.68725],[151.90986,-32.68698],[151.90965,-32.68687],[151.90959,-32.68675],[151.90928,-32.68685],[151.9091,-32.68679],[151.90898,-32.68629],[151.90918,-32.68609],[151.90928,-32.6857],[151.9089,-32.68534],[151.90886,-32.68516],[151.90854,-32.6848],[151.9075,-32.68384],[151.90701,-32.68374],[151.90533,-32.68368],[151.9052,-32.68361],[151.90521,-32.68344],[151.90541,-32.68327],[151.90777,-32.68283],[151.90822,-32.68261],[151.90865,-32.68212],[151.90869,-32.68184],[151.90859,-32.68154],[151.90826,-32.68127],[151.90754,-32.6814],[151.90715,-32.68137],[151.90565,-32.68014],[151.90467,-32.67968],[151.90347,-32.67935],[151.90262,-32.67945],[151.90215,-32.67981],[151.90176,-32.67995],[151.90057,-32.67929],[151.89916,-32.67935],[151.8987,-32.67948],[151.89846,-32.67934],[151.89833,-32.679],[151.89859,-32.67848],[151.89865,-32.678],[151.89892,-32.67751],[151.89897,-32.67721],[151.89888,-32.67692],[151.89896,-32.67637],[151.89872,-32.67618],[151.89845,-32.67577],[151.89829,-32.67533],[151.8983,-32.67469],[151.89876,-32.67359],[151.89851,-32.67333],[151.89803,-32.67255],[151.89782,-32.67245],[151.89749,-32.6725],[151.89735,-32.6724],[151.89744,-32.67258],[151.89778,-32.67256],[151.89801,-32.6727],[151.8986,-32.67367],[151.89819,-32.67464],[151.89815,-32.67533],[151.89886,-32.67723],[151.89825,-32.67905],[151.89835,-32.67939],[151.89858,-32.67955],[151.89856,-32.67968],[151.89867,-32.67974],[151.89878,-32.6797],[151.8988,-32.67956],[151.89917,-32.67942],[151.90052,-32.67938],[151.90097,-32.67956],[151.90146,-32.67999],[151.90179,-32.68015],[151.90204,-32.68006],[151.9026,-32.67954],[151.90345,-32.67945],[151.90405,-32.67969],[151.90467,-32.67981],[151.90559,-32.68024],[151.90601,-32.68068],[151.90658,-32.68107],[151.90699,-32.68152],[151.9073,-32.68154],[151.90817,-32.68137],[151.90835,-32.68144],[151.90845,-32.68158],[151.90843,-32.68184],[151.90826,-32.68235],[151.90805,-32.68256],[151.90769,-32.68271],[151.9055,-32.68314],[151.90517,-32.68333],[151.90506,-32.68362],[151.90528,-32.68374],[151.90686,-32.68382],[151.90751,-32.68397],[151.90766,-32.68408],[151.90777,-32.68437],[151.90875,-32.68519],[151.90894,-32.68696],[151.90913,-32.68707],[151.90967,-32.68698],[151.9099,-32.68718],[151.90992,-32.68769],[151.90966,-32.68854],[151.90978,-32.68875],[151.91019,-32.68916],[151.91164,-32.68991],[151.91207,-32.68997],[151.91403,-32.68981],[151.91445,-32.69012],[151.91459,-32.69034],[151.91477,-32.69152],[151.91505,-32.6924],[151.9152,-32.69334],[151.91516,-32.69366],[151.91499,-32.69404],[151.91473,-32.69436],[151.91447,-32.69439],[151.91437,-32.69452],[151.91433,-32.69518],[151.91471,-32.69565],[151.91496,-32.69566],[151.91549,-32.6959],[151.91604,-32.69592],[151.91649,-32.69616],[151.91673,-32.69619],[151.91691,-32.69646],[151.91673,-32.69669],[151.91626,-32.69679],[151.9161,-32.69664],[151.91541,-32.69653],[151.91494,-32.69619],[151.91407,-32.69621],[151.91369,-32.69649],[151.91357,-32.69702],[151.91345,-32.69713],[151.91274,-32.69651],[151.91213,-32.69649],[151.9118,-32.69673],[151.91141,-32.69759],[151.91109,-32.69796],[151.91034,-32.69817],[151.90936,-32.69816],[151.90827,-32.6979],[151.90675,-32.69724],[151.90651,-32.697],[151.90641,-32.69671],[151.90625,-32.69702],[151.90615,-32.69705],[151.90584,-32.69701],[151.90529,-32.69667],[151.90434,-32.69663],[151.90344,-32.69671],[151.90302,-32.69685],[151.90278,-32.69714],[151.90276,-32.6975],[151.90291,-32.69794],[151.90288,-32.69857],[151.90275,-32.6989],[151.90246,-32.69917],[151.90191,-32.69943],[151.90182,-32.6996],[151.90138,-32.69995],[151.90125,-32.69996],[151.90102,-32.69979],[151.90097,-32.69903],[151.90064,-32.69862],[151.90018,-32.69842],[151.89968,-32.69843],[151.89761,-32.699],[151.89696,-32.69929],[151.89684,-32.6996],[151.8969,-32.70016],[151.89678,-32.70042],[151.89697,-32.70015],[151.89696,-32.69956],[151.89713,-32.69934],[151.8974,-32.69929],[151.89776,-32.69906],[151.89855,-32.69879],[151.89987,-32.69851],[151.9003,-32.69859],[151.90068,-32.69885],[151.90084,-32.69921],[151.90085,-32.69967],[151.90098,-32.70001],[151.90137,-32.70003],[151.90213,-32.69943],[151.90265,-32.69923],[151.9029,-32.6989],[151.90301,-32.69856],[151.90303,-32.69799],[151.90289,-32.69727],[151.90309,-32.69693],[151.90342,-32.69679],[151.90489,-32.69679],[151.90791,-32.69797],[151.90954,-32.69833],[151.91053,-32.69831],[151.91114,-32.69817],[151.91151,-32.69773],[151.91187,-32.69698],[151.91227,-32.69674],[151.91267,-32.69672],[151.91289,-32.69693],[151.91312,-32.69738],[151.91354,-32.6976],[151.91392,-32.69723]]]}},{"type":"Feature","properties":{"name":"Corindi River System Sanctuary Zone","park":"Solitary Islands","zone":"Sanctuary Zone","spear":"no","kind":"mpa","note":"No-take zone: no spearfishing."},"geometry":{"type":"Polygon","coordinates":[[[153.23243,-29.97889],[153.2324,-29.97833],[153.23214,-29.9779],[153.2316,-29.97738],[153.23159,-29.97714],[153.23178,-29.97688],[153.23307,-29.97616],[153.23416,-29.97513],[153.23412,-29.97489],[153.23393,-29.97465],[153.23428,-29.9742],[153.23425,-29.97413],[153.23387,-29.97458],[153.23355,-29.97445],[153.23342,-29.97422],[153.23336,-29.97427],[153.23366,-29.97459],[153.23386,-29.97463],[153.23412,-29.97506],[153.23323,-29.97591],[153.23242,-29.97642],[153.23196,-29.97657],[153.23149,-29.97694],[153.23075,-29.97676],[153.2292,-29.97659],[153.22854,-29.9763],[153.22857,-29.97572],[153.22906,-29.97432],[153.22903,-29.97406],[153.22835,-29.97358],[153.22804,-29.97354],[153.22656,-29.97399],[153.22585,-29.9743],[153.22522,-29.97474],[153.22581,-29.97488],[153.22585,-29.97478],[153.22615,-29.9747],[153.22625,-29.97478],[153.22659,-29.97483],[153.2266,-29.97492],[153.22693,-29.97503],[153.22705,-29.97515],[153.22735,-29.97731],[153.22756,-29.97744],[153.22789,-29.97781],[153.22819,-29.97795],[153.22848,-29.97836],[153.22838,-29.97856],[153.22845,-29.97903],[153.22836,-29.97928],[153.22817,-29.97949],[153.22812,-29.97967],[153.22818,-29.98015],[153.228,-29.98046],[153.23243,-29.97889]],[[153.22912,-29.97985],[153.22894,-29.97981],[153.22919,-29.97969],[153.22924,-29.97928],[153.22942,-29.97922],[153.22966,-29.97932],[153.22967,-29.97959],[153.22949,-29.97959],[153.22944,-29.97975],[153.22912,-29.97985]]]}},{"type":"Feature","properties":{"name":"North Solitary Island Habitat Protection Zone","park":"Solitary Islands","zone":"Habitat Protection Zone (Restrictions Apply)","spear":"check","kind":"mpa","note":"Zone has its own rules."},"geometry":{"type":"Polygon","coordinates":[[[153.38677,-29.91844],[153.38564,-29.91861],[153.38475,-29.91898],[153.38363,-29.91983],[153.38258,-29.9214],[153.38212,-29.92273],[153.38193,-29.92403],[153.38208,-29.9252],[153.38239,-29.92624],[153.38314,-29.92748],[153.38408,-29.9283],[153.38469,-29.92911],[153.38631,-29.93032],[153.38653,-29.93118],[153.38673,-29.93251],[153.387,-29.93352],[153.38793,-29.93502],[153.38868,-29.93588],[153.39029,-29.93705],[153.39142,-29.9374],[153.39282,-29.93751],[153.39387,-29.93736],[153.39455,-29.93715],[153.39544,-29.93665],[153.39602,-29.93616],[153.39656,-29.93551],[153.39715,-29.93427],[153.39735,-29.93306],[153.39737,-29.9325],[153.39719,-29.9311],[153.39669,-29.92893],[153.39656,-29.92801],[153.39638,-29.92746],[153.39599,-29.92673],[153.39542,-29.92589],[153.39484,-29.92474],[153.39486,-29.92439],[153.39468,-29.92312],[153.39451,-29.92264],[153.39384,-29.92148],[153.39273,-29.92017],[153.39188,-29.91951],[153.39144,-29.91926],[153.39013,-29.91883],[153.38891,-29.91866],[153.3885,-29.91871],[153.38778,-29.91852],[153.38677,-29.91844]],[[153.3922,-29.93297],[153.38984,-29.93297],[153.38323,-29.92273],[153.38903,-29.92273],[153.38903,-29.92333],[153.38934,-29.92325],[153.38955,-29.92335],[153.39036,-29.92439],[153.3903,-29.92477],[153.38999,-29.92506],[153.3901,-29.92527],[153.39002,-29.92544],[153.38921,-29.92563],[153.38963,-29.92573],[153.38981,-29.9259],[153.39012,-29.92592],[153.39017,-29.92609],[153.39041,-29.92622],[153.3905,-29.92649],[153.39064,-29.92657],[153.39065,-29.92697],[153.39073,-29.92717],[153.39056,-29.92794],[153.39063,-29.92807],[153.3908,-29.92757],[153.39106,-29.92719],[153.39145,-29.92817],[153.39193,-29.92871],[153.3918,-29.92881],[153.39197,-29.92917],[153.39222,-29.92918],[153.39222,-29.92935],[153.39211,-29.92938],[153.39232,-29.93023],[153.39243,-29.93033],[153.39236,-29.93067],[153.39248,-29.93064],[153.39247,-29.93113],[153.39252,-29.93133],[153.39273,-29.9316],[153.39275,-29.9322],[153.39287,-29.9325],[153.39283,-29.93299],[153.39272,-29.93301],[153.39241,-29.93281],[153.3922,-29.93297]]]}},{"type":"Feature","properties":{"name":"Drum and Drum Sticks Sanctuary Zone","park":"Jervis Bay","zone":"Sanctuary Zone","spear":"no","kind":"mpa","note":"No-take zone: no spearfishing."},"geometry":{"type":"Polygon","coordinates":[[[150.84218,-35.0483],[150.84256,-35.0474],[150.84214,-35.04705],[150.84218,-35.04662],[150.84212,-35.04651],[150.84212,-35.04603],[150.84182,-35.0459],[150.84169,-35.04569],[150.84058,-35.04563],[150.84012,-35.04595],[150.8396,-35.04605],[150.83924,-35.04658],[150.83926,-35.04709],[150.83952,-35.04749],[150.84047,-35.04795],[150.8408,-35.04843],[150.84136,-35.04858],[150.84218,-35.0483]]]}},{"type":"Feature","properties":{"name":"North West Rock Habitat Protection Zone","park":"Solitary Islands","zone":"Habitat Protection Zone (Restrictions Apply)","spear":"check","kind":"mpa","note":"Zone has its own rules."},"geometry":{"type":"Polygon","coordinates":[[[153.38843,-29.90975],[153.38811,-29.90912],[153.38764,-29.90846],[153.38666,-29.90761],[153.38583,-29.90712],[153.38411,-29.90678],[153.38237,-29.90712],[153.38035,-29.90836],[153.37994,-29.90873],[153.37897,-29.91018],[153.37866,-29.91134],[153.37863,-29.91221],[153.37883,-29.91311],[153.37884,-29.91378],[153.37917,-29.91518],[153.37976,-29.9164],[153.38032,-29.91708],[153.3814,-29.9179],[153.38186,-29.91811],[153.38267,-29.91836],[153.38371,-29.91848],[153.38577,-29.91805],[153.38629,-29.9178],[153.38729,-29.91705],[153.38823,-29.91582],[153.38872,-29.91466],[153.389,-29.91244],[153.38882,-29.91102],[153.38843,-29.90975]],[[153.38488,-29.91076],[153.38512,-29.91115],[153.38539,-29.91225],[153.38536,-29.91277],[153.38523,-29.91308],[153.3853,-29.91343],[153.38522,-29.91381],[153.38478,-29.91447],[153.38445,-29.91471],[153.38371,-29.91488],[153.38323,-29.91479],[153.38276,-29.9144],[153.38249,-29.91381],[153.38241,-29.91318],[153.3826,-29.91265],[153.38229,-29.91227],[153.38222,-29.91192],[153.38229,-29.91156],[153.38258,-29.91119],[153.38296,-29.91101],[153.38323,-29.91101],[153.38345,-29.91065],[153.3838,-29.91043],[153.38411,-29.91037],[153.38445,-29.91044],[153.38488,-29.91076]]]}},{"type":"Feature","properties":{"name":"Brou Lake South Sanctuary Zone. Limited recreational fishing was allowed under an amnesty at 30 June 2024.","park":"Batemans","zone":"Sanctuary Zone","spear":"no","kind":"mpa","note":"No-take zone: no spearfishing."},"geometry":{"type":"Polygon","coordinates":[[[150.1119,-36.13267],[150.11172,-36.13287],[150.11066,-36.13361],[150.10872,-36.13398],[150.10658,-36.13387],[150.10566,-36.13352],[150.1035,-36.13328],[150.10127,-36.13338],[150.10037,-36.13301],[150.09984,-36.13266],[150.09905,-36.13233],[150.09819,-36.13173],[150.09786,-36.13121],[150.09787,-36.13003],[150.0978,-36.12985],[150.09764,-36.12973],[150.09693,-36.13004],[150.09521,-36.13162],[150.09434,-36.13226],[150.09356,-36.13262],[150.09319,-36.13265],[150.09296,-36.13259],[150.09246,-36.1321],[150.09193,-36.13178],[150.0911,-36.1311],[150.09075,-36.1307],[150.09035,-36.13044],[150.08994,-36.1298],[150.08996,-36.12996],[150.09034,-36.13052],[150.09114,-36.13155],[150.09115,-36.13176],[150.09075,-36.13213],[150.09068,-36.13234],[150.09134,-36.13363],[150.09138,-36.13445],[150.09121,-36.13473],[150.09095,-36.13461],[150.0907,-36.13474],[150.09048,-36.13495],[150.09025,-36.13549],[150.08995,-36.13538],[150.08955,-36.13504],[150.08902,-36.1349],[150.08846,-36.13479],[150.08778,-36.13491],[150.08778,-36.13497],[150.08916,-36.13507],[150.08969,-36.13534],[150.09003,-36.1357],[150.09031,-36.13573],[150.09042,-36.13559],[150.09061,-36.13503],[150.09074,-36.13489],[150.09092,-36.13485],[150.09117,-36.13496],[150.09135,-36.13487],[150.09161,-36.13412],[150.09151,-36.13367],[150.09153,-36.13324],[150.09094,-36.13254],[150.09093,-36.1323],[150.0913,-36.13202],[150.09148,-36.13202],[150.09165,-36.13209],[150.09246,-36.13281],[150.09293,-36.13297],[150.0934,-36.13294],[150.09494,-36.13232],[150.09668,-36.13103],[150.0974,-36.13022],[150.09748,-36.13021],[150.0976,-36.13032],[150.09751,-36.13145],[150.09784,-36.13217],[150.0987,-36.13242],[150.10125,-36.13408],[150.10164,-36.13423],[150.10207,-36.13424],[150.10283,-36.13404],[150.10389,-36.13392],[150.10533,-36.13435],[150.10627,-36.13452],[150.10593,-36.13489],[150.10462,-36.13554],[150.10444,-36.1358],[150.10443,-36.13604],[150.10483,-36.13713],[150.10504,-36.13735],[150.10557,-36.13729],[150.10566,-36.13714],[150.10575,-36.13673],[150.10571,-36.13653],[150.10559,-36.13637],[150.10537,-36.13631],[150.10533,-36.13597],[150.10564,-36.13567],[150.10609,-36.13544],[150.10649,-36.13489],[150.10657,-36.13464],[150.10709,-36.1348],[150.10844,-36.13473],[150.10985,-36.13489],[150.1112,-36.13445],[150.11143,-36.13487],[150.11096,-36.1352],[150.11067,-36.13563],[150.11024,-36.13588],[150.11005,-36.13623],[150.11034,-36.13769],[150.11214,-36.14006],[150.11443,-36.14077],[150.11478,-36.14078],[150.11508,-36.14054],[150.11511,-36.1401],[150.11499,-36.13942],[150.11471,-36.13874],[150.11488,-36.13802],[150.11473,-36.13797],[150.11416,-36.13814],[150.11372,-36.138],[150.11346,-36.13773],[150.11374,-36.13711],[150.11368,-36.13696],[150.11347,-36.1369],[150.11363,-36.13649],[150.11358,-36.13627],[150.11328,-36.13602],[150.11256,-36.13598],[150.11232,-36.1358],[150.11226,-36.13508],[150.11236,-36.13452],[150.11225,-36.13443],[150.11223,-36.13431],[150.11228,-36.13369],[150.11247,-36.1331],[150.1129,-36.13282],[150.1119,-36.13267]],[[150.11137,-36.1344],[150.11179,-36.13437],[150.11186,-36.1345],[150.11184,-36.13463],[150.11156,-36.13469],[150.11139,-36.13452],[150.11137,-36.1344]]]}},{"type":"Feature","properties":{"name":"Special Purpose Zone 2 (Wooli Wooli River Oyster Aquaculture)","park":"Solitary Islands","zone":"Special Purpose Zone","spear":"check","kind":"mpa","note":"Zone has its own rules."},"geometry":{"type":"Polygon","coordinates":[[[153.26455,-29.87466],[153.26485,-29.87297],[153.26438,-29.87291],[153.26408,-29.8746],[153.26421,-29.87563],[153.26468,-29.87569],[153.26455,-29.87466]]]}},{"type":"Feature","properties":{"name":"Nelson Bay Marina Special Purpose Zone","park":"Port Stephens - Great Lakes","zone":"Special Purpose Zone","spear":"check","kind":"mpa","note":"Zone has its own rules."},"geometry":{"type":"Polygon","coordinates":[[[152.14871,-32.71795],[152.14871,-32.71688],[152.14101,-32.71688],[152.14101,-32.71805],[152.14165,-32.71818],[152.14246,-32.71784],[152.1436,-32.71751],[152.14522,-32.71738],[152.14685,-32.71709],[152.14689,-32.71713],[152.1466,-32.71727],[152.14613,-32.71735],[152.14322,-32.71768],[152.14305,-32.71777],[152.14316,-32.71783],[152.14295,-32.71796],[152.14304,-32.71811],[152.14247,-32.71834],[152.14282,-32.7187],[152.14338,-32.71904],[152.14484,-32.7196],[152.14577,-32.71951],[152.14681,-32.71927],[152.14766,-32.71878],[152.14713,-32.71791],[152.14691,-32.71779],[152.14668,-32.71779],[152.14667,-32.71773],[152.14687,-32.71769],[152.14722,-32.71783],[152.14743,-32.71819],[152.14799,-32.71817],[152.14871,-32.71795]]]}},{"type":"Feature","properties":{"name":"Special Purpose Zone 2 (Wooli Wooli River Oyster Aquaculture)","park":"Solitary Islands","zone":"Special Purpose Zone","spear":"check","kind":"mpa","note":"Zone has its own rules."},"geometry":{"type":"Polygon","coordinates":[[[153.26299,-29.88289],[153.26304,-29.88401],[153.26388,-29.88401],[153.26381,-29.88235],[153.26305,-29.88236],[153.26303,-29.88253],[153.26298,-29.88253],[153.26299,-29.88289]]]}},{"type":"Feature","properties":{"name":"Pindimar Sanctuary Zone","park":"Port Stephens - Great Lakes","zone":"Sanctuary Zone","spear":"no","kind":"mpa","note":"No-take zone: no spearfishing."},"geometry":{"type":"Polygon","coordinates":[[[152.08283,-32.68757],[152.08225,-32.68789],[152.08166,-32.68804],[152.08092,-32.68803],[152.0782,-32.68744],[152.07566,-32.68721],[152.07473,-32.6875],[152.07386,-32.68842],[152.07299,-32.68867],[152.07227,-32.68899],[152.07212,-32.68913],[152.07212,-32.6947],[152.08283,-32.6947],[152.08283,-32.68757]]]}},{"type":"Feature","properties":{"name":"Murramarang Sanctuary Zone","park":"Batemans","zone":"Sanctuary Zone","spear":"no","kind":"mpa","note":"No-take zone: no spearfishing."},"geometry":{"type":"Polygon","coordinates":[[[150.44586,-35.5783],[150.36527,-35.5783],[150.35963,-35.5863],[150.35984,-35.58631],[150.35982,-35.5865],[150.35947,-35.58653],[150.34377,-35.60905],[150.41817,-35.60905],[150.42023,-35.60744],[150.42334,-35.60471],[150.42618,-35.6018],[150.4275,-35.60029],[150.42968,-35.59863],[150.4327,-35.59603],[150.43412,-35.59467],[150.43673,-35.5919],[150.43904,-35.58907],[150.44112,-35.58612],[150.44294,-35.58306],[150.4441,-35.5808],[150.44586,-35.5783]]]}},{"type":"Feature","properties":{"name":"Soldiers Point Special Purpose Zone","park":"Port Stephens - Great Lakes","zone":"Special Purpose Zone","spear":"check","kind":"mpa","note":"Zone has its own rules."},"geometry":{"type":"Polygon","coordinates":[[[152.06335,-32.69855],[152.05847,-32.69855],[152.05962,-32.70208],[152.05843,-32.7055],[152.0629,-32.7055],[152.06317,-32.70468],[152.0632,-32.70424],[152.06308,-32.70389],[152.06278,-32.70366],[152.06282,-32.70322],[152.06299,-32.70304],[152.06291,-32.70248],[152.06279,-32.70237],[152.06275,-32.70191],[152.06233,-32.70128],[152.06234,-32.70086],[152.06268,-32.70034],[152.06275,-32.69985],[152.06244,-32.69944],[152.06228,-32.69937],[152.06213,-32.69946],[152.06202,-32.69941],[152.06199,-32.69927],[152.06209,-32.69912],[152.06335,-32.69855]]]}},{"type":"Feature","properties":{"name":"Wooli Wooli River and Diggers Camp (Northern Section) Sanctuary Zone","park":"Solitary Islands","zone":"Sanctuary Zone","spear":"no","kind":"mpa","note":"No-take zone: no spearfishing."},"geometry":{"type":"Polygon","coordinates":[[[153.23296,-29.83968],[153.23206,-29.83852],[153.23161,-29.8382],[153.2303,-29.83771],[153.22999,-29.83742],[153.22987,-29.8369],[153.22988,-29.83619],[153.23006,-29.83568],[153.23002,-29.83507],[153.22979,-29.8345],[153.22959,-29.83424],[153.2288,-29.8337],[153.22816,-29.83331],[153.22771,-29.83316],[153.22753,-29.83289],[153.22746,-29.83262],[153.22748,-29.83215],[153.22791,-29.82987],[153.22799,-29.82882],[153.22791,-29.82744],[153.228,-29.82669],[153.22868,-29.82486],[153.22906,-29.82429],[153.22903,-29.82422],[153.22957,-29.82308],[153.23099,-29.8206],[153.23133,-29.81947],[153.23137,-29.81788],[153.2312,-29.81692],[153.23113,-29.81584],[153.23097,-29.81505],[153.23102,-29.81469],[153.23079,-29.81433],[153.23022,-29.81384],[153.22951,-29.81355],[153.22797,-29.81343],[153.2278,-29.81323],[153.2278,-29.81303],[153.22785,-29.81282],[153.228,-29.81264],[153.22851,-29.81217],[153.23114,-29.8105],[153.23197,-29.81029],[153.23332,-29.81055],[153.23352,-29.81043],[153.2342,-29.80963],[153.23515,-29.80967],[153.23591,-29.80945],[153.23606,-29.80948],[153.23582,-29.80984],[153.23599,-29.80997],[153.23616,-29.80946],[153.23611,-29.80935],[153.23592,-29.80932],[153.23524,-29.8095],[153.23406,-29.80952],[153.23383,-29.8097],[153.2338,-29.80991],[153.23352,-29.81024],[153.23319,-29.81046],[153.23203,-29.81019],[153.23185,-29.81003],[153.23216,-29.8093],[153.23225,-29.8087],[153.23229,-29.80792],[153.23222,-29.80745],[153.23282,-29.80659],[153.23262,-29.8058],[153.23189,-29.80431],[153.23188,-29.80457],[153.2324,-29.80564],[153.2327,-29.80657],[153.23215,-29.80723],[153.23175,-29.80674],[153.23131,-29.80646],[153.23092,-29.80606],[153.23047,-29.80547],[153.23026,-29.80496],[153.22995,-29.80472],[153.22938,-29.80454],[153.2284,-29.80479],[153.22672,-29.80469],[153.22586,-29.80423],[153.22551,-29.80369],[153.22546,-29.80304],[153.22553,-29.80228],[153.22574,-29.80183],[153.22586,-29.80172],[153.22608,-29.80175],[153.22674,-29.80239],[153.2272,-29.80254],[153.22898,-29.80246],[153.22963,-29.80223],[153.2297,-29.8018],[153.22955,-29.80156],[153.22958,-29.80127],[153.2291,-29.80115],[153.22892,-29.80097],[153.2291,-29.80022],[153.22933,-29.80006],[153.22961,-29.80002],[153.23012,-29.79978],[153.2302,-29.79965],[153.23025,-29.79914],[153.23064,-29.79881],[153.23202,-29.79876],[153.233,-29.79848],[153.23373,-29.79808],[153.23407,-29.79778],[153.2343,-29.79749],[153.23454,-29.79679],[153.23451,-29.79668],[153.23402,-29.79637],[153.2339,-29.79619],[153.23421,-29.79586],[153.23506,-29.79536],[153.23523,-29.79457],[153.23557,-29.79396],[153.23554,-29.79302],[153.23562,-29.79287],[153.2358,-29.79283],[153.23625,-29.7929],[153.23629,-29.79284],[153.23599,-29.79269],[153.23557,-29.79275],[153.23534,-29.79303],[153.2355,-29.7937],[153.23539,-29.79398],[153.23496,-29.7944],[153.2348,-29.79491],[153.23454,-29.79529],[153.23367,-29.79581],[153.23351,-29.79602],[153.23347,-29.79615],[153.23356,-29.79634],[153.23407,-29.79685],[153.23407,-29.79709],[153.23381,-29.79761],[153.23354,-29.79778],[153.23274,-29.79807],[153.23227,-29.79843],[153.23128,-29.79833],[153.23079,-29.7986],[153.23051,-29.79852],[153.23023,-29.79867],[153.22977,-29.79915],[153.22982,-29.79958],[153.22976,-29.79971],[153.22898,-29.79998],[153.22851,-29.80073],[153.22856,-29.80101],[153.22896,-29.80138],[153.22921,-29.80194],[153.22916,-29.80201],[153.22891,-29.80177],[153.22885,-29.80185],[153.22892,-29.80215],[153.22745,-29.80226],[153.22694,-29.80217],[153.22668,-29.80205],[153.22651,-29.8017],[153.2261,-29.80146],[153.22552,-29.80148],[153.22542,-29.80157],[153.22526,-29.80232],[153.22523,-29.80305],[153.22509,-29.80361],[153.22413,-29.80353],[153.22439,-29.80371],[153.2249,-29.80377],[153.22496,-29.80404],[153.22389,-29.80441],[153.22355,-29.80442],[153.22308,-29.80393],[153.22274,-29.80312],[153.22252,-29.8028],[153.22174,-29.80206],[153.22167,-29.80211],[153.22216,-29.80271],[153.22254,-29.803],[153.22283,-29.80368],[153.22339,-29.80446],[153.2237,-29.80459],[153.22391,-29.80456],[153.22517,-29.80414],[153.22578,-29.80471],[153.22666,-29.80511],[153.22783,-29.8052],[153.22872,-29.80505],[153.22941,-29.80509],[153.22963,-29.80517],[153.23019,-29.80554],[153.23025,-29.80575],[153.23072,-29.80647],[153.23153,-29.80734],[153.23183,-29.80779],[153.23192,-29.80804],[153.23179,-29.80908],[153.23132,-29.80995],[153.23098,-29.81024],[153.23024,-29.81057],[153.2288,-29.81156],[153.22835,-29.81168],[153.22771,-29.81212],[153.2277,-29.81227],[153.22745,-29.81264],[153.22699,-29.81275],[153.22558,-29.81221],[153.22525,-29.8119],[153.22525,-29.81164],[153.22536,-29.81146],[153.22594,-29.811],[153.22594,-29.81091],[153.22538,-29.81096],[153.22523,-29.81075],[153.22532,-29.81029],[153.22565,-29.80992],[153.22573,-29.80964],[153.2257,-29.80924],[153.22505,-29.80848],[153.22489,-29.80802],[153.2249,-29.80664],[153.22454,-29.80632],[153.22378,-29.8064],[153.22379,-29.80657],[153.224,-29.80668],[153.2245,-29.80649],[153.2247,-29.80664],[153.22479,-29.8069],[153.22479,-29.80756],[153.22469,-29.80803],[153.22555,-29.80949],[153.2251,-29.81048],[153.22511,-29.81078],[153.22538,-29.81123],[153.22535,-29.8114],[153.22512,-29.81166],[153.2252,-29.81212],[153.2265,-29.81264],[153.22718,-29.81313],[153.22733,-29.81348],[153.22781,-29.81378],[153.22818,-29.81391],[153.22897,-29.81399],[153.22972,-29.81422],[153.23021,-29.81451],[153.23051,-29.81487],[153.2307,-29.81579],[153.23065,-29.81595],[153.23077,-29.81685],[153.23071,-29.81702],[153.23076,-29.8176],[153.23065,-29.81937],[153.23036,-29.82051],[153.23021,-29.82061],[153.22991,-29.82064],[153.22715,-29.81928],[153.22644,-29.81914],[153.22587,-29.81925],[153.22554,-29.81945],[153.2249,-29.8201],[153.22452,-29.82016],[153.22411,-29.81991],[153.22353,-29.81909],[153.22353,-29.81882],[153.22358,-29.81865],[153.22432,-29.81804],[153.22509,-29.81791],[153.22608,-29.81788],[153.22631,-29.81772],[153.22626,-29.81751],[153.22601,-29.81726],[153.22586,-29.81694],[153.22561,-29.81586],[153.22551,-29.81572],[153.22431,-29.81545],[153.22395,-29.81529],[153.22367,-29.815],[153.22333,-29.81425],[153.22305,-29.81387],[153.22284,-29.81371],[153.22266,-29.81366],[153.22143,-29.8137],[153.21947,-29.8133],[153.21911,-29.8133],[153.21857,-29.81346],[153.21861,-29.81352],[153.21898,-29.81338],[153.21944,-29.81336],[153.2219,-29.8138],[153.22269,-29.81377],[153.22301,-29.81394],[153.22319,-29.81418],[153.22344,-29.81493],[153.22378,-29.81532],[153.22434,-29.81557],[153.22517,-29.81568],[153.22538,-29.81581],[153.22583,-29.81711],[153.22614,-29.81754],[153.22604,-29.81778],[153.22481,-29.81782],[153.22417,-29.81797],[153.22374,-29.81822],[153.22339,-29.81881],[153.2234,-29.81919],[153.22372,-29.81966],[153.22433,-29.82021],[153.22479,-29.82026],[153.22577,-29.81938],[153.22661,-29.81926],[153.22718,-29.81945],[153.22779,-29.81975],[153.22992,-29.82093],[153.23,-29.82108],[153.22965,-29.82185],[153.22905,-29.82255],[153.22847,-29.82363],[153.22807,-29.82409],[153.22747,-29.82512],[153.22709,-29.82629],[153.22686,-29.82781],[153.22686,-29.82867],[153.22702,-29.82922],[153.22703,-29.82987],[153.22644,-29.83197],[153.22648,-29.8333],[153.22627,-29.83361],[153.22558,-29.83361],[153.22497,-29.83375],[153.22487,-29.83411],[153.22489,-29.83425],[153.22504,-29.8344],[153.22514,-29.83488],[153.22537,-29.83516],[153.22587,-29.83545],[153.22586,-29.83576],[153.22547,-29.83656],[153.22513,-29.83664],[153.22484,-29.83654],[153.22484,-29.83553],[153.22465,-29.83537],[153.22419,-29.83553],[153.2235,-29.83553],[153.22304,-29.83499],[153.22274,-29.83446],[153.2223,-29.83421],[153.22222,-29.83273],[153.22126,-29.83182],[153.22096,-29.83172],[153.21973,-29.83162],[153.21929,-29.83147],[153.21864,-29.83107],[153.21836,-29.83069],[153.21786,-29.83029],[153.21732,-29.83006],[153.21641,-29.82995],[153.21522,-29.83004],[153.2145,-29.83027],[153.21346,-29.8308],[153.21217,-29.83105],[153.21103,-29.83116],[153.2108,-29.83129],[153.21057,-29.83157],[153.21018,-29.8317],[153.20929,-29.8307],[153.20868,-29.83042],[153.20774,-29.83032],[153.20714,-29.83008],[153.20644,-29.82996],[153.20483,-29.8302],[153.20321,-29.82985],[153.20149,-29.82844],[153.20131,-29.8285],[153.20075,-29.8284],[153.20052,-29.82849],[153.20019,-29.82846],[153.2002,-29.82767],[153.20005,-29.82748],[153.19974,-29.82746],[153.19945,-29.82766],[153.1995,-29.82777],[153.19999,-29.82763],[153.20007,-29.82778],[153.20003,-29.82825],[153.20016,-29.8286],[153.20037,-29.8287],[153.2011,-29.82853],[153.20118,-29.82857],[153.20113,-29.8286],[153.20151,-29.82874],[153.20279,-29.82983],[153.20335,-29.83013],[153.20448,-29.83045],[153.2053,-29.83042],[153.20638,-29.83014],[153.20663,-29.83017],[153.20725,-29.83045],[153.20878,-29.83066],[153.20931,-29.83094],[153.20944,-29.83128],[153.2097,-29.8315],[153.20968,-29.83165],[153.20995,-29.83187],[153.20979,-29.83219],[153.20958,-29.83239],[153.20887,-29.83365],[153.20873,-29.83375],[153.20835,-29.83378],[153.20772,-29.83351],[153.20697,-29.83338],[153.20565,-29.83379],[153.20463,-29.83387],[153.20422,-29.83411],[153.20417,-29.83432],[153.2047,-29.83453],[153.20487,-29.8347],[153.20485,-29.83478],[153.20464,-29.83492],[153.20423,-29.83491],[153.20422,-29.83503],[153.20483,-29.83494],[153.20495,-29.83482],[153.20495,-29.83464],[153.20483,-29.8345],[153.20434,-29.8343],[153.20444,-29.83415],[153.20498,-29.83395],[153.20593,-29.83389],[153.20678,-29.83353],[153.20716,-29.8335],[153.20749,-29.83359],[153.20833,-29.8341],[153.20877,-29.83424],[153.20899,-29.8341],[153.20954,-29.83307],[153.21007,-29.83235],[153.21066,-29.83184],[153.2115,-29.8315],[153.21283,-29.83128],[153.21384,-29.83099],[153.21533,-29.83042],[153.21665,-29.83025],[153.21721,-29.83025],[153.21763,-29.83048],[153.21887,-29.83157],[153.21937,-29.83178],[153.22002,-29.83191],[153.22063,-29.83187],[153.22107,-29.83197],[153.22193,-29.83273],[153.22207,-29.83308],[153.22199,-29.83373],[153.22203,-29.83426],[153.22252,-29.83463],[153.22279,-29.83495],[153.22302,-29.83549],[153.22352,-29.83572],[153.22383,-29.83576],[153.22459,-29.83558],[153.22472,-29.83574],[153.22465,-29.83642],[153.22486,-29.83679],[153.22555,-29.83681],[153.22581,-29.83658],[153.22589,-29.8362],[153.22624,-29.83555],[153.22624,-29.83524],[153.22541,-29.83486],[153.22511,-29.83409],[153.22514,-29.83394],[153.22528,-29.83384],[153.2257,-29.83379],[153.22625,-29.83394],[153.22678,-29.83365],[153.22783,-29.83429],[153.22852,-29.83452],[153.22894,-29.83492],[153.22917,-29.83555],[153.22893,-29.83677],[153.22906,-29.83766],[153.22926,-29.83804],[153.2305,-29.83879],[153.23116,-29.83978],[153.23082,-29.84167],[153.2303,-29.84288],[153.23004,-29.84303],[153.22939,-29.84322],[153.22863,-29.84297],[153.22876,-29.84119],[153.2287,-29.84105],[153.22847,-29.84094],[153.22768,-29.84091],[153.22764,-29.84081],[153.22739,-29.84073],[153.22659,-29.84066],[153.22621,-29.84071],[153.22571,-29.84097],[153.22492,-29.84115],[153.22426,-29.8415],[153.22401,-29.84174],[153.22396,-29.8419],[153.2242,-29.84341],[153.22397,-29.84447],[153.22419,-29.84539],[153.22439,-29.84561],[153.22599,-29.84641],[153.22701,-29.84706],[153.2275,-29.84722],[153.22861,-29.84723],[153.22954,-29.8468],[153.22985,-29.84655],[153.23003,-29.84623],[153.23041,-29.84583],[153.23038,-29.84565],[153.23022,-29.84549],[153.23015,-29.84524],[153.2303,-29.84484],[153.23033,-29.8443],[153.23041,-29.84419],[153.23029,-29.84375],[153.23042,-29.8434],[153.2313,-29.84244],[153.23158,-29.84176],[153.23174,-29.84157],[153.23199,-29.84153],[153.23296,-29.83968]]]}},{"type":"Feature","properties":{"name":"Forsters Bay Sanctuary Zone. Limited recreational fishing was allowed in this zone under an amnesty at 30 June 2024.","park":"Batemans","zone":"Sanctuary Zone","spear":"no","kind":"mpa","note":"No-take zone: no spearfishing."},"geometry":{"type":"MultiPolygon","coordinates":[[[[150.11486,-36.22659],[150.11376,-36.22628],[150.11339,-36.22651],[150.11298,-36.22726],[150.11241,-36.22766],[150.11094,-36.22796],[150.1103,-36.22864],[150.10941,-36.22889],[150.10808,-36.2289],[150.1081,-36.22877],[150.10941,-36.22871],[150.11024,-36.22853],[150.11089,-36.22777],[150.1117,-36.22761],[150.1109,-36.22753],[150.11064,-36.22758],[150.11048,-36.22769],[150.1101,-36.22835],[150.10985,-36.22854],[150.10923,-36.22869],[150.1076,-36.22864],[150.10699,-36.22888],[150.10683,-36.22908],[150.10686,-36.22923],[150.10703,-36.22932],[150.10747,-36.22934],[150.10808,-36.2295],[150.10848,-36.22966],[150.10881,-36.22994],[150.10893,-36.23013],[150.10931,-36.23022],[150.1097,-36.22998],[150.11033,-36.22979],[150.11151,-36.22976],[150.11233,-36.2296],[150.11304,-36.22935],[150.11347,-36.22935],[150.11486,-36.22659]],[[150.10981,-36.22955],[150.11262,-36.22912],[150.1125,-36.22952],[150.10989,-36.22983],[150.10981,-36.22955]]],[[[150.11353,-36.22574],[150.11294,-36.22521],[150.11268,-36.22514],[150.11255,-36.22525],[150.11281,-36.22595],[150.11332,-36.22581],[150.11488,-36.22642],[150.115,-36.22631],[150.11458,-36.22625],[150.11353,-36.22574]]],[[[150.11243,-36.22746],[150.1127,-36.22712],[150.11294,-36.22648],[150.11283,-36.22607],[150.1128,-36.22672],[150.11264,-36.22716],[150.11179,-36.22759],[150.11243,-36.22746]]]]}},{"type":"Feature","properties":{"name":"Cellito South Habitat Protection Zone","park":"Port Stephens - Great Lakes","zone":"Habitat Protection Zone (Restrictions Apply)","spear":"check","kind":"mpa","note":"Zone has its own rules."},"geometry":{"type":"Polygon","coordinates":[[[152.52044,-32.40207],[152.51938,-32.40207],[152.51934,-32.40223],[152.51922,-32.40229],[152.51898,-32.40219],[152.51887,-32.40232],[152.519,-32.40244],[152.51855,-32.40251],[152.51858,-32.40262],[152.51894,-32.40277],[152.51882,-32.40284],[152.51871,-32.40273],[152.51861,-32.40275],[152.51857,-32.40299],[152.51875,-32.40302],[152.51878,-32.40311],[152.51853,-32.40327],[152.5184,-32.40349],[152.51819,-32.40351],[152.51798,-32.40342],[152.51818,-32.40388],[152.51781,-32.40384],[152.51799,-32.40407],[152.5183,-32.40418],[152.51831,-32.40444],[152.5182,-32.40452],[152.5183,-32.40462],[152.51827,-32.40472],[152.51799,-32.40488],[152.51778,-32.40488],[152.51759,-32.40476],[152.51709,-32.40501],[152.51641,-32.40506],[152.5162,-32.4058],[152.51629,-32.40613],[152.51624,-32.4062],[152.51664,-32.40656],[152.51665,-32.40663],[152.51653,-32.40667],[152.5167,-32.40668],[152.51667,-32.40677],[152.51685,-32.40677],[152.51677,-32.40687],[152.51685,-32.4069],[152.51683,-32.40707],[152.51668,-32.4074],[152.51636,-32.40747],[152.5166,-32.40756],[152.51649,-32.40774],[152.51547,-32.40789],[152.51556,-32.40814],[152.51552,-32.4088],[152.51535,-32.40919],[152.51574,-32.40976],[152.51574,-32.40985],[152.51557,-32.41001],[152.51682,-32.41049],[152.51693,-32.4106],[152.51696,-32.41079],[152.51714,-32.41096],[152.51715,-32.41133],[152.51691,-32.4114],[152.51679,-32.4117],[152.51679,-32.41201],[152.51683,-32.41214],[152.51729,-32.41243],[152.51735,-32.41265],[152.51728,-32.41297],[152.51702,-32.41305],[152.5167,-32.4133],[152.51655,-32.41385],[152.51657,-32.41423],[152.51672,-32.41459],[152.51698,-32.41479],[152.51703,-32.41524],[152.51696,-32.41542],[152.51646,-32.41549],[152.51642,-32.41567],[152.51649,-32.41663],[152.5168,-32.41688],[152.51703,-32.41732],[152.51721,-32.41844],[152.51688,-32.41846],[152.51677,-32.41854],[152.51664,-32.41909],[152.51664,-32.41942],[152.51679,-32.41976],[152.51702,-32.42005],[152.51681,-32.42027],[152.51691,-32.42047],[152.51729,-32.42048],[152.51765,-32.42129],[152.51792,-32.42159],[152.51826,-32.42178],[152.51845,-32.42238],[152.51952,-32.42238],[152.51944,-32.4219],[152.51922,-32.42139],[152.51901,-32.42114],[152.51857,-32.42084],[152.51837,-32.42028],[152.5177,-32.41925],[152.51809,-32.41896],[152.51827,-32.41852],[152.51806,-32.41709],[152.51775,-32.41648],[152.5175,-32.41619],[152.51788,-32.41587],[152.51809,-32.41532],[152.518,-32.41456],[152.51761,-32.41398],[152.51764,-32.41382],[152.51797,-32.41366],[152.5182,-32.41342],[152.51839,-32.41294],[152.51834,-32.41226],[152.51807,-32.41182],[152.51821,-32.41141],[152.51819,-32.41085],[152.51774,-32.41002],[152.51735,-32.40971],[152.51676,-32.4095],[152.51654,-32.40909],[152.51658,-32.40865],[152.51702,-32.40852],[152.51736,-32.40827],[152.51788,-32.40722],[152.51792,-32.40678],[152.51785,-32.40646],[152.51737,-32.40588],[152.51862,-32.40565],[152.51893,-32.40546],[152.51916,-32.40521],[152.51936,-32.4047],[152.51934,-32.40397],[152.5197,-32.40356],[152.51999,-32.40294],[152.5203,-32.40261],[152.52044,-32.40207]]]}},{"type":"Feature","properties":{"name":"Brou Lake North Sanctuary Zone","park":"Batemans","zone":"Sanctuary Zone","spear":"no","kind":"mpa","note":"No-take zone: no spearfishing."},"geometry":{"type":"Polygon","coordinates":[[[150.12402,-36.12183],[150.12433,-36.12182],[150.12471,-36.12195],[150.12506,-36.12194],[150.12512,-36.12183],[150.12472,-36.1214],[150.12467,-36.12116],[150.12471,-36.12061],[150.12497,-36.12045],[150.12547,-36.1208],[150.12564,-36.12077],[150.12569,-36.1206],[150.12625,-36.11994],[150.12646,-36.11994],[150.12665,-36.12009],[150.12687,-36.12003],[150.12698,-36.11979],[150.12687,-36.11933],[150.12601,-36.1184],[150.12605,-36.11824],[150.12722,-36.11821],[150.12761,-36.11807],[150.12767,-36.11792],[150.12765,-36.11757],[150.12735,-36.11726],[150.12704,-36.11707],[150.12666,-36.11698],[150.12587,-36.11647],[150.12596,-36.11641],[150.12723,-36.11633],[150.12742,-36.11613],[150.12751,-36.11573],[150.1275,-36.11513],[150.12731,-36.11466],[150.12738,-36.11455],[150.1276,-36.11445],[150.12903,-36.11437],[150.12915,-36.11424],[150.12914,-36.11411],[150.12837,-36.11371],[150.12783,-36.1136],[150.12684,-36.11359],[150.12631,-36.11371],[150.12573,-36.11398],[150.12442,-36.11495],[150.12407,-36.11494],[150.1238,-36.11508],[150.12359,-36.11572],[150.12365,-36.11611],[150.12407,-36.11649],[150.1245,-36.11673],[150.12555,-36.11668],[150.12656,-36.11723],[150.1273,-36.11751],[150.12746,-36.11767],[150.12736,-36.11781],[150.12694,-36.11793],[150.12554,-36.11802],[150.12474,-36.11824],[150.1243,-36.11861],[150.12274,-36.11888],[150.12228,-36.11918],[150.12402,-36.12183]]]}},{"type":"Feature","properties":{"name":"St Georges Head-Steamers Head Sanctuary Zone","park":"Jervis Bay","zone":"Sanctuary Zone","spear":"no","kind":"mpa","note":"No-take zone: no spearfishing."},"geometry":{"type":"Polygon","coordinates":[[[150.73198,-35.17867],[150.71811,-35.17889],[150.71767,-35.17945],[150.71726,-35.17944],[150.71727,-35.1796],[150.71608,-35.18097],[150.71519,-35.181],[150.71429,-35.18192],[150.71384,-35.18196],[150.71317,-35.18234],[150.71277,-35.18329],[150.71211,-35.18367],[150.71205,-35.18407],[150.71176,-35.18451],[150.71141,-35.18543],[150.71117,-35.18535],[150.71093,-35.18513],[150.71076,-35.18516],[150.71066,-35.18496],[150.71037,-35.18514],[150.70999,-35.18512],[150.70978,-35.18521],[150.70971,-35.18567],[150.71011,-35.18643],[150.71032,-35.18727],[150.71015,-35.18789],[150.70996,-35.18831],[150.70965,-35.18852],[150.70906,-35.18858],[150.70874,-35.18881],[150.70817,-35.18976],[150.70773,-35.18989],[150.70759,-35.19006],[150.70764,-35.19067],[150.70746,-35.19107],[150.70689,-35.19153],[150.70626,-35.19128],[150.70546,-35.1914],[150.70491,-35.19206],[150.70447,-35.19298],[150.70382,-35.19353],[150.70333,-35.19378],[150.70253,-35.19399],[150.70194,-35.19401],[150.70116,-35.19378],[150.70105,-35.19389],[150.70192,-35.1945],[150.70204,-35.19494],[150.70202,-35.19528],[150.70181,-35.19564],[150.70124,-35.19597],[150.70074,-35.19656],[150.70036,-35.19667],[150.6993,-35.19658],[150.69865,-35.19675],[150.69834,-35.19715],[150.69752,-35.19795],[150.69754,-35.19878],[150.69697,-35.19955],[150.69663,-35.20019],[150.69617,-35.20021],[150.69617,-35.21342],[150.73833,-35.1896],[150.73833,-35.17933],[150.73766,-35.17965],[150.73648,-35.17969],[150.73575,-35.17984],[150.73543,-35.17957],[150.73555,-35.17944],[150.73538,-35.17919],[150.73496,-35.17898],[150.73452,-35.17895],[150.73387,-35.17902],[150.73268,-35.17863],[150.73198,-35.17867]]]}},{"type":"Feature","properties":{"name":"Batemans Bay Special Purpose Zone","park":"Batemans","zone":"Special Purpose Zone","spear":"check","kind":"mpa","note":"Zone has its own rules."},"geometry":{"type":"Polygon","coordinates":[[[150.19783,-35.71943],[150.19959,-35.72007],[150.20001,-35.71894],[150.19727,-35.71784],[150.19421,-35.71639],[150.18812,-35.71263],[150.18559,-35.71086],[150.18511,-35.71077],[150.18415,-35.7111],[150.18373,-35.71058],[150.18277,-35.71017],[150.18225,-35.70978],[150.18186,-35.70922],[150.18129,-35.70904],[150.18057,-35.70864],[150.1801,-35.70813],[150.17937,-35.70649],[150.17919,-35.70549],[150.1785,-35.70493],[150.17764,-35.70292],[150.1772,-35.70313],[150.1771,-35.7034],[150.17716,-35.70338],[150.17731,-35.70368],[150.17788,-35.7051],[150.17821,-35.70558],[150.17858,-35.70571],[150.17866,-35.70636],[150.17908,-35.7075],[150.17934,-35.70807],[150.17992,-35.70886],[150.18121,-35.70958],[150.18136,-35.70959],[150.18193,-35.71026],[150.18368,-35.7115],[150.18403,-35.71168],[150.18418,-35.71167],[150.18508,-35.71137],[150.18772,-35.71313],[150.18853,-35.71352],[150.18985,-35.71435],[150.18976,-35.71455],[150.18804,-35.71345],[150.18792,-35.71352],[150.18768,-35.71342],[150.1878,-35.71359],[150.18759,-35.71392],[150.18779,-35.7142],[150.18855,-35.71469],[150.18849,-35.71478],[150.18942,-35.7155],[150.19075,-35.71687],[150.19079,-35.71697],[150.19071,-35.71713],[150.19008,-35.71704],[150.19009,-35.71725],[150.19038,-35.71793],[150.19027,-35.71825],[150.19059,-35.71877],[150.19041,-35.71897],[150.19044,-35.7192],[150.19036,-35.71925],[150.19054,-35.72022],[150.18963,-35.72069],[150.18919,-35.72086],[150.18899,-35.72084],[150.18824,-35.72043],[150.18793,-35.72017],[150.18763,-35.71969],[150.1874,-35.71948],[150.18714,-35.71936],[150.18676,-35.71934],[150.18638,-35.7195],[150.1861,-35.71973],[150.18533,-35.72],[150.1849,-35.71999],[150.18489,-35.72011],[150.18527,-35.72019],[150.18629,-35.71984],[150.18676,-35.71977],[150.18693,-35.71962],[150.18742,-35.71966],[150.18769,-35.71991],[150.18782,-35.72024],[150.18801,-35.72041],[150.18884,-35.72088],[150.18918,-35.72099],[150.19023,-35.72049],[150.19054,-35.7203],[150.1907,-35.7201],[150.19067,-35.71927],[150.1908,-35.71898],[150.1908,-35.7187],[150.19059,-35.71834],[150.19035,-35.71754],[150.19052,-35.71727],[150.191,-35.71737],[150.19242,-35.71728],[150.19395,-35.71774],[150.19474,-35.71773],[150.19478,-35.7176],[150.19449,-35.7174],[150.19373,-35.71706],[150.1936,-35.71691],[150.19025,-35.71491],[150.19002,-35.71471],[150.19018,-35.71456],[150.19384,-35.71684],[150.1954,-35.71762],[150.19535,-35.71774],[150.19515,-35.7178],[150.1957,-35.71828],[150.19631,-35.71846],[150.19636,-35.7183],[150.19549,-35.71785],[150.19561,-35.71771],[150.19769,-35.71866],[150.19776,-35.71878],[150.19748,-35.7193],[150.19783,-35.71943]]]}},{"type":"Feature","properties":{"name":"Merriwinga Creek Sanctuary Zone","park":"Batemans","zone":"Sanctuary Zone","spear":"no","kind":"mpa","note":"No-take zone: no spearfishing."},"geometry":{"type":"Polygon","coordinates":[[[150.07959,-36.36037],[150.0804,-36.35994],[150.08111,-36.35934],[150.08124,-36.35907],[150.0811,-36.3585],[150.08174,-36.35809],[150.08179,-36.35803],[150.08171,-36.35797],[150.08194,-36.35789],[150.08282,-36.35793],[150.083,-36.35799],[150.08324,-36.35824],[150.08348,-36.35808],[150.08352,-36.35784],[150.0834,-36.35768],[150.08327,-36.35767],[150.0834,-36.35789],[150.08328,-36.35804],[150.08316,-36.35803],[150.08306,-36.35782],[150.08288,-36.35777],[150.08312,-36.35753],[150.08357,-36.35768],[150.08364,-36.35755],[150.08351,-36.35719],[150.08374,-36.3572],[150.08378,-36.35705],[150.08411,-36.35712],[150.0841,-36.35697],[150.08397,-36.35693],[150.08413,-36.35668],[150.08408,-36.35659],[150.08364,-36.35665],[150.08364,-36.35656],[150.08389,-36.35621],[150.08432,-36.35599],[150.08461,-36.35572],[150.08497,-36.35509],[150.08501,-36.35466],[150.08473,-36.35399],[150.08461,-36.35389],[150.0839,-36.35415],[150.08413,-36.35417],[150.0845,-36.35399],[150.08458,-36.35401],[150.0849,-36.3545],[150.08495,-36.35476],[150.08485,-36.35516],[150.08443,-36.35583],[150.08359,-36.35634],[150.08353,-36.35665],[150.08358,-36.35673],[150.084,-36.35668],[150.08377,-36.35696],[150.08362,-36.35686],[150.08355,-36.35695],[150.08367,-36.35713],[150.08342,-36.35709],[150.0834,-36.35724],[150.08355,-36.35758],[150.08313,-36.35744],[150.08286,-36.35755],[150.08302,-36.35707],[150.08282,-36.35678],[150.08282,-36.35659],[150.08268,-36.35651],[150.08275,-36.35692],[150.08286,-36.35704],[150.08286,-36.3572],[150.0827,-36.35745],[150.08273,-36.35774],[150.08258,-36.35782],[150.08205,-36.35769],[150.08182,-36.35773],[150.08109,-36.3582],[150.0809,-36.3579],[150.08086,-36.358],[150.08097,-36.35822],[150.08083,-36.35864],[150.08054,-36.35899],[150.07973,-36.3596],[150.07967,-36.35982],[150.07973,-36.36005],[150.0795,-36.36021],[150.07959,-36.36037]]]}},{"type":"Feature","properties":{"name":"Twelve Mile Creek Sanctuary Zone","park":"Port Stephens - Great Lakes","zone":"Sanctuary Zone","spear":"no","kind":"mpa","note":"No-take zone: no spearfishing."},"geometry":{"type":"MultiPolygon","coordinates":[[[[151.93348,-32.73276],[151.9339,-32.73175],[151.93402,-32.73092],[151.934,-32.72954],[151.93387,-32.72879],[151.93374,-32.72836],[151.93353,-32.72804],[151.93273,-32.72734],[151.93237,-32.72717],[151.93202,-32.72786],[151.9326,-32.72831],[151.93302,-32.72901],[151.9332,-32.7299],[151.93313,-32.73075],[151.93285,-32.73186],[151.93257,-32.73258],[151.93202,-32.7328],[151.9319,-32.7328],[151.93181,-32.7327],[151.93167,-32.73276],[151.93117,-32.73307],[151.93091,-32.73334],[151.93087,-32.73357],[151.93093,-32.73413],[151.93075,-32.73466],[151.93085,-32.73469],[151.93065,-32.73557],[151.93107,-32.73698],[151.93252,-32.73873],[151.93316,-32.73897],[151.933,-32.73914],[151.93318,-32.7392],[151.9333,-32.73903],[151.9338,-32.73939],[151.93416,-32.73945],[151.93379,-32.73961],[151.93381,-32.73972],[151.93336,-32.73993],[151.93215,-32.74027],[151.93048,-32.74049],[151.92942,-32.74046],[151.92882,-32.7401],[151.92773,-32.7397],[151.92721,-32.73934],[151.92698,-32.73887],[151.92681,-32.73805],[151.9264,-32.73884],[151.92653,-32.73919],[151.92676,-32.73947],[151.92768,-32.74007],[151.9294,-32.74064],[151.93072,-32.74077],[151.93252,-32.74043],[151.93422,-32.73986],[151.9366,-32.73881],[151.93739,-32.73828],[151.93895,-32.73697],[151.9373,-32.73678],[151.93705,-32.73726],[151.93689,-32.73718],[151.93707,-32.73676],[151.93701,-32.73675],[151.93684,-32.73734],[151.93664,-32.73759],[151.93563,-32.73838],[151.93482,-32.73872],[151.93419,-32.73861],[151.9337,-32.73841],[151.93253,-32.73767],[151.93162,-32.73673],[151.93139,-32.73627],[151.93135,-32.73586],[151.93173,-32.73504],[151.93305,-32.73346],[151.93348,-32.73276]]],[[[151.9306,-32.73526],[151.93053,-32.73563],[151.93054,-32.73596],[151.9306,-32.73526]]],[[[151.93167,-32.7381],[151.93089,-32.73707],[151.93054,-32.73599],[151.93065,-32.73655],[151.93093,-32.73717],[151.93182,-32.73826],[151.93167,-32.7381]]]]}},{"type":"Feature","properties":{"name":"Nerong Harbour Special Purpose Zone","park":"Port Stephens - Great Lakes","zone":"Special Purpose Zone","spear":"check","kind":"mpa","note":"Zone has its own rules."},"geometry":{"type":"Polygon","coordinates":[[[152.21621,-32.50943],[152.21569,-32.5092],[152.21546,-32.50896],[152.21539,-32.5078],[152.21465,-32.50785],[152.21472,-32.50912],[152.21502,-32.50951],[152.21534,-32.50971],[152.21621,-32.50943]]]}},{"type":"Feature","properties":{"name":"Southern Section Sanctuary Zone","park":"Solitary Islands","zone":"Sanctuary Zone","spear":"no","kind":"mpa","note":"No-take zone: no spearfishing."},"geometry":{"type":"Polygon","coordinates":[[[153.16793,-30.19821],[153.16908,-30.19821],[153.16898,-30.1985],[153.16736,-30.20106],[153.16645,-30.20269],[153.1653,-30.20544],[153.16465,-30.20673],[153.16601,-30.20771],[153.16671,-30.20833],[153.1676,-30.20941],[153.16803,-30.21015],[153.16878,-30.21114],[153.16911,-30.21177],[153.17013,-30.21434],[153.22877,-30.21434],[153.22877,-30.16629],[153.22921,-30.16629],[153.22993,-30.16611],[153.23122,-30.16537],[153.232,-30.16474],[153.23248,-30.16418],[153.2327,-30.16385],[153.23316,-30.16284],[153.23336,-30.1615],[153.23337,-30.16062],[153.23346,-30.1601],[153.23312,-30.15838],[153.23284,-30.15768],[153.23205,-30.1564],[153.23102,-30.15554],[153.23036,-30.1552],[153.22864,-30.15486],[153.22824,-30.15492],[153.22727,-30.15477],[153.22613,-30.15492],[153.22552,-30.15512],[153.22414,-30.1559],[153.22352,-30.1561],[153.22255,-30.15655],[153.22017,-30.15827],[153.20815,-30.15666],[153.20783,-30.15703],[153.20706,-30.15745],[153.20634,-30.15762],[153.20581,-30.15763],[153.20563,-30.15803],[153.20516,-30.15849],[153.20447,-30.15882],[153.20398,-30.15884],[153.2031,-30.15858],[153.20215,-30.15865],[153.20169,-30.15858],[153.20113,-30.15837],[153.201,-30.15845],[153.2004,-30.15888],[153.1998,-30.15948],[153.19919,-30.15984],[153.19764,-30.16117],[153.19693,-30.16193],[153.19606,-30.16268],[153.19571,-30.16317],[153.19606,-30.16355],[153.19619,-30.16386],[153.19611,-30.16473],[153.1969,-30.16473],[153.19667,-30.16536],[153.19616,-30.16599],[153.1958,-30.16627],[153.19556,-30.16639],[153.19487,-30.16653],[153.19461,-30.1665],[153.19397,-30.16673],[153.19242,-30.16876],[153.19174,-30.16978],[153.19173,-30.16988],[153.19277,-30.17034],[153.19325,-30.17069],[153.19365,-30.17129],[153.1938,-30.17197],[153.19486,-30.17264],[153.1961,-30.17372],[153.19676,-30.17452],[153.1972,-30.17535],[153.1975,-30.17645],[153.19754,-30.17746],[153.19721,-30.17883],[153.1967,-30.17978],[153.19613,-30.18047],[153.19535,-30.1811],[153.19416,-30.18166],[153.19351,-30.18213],[153.19284,-30.18249],[153.19149,-30.18296],[153.19048,-30.18309],[153.18874,-30.18296],[153.18774,-30.18276],[153.18701,-30.1825],[153.18634,-30.18213],[153.18424,-30.18145],[153.18264,-30.18073],[153.18166,-30.1815],[153.18071,-30.18242],[153.18004,-30.18321],[153.17953,-30.18359],[153.17704,-30.18627],[153.17557,-30.18815],[153.1749,-30.18883],[153.17389,-30.19021],[153.1726,-30.19155],[153.17241,-30.1919],[153.17143,-30.19313],[153.16793,-30.19821]],[[153.22887,-30.1608],[153.22889,-30.16085],[153.22876,-30.16086],[153.22887,-30.1608]],[[153.22855,-30.1594],[153.22864,-30.15936],[153.22869,-30.15941],[153.22855,-30.1594]],[[153.22446,-30.16217],[153.22442,-30.16224],[153.22429,-30.16219],[153.22446,-30.16217]],[[153.22846,-30.15967],[153.22852,-30.15957],[153.22861,-30.15958],[153.22846,-30.15967]],[[153.22472,-30.16223],[153.22463,-30.16209],[153.22487,-30.16214],[153.22472,-30.16223]],[[153.22872,-30.16142],[153.22882,-30.16135],[153.22887,-30.1615],[153.22879,-30.16158],[153.22861,-30.16149],[153.22872,-30.16142]],[[153.22834,-30.16176],[153.22833,-30.16191],[153.22816,-30.16204],[153.22805,-30.16191],[153.22806,-30.16168],[153.22834,-30.16176]],[[153.22843,-30.16118],[153.22863,-30.16103],[153.22878,-30.16107],[153.22855,-30.1612],[153.22857,-30.16131],[153.22839,-30.16154],[153.22826,-30.16137],[153.22843,-30.16118]],[[153.22861,-30.15979],[153.2287,-30.15976],[153.22897,-30.1601],[153.22878,-30.16033],[153.22865,-30.16035],[153.22856,-30.16022],[153.2285,-30.15995],[153.22852,-30.15982],[153.22861,-30.15979]],[[153.22706,-30.1622],[153.22678,-30.16216],[153.22663,-30.16224],[153.22628,-30.16224],[153.22595,-30.16163],[153.22562,-30.16151],[153.2254,-30.16161],[153.22502,-30.16159],[153.2248,-30.16198],[153.22475,-30.16191],[153.22455,-30.1619],[153.22453,-30.1618],[153.22473,-30.16146],[153.22464,-30.16125],[153.22462,-30.16056],[153.22492,-30.1604],[153.22509,-30.16042],[153.22524,-30.16025],[153.22557,-30.16042],[153.22638,-30.15979],[153.22671,-30.15971],[153.22697,-30.15952],[153.22709,-30.15954],[153.22727,-30.15927],[153.2275,-30.15931],[153.22777,-30.15952],[153.22789,-30.1595],[153.22819,-30.15967],[153.22832,-30.15982],[153.22827,-30.15996],[153.22838,-30.16002],[153.22835,-30.1601],[153.22855,-30.16066],[153.22852,-30.16083],[153.22832,-30.16111],[153.228,-30.16128],[153.22807,-30.16143],[153.22784,-30.1618],[153.22754,-30.16186],[153.22763,-30.16204],[153.22706,-30.1622]]]}},{"type":"Feature","properties":{"name":"Brou Beach Habitat Protection Zone","park":"Batemans","zone":"Habitat Protection Zone (Restrictions Apply)","spear":"check","kind":"mpa","note":"Zone has its own rules."},"geometry":{"type":"Polygon","coordinates":[[[150.13877,-36.10287],[150.13766,-36.10287],[150.13765,-36.10294],[150.13675,-36.10322],[150.13637,-36.10373],[150.13613,-36.1045],[150.13595,-36.1048],[150.13473,-36.10562],[150.13421,-36.10625],[150.13307,-36.10851],[150.13016,-36.1154],[150.12955,-36.11724],[150.1285,-36.11997],[150.1272,-36.12431],[150.12712,-36.12482],[150.12685,-36.12526],[150.12675,-36.12566],[150.12788,-36.12566],[150.12816,-36.12513],[150.1283,-36.12448],[150.12958,-36.1202],[150.13122,-36.11567],[150.13368,-36.10981],[150.13521,-36.10667],[150.13558,-36.10621],[150.13686,-36.10532],[150.13712,-36.10493],[150.13739,-36.10411],[150.13754,-36.1039],[150.13803,-36.10379],[150.13844,-36.10358],[150.13869,-36.10325],[150.13877,-36.10287]]]}},{"type":"Feature","properties":{"name":"Dignams Creek Sanctuary Zone","park":"Batemans","zone":"Sanctuary Zone","spear":"no","kind":"mpa","note":"No-take zone: no spearfishing."},"geometry":{"type":"Polygon","coordinates":[[[150.03465,-36.35352],[150.03434,-36.35354],[150.03416,-36.35346],[150.03401,-36.35332],[150.03391,-36.35297],[150.03406,-36.35243],[150.03408,-36.35194],[150.03453,-36.3505],[150.03448,-36.34965],[150.0342,-36.34848],[150.03401,-36.34823],[150.03358,-36.34808],[150.03345,-36.34783],[150.03304,-36.34763],[150.03303,-36.34738],[150.0331,-36.34728],[150.03303,-36.34697],[150.03329,-36.34662],[150.03336,-36.3462],[150.03304,-36.34549],[150.03268,-36.34515],[150.03236,-36.34502],[150.03276,-36.34531],[150.03318,-36.34608],[150.03316,-36.34651],[150.03308,-36.34667],[150.03263,-36.3469],[150.03231,-36.34691],[150.03238,-36.34683],[150.03236,-36.34663],[150.03266,-36.34651],[150.03276,-36.34636],[150.03274,-36.34588],[150.03263,-36.34576],[150.03249,-36.34638],[150.03234,-36.34641],[150.0319,-36.34632],[150.0314,-36.34638],[150.03051,-36.34697],[150.02999,-36.34748],[150.02934,-36.34777],[150.02908,-36.34804],[150.02907,-36.34828],[150.02919,-36.34848],[150.03031,-36.34872],[150.03059,-36.34899],[150.03069,-36.3492],[150.0307,-36.34994],[150.03036,-36.35036],[150.02977,-36.35076],[150.02965,-36.35096],[150.02976,-36.3511],[150.03092,-36.35145],[150.03119,-36.35175],[150.03105,-36.35258],[150.0308,-36.3528],[150.03025,-36.35293],[150.03006,-36.35328],[150.03011,-36.35343],[150.0308,-36.35398],[150.03082,-36.35419],[150.03071,-36.35449],[150.03052,-36.35469],[150.02965,-36.35481],[150.02747,-36.35422],[150.02687,-36.35399],[150.02653,-36.35377],[150.02631,-36.35384],[150.02647,-36.35432],[150.0269,-36.35454],[150.0272,-36.35485],[150.02771,-36.35492],[150.02868,-36.35565],[150.0295,-36.35605],[150.02997,-36.35624],[150.03038,-36.35629],[150.03068,-36.35626],[150.03088,-36.35607],[150.03091,-36.35617],[150.03065,-36.3568],[150.03043,-36.35711],[150.0294,-36.35756],[150.02887,-36.35767],[150.02785,-36.35752],[150.02538,-36.35775],[150.02455,-36.35773],[150.02379,-36.35751],[150.0235,-36.35734],[150.02313,-36.35733],[150.02308,-36.3576],[150.02167,-36.35931],[150.02089,-36.35932],[150.02059,-36.35982],[150.0199,-36.35988],[150.01961,-36.3602],[150.02049,-36.36167],[150.02089,-36.36169],[150.0212,-36.36158],[150.02238,-36.36036],[150.02333,-36.35953],[150.02379,-36.35946],[150.02429,-36.35907],[150.0251,-36.35873],[150.02578,-36.35832],[150.02568,-36.35884],[150.02552,-36.35919],[150.02405,-36.35995],[150.02335,-36.36047],[150.02147,-36.36218],[150.02055,-36.3631],[150.02025,-36.36351],[150.01954,-36.36389],[150.01858,-36.3641],[150.01663,-36.36415],[150.01425,-36.36446],[150.01116,-36.36458],[150.00918,-36.36496],[150.00671,-36.36514],[150.00559,-36.36539],[150.00499,-36.36528],[150.00479,-36.36498],[150.00466,-36.36454],[150.00455,-36.36371],[150.00454,-36.36232],[150.00469,-36.36033],[150.0045,-36.35932],[150.00398,-36.35834],[150.00311,-36.35726],[150.00254,-36.35638],[150.00207,-36.35608],[149.99988,-36.35559],[149.99884,-36.35553],[149.99717,-36.35575],[149.99753,-36.35586],[149.99908,-36.35588],[150.00203,-36.35656],[150.00232,-36.35675],[150.00265,-36.35746],[150.00304,-36.35796],[150.0033,-36.35849],[150.00369,-36.35896],[150.00418,-36.35981],[150.0042,-36.36066],[150.00388,-36.36245],[150.00376,-36.36368],[150.00287,-36.3637],[150.00278,-36.36354],[150.00268,-36.36332],[150.00257,-36.36248],[150.00286,-36.36198],[150.00265,-36.36188],[150.00221,-36.36216],[150.00221,-36.36265],[150.00251,-36.36298],[150.00265,-36.36371],[150.00277,-36.36382],[150.00299,-36.36387],[150.00375,-36.36383],[150.00392,-36.36501],[150.00411,-36.3653],[150.00458,-36.36569],[150.00502,-36.36581],[150.00652,-36.36572],[150.00734,-36.3658],[150.0094,-36.36569],[150.0098,-36.36557],[150.01034,-36.36553],[150.01137,-36.36566],[150.01163,-36.36577],[150.01262,-36.36525],[150.01318,-36.36526],[150.01455,-36.36502],[150.01728,-36.36481],[150.0178,-36.36495],[150.01822,-36.36527],[150.01821,-36.36539],[150.01781,-36.36587],[150.01723,-36.36602],[150.01718,-36.36616],[150.01763,-36.36615],[150.0185,-36.36537],[150.01908,-36.36522],[150.01934,-36.36522],[150.02062,-36.36595],[150.02119,-36.366],[150.02127,-36.3659],[150.02108,-36.36559],[150.02054,-36.36534],[150.01982,-36.36522],[150.0197,-36.36512],[150.0197,-36.36454],[150.01989,-36.36414],[150.02249,-36.36292],[150.02352,-36.36163],[150.02449,-36.36096],[150.02578,-36.36032],[150.02673,-36.35957],[150.02665,-36.35934],[150.02678,-36.35924],[150.03053,-36.35764],[150.0323,-36.3567],[150.03271,-36.3566],[150.03274,-36.35679],[150.03265,-36.35696],[150.03206,-36.35744],[150.03055,-36.35839],[150.02979,-36.3587],[150.02964,-36.35886],[150.02963,-36.359],[150.02973,-36.35912],[150.03017,-36.35924],[150.03049,-36.35923],[150.03073,-36.35908],[150.0314,-36.35887],[150.03266,-36.35813],[150.03384,-36.35765],[150.03416,-36.35744],[150.03464,-36.35684],[150.03457,-36.35644],[150.03471,-36.35625],[150.03496,-36.35622],[150.03509,-36.35635],[150.03618,-36.35575],[150.03465,-36.35352]],[[150.02794,-36.35775],[150.02818,-36.35786],[150.02615,-36.35912],[150.02578,-36.35927],[150.02552,-36.35927],[150.02575,-36.35889],[150.02583,-36.35828],[150.02598,-36.35819],[150.02611,-36.35793],[150.02681,-36.35791],[150.02749,-36.35775],[150.02794,-36.35775]]]}},{"type":"Feature","properties":{"name":"Black Bream Point Habitat Protection Zone","park":"Batemans","zone":"Habitat Protection Zone (Restrictions Apply)","spear":"check","kind":"mpa","note":"Zone has its own rules."},"geometry":{"type":"Polygon","coordinates":[[[150.09653,-36.21431],[150.09653,-36.21387],[150.09553,-36.21387],[150.09553,-36.21434],[150.09653,-36.21431]]]}},{"type":"Feature","properties":{"name":"Special Purpose Zone 2 (Wooli Wooli River Oyster Aquaculture)","park":"Solitary Islands","zone":"Special Purpose Zone","spear":"check","kind":"mpa","note":"Zone has its own rules."},"geometry":{"type":"Polygon","coordinates":[[[153.26085,-29.85365],[153.26048,-29.85408],[153.26233,-29.85463],[153.26085,-29.85365]]]}},{"type":"Feature","properties":{"name":"Cabbage Tree Island Habitat Protection Zone","park":"Port Stephens - Great Lakes","zone":"Habitat Protection Zone (Restrictions Apply)","spear":"check","kind":"mpa","note":"Zone has its own rules."},"geometry":{"type":"Polygon","coordinates":[[[152.2234,-32.67935],[152.21357,-32.67935],[152.21357,-32.69238],[152.22423,-32.69238],[152.2239,-32.69221],[152.22376,-32.69198],[152.22335,-32.69083],[152.22308,-32.69048],[152.2228,-32.6899],[152.22302,-32.68959],[152.22269,-32.68949],[152.22254,-32.68929],[152.22265,-32.68907],[152.22321,-32.6887],[152.22335,-32.68848],[152.22313,-32.68805],[152.22324,-32.68771],[152.2231,-32.68729],[152.2231,-32.68699],[152.22328,-32.68615],[152.22317,-32.68581],[152.22315,-32.68536],[152.22266,-32.68463],[152.22262,-32.68416],[152.22314,-32.68395],[152.2234,-32.68394],[152.2234,-32.67935]]]}},{"type":"Feature","properties":{"name":"Long Reef Aquatic Reserve","park":"Long Reef","zone":"Aquatic Reserve","spear":"check","kind":"mpa","note":"Zone has its own rules."},"geometry":{"type":"Polygon","coordinates":[[[151.30621,-33.73333],[151.30561,-33.73296],[151.30521,-33.73257],[151.30409,-33.73365],[151.30419,-33.73358],[151.30461,-33.73366],[151.30491,-33.73389],[151.30518,-33.73425],[151.30539,-33.73461],[151.30539,-33.73489],[151.30595,-33.73564],[151.30594,-33.73633],[151.30607,-33.73671],[151.30649,-33.7376],[151.30693,-33.73815],[151.30769,-33.73867],[151.30875,-33.73905],[151.30957,-33.73906],[151.31039,-33.73878],[151.31061,-33.73887],[151.3108,-33.73881],[151.3111,-33.73888],[151.31235,-33.73844],[151.31276,-33.73847],[151.31327,-33.73864],[151.3135,-33.73883],[151.31373,-33.73889],[151.31403,-33.73951],[151.31528,-33.74086],[151.31658,-33.74151],[151.31734,-33.74161],[151.31762,-33.74176],[151.31771,-33.74194],[151.3176,-33.74215],[151.317,-33.74245],[151.31654,-33.74244],[151.31534,-33.74222],[151.31387,-33.74241],[151.31276,-33.74298],[151.31223,-33.74289],[151.31112,-33.74306],[151.31023,-33.74341],[151.30971,-33.74376],[151.30892,-33.74402],[151.30788,-33.74422],[151.30652,-33.74487],[151.30571,-33.74544],[151.30551,-33.74551],[151.30547,-33.74559],[151.30629,-33.7463],[151.30803,-33.74529],[151.30882,-33.74524],[151.30989,-33.74497],[151.31165,-33.74417],[151.31222,-33.74451],[151.31264,-33.74457],[151.31324,-33.74446],[151.31367,-33.74418],[151.3141,-33.74371],[151.31426,-33.74366],[151.3146,-33.74369],[151.31583,-33.74403],[151.31665,-33.74466],[151.31715,-33.74489],[151.31806,-33.74498],[151.31862,-33.74524],[151.31944,-33.74528],[151.31984,-33.74516],[151.32036,-33.74485],[151.32076,-33.74431],[151.32087,-33.74393],[151.32153,-33.74371],[151.32183,-33.74352],[151.32216,-33.74314],[151.32232,-33.74258],[151.32224,-33.74202],[151.32177,-33.74117],[151.32126,-33.74066],[151.32056,-33.74026],[151.31968,-33.74007],[151.3189,-33.74011],[151.31733,-33.74051],[151.31698,-33.74038],[151.3166,-33.74011],[151.31634,-33.73978],[151.316,-33.73871],[151.3153,-33.73724],[151.31475,-33.73667],[151.31416,-33.73632],[151.31314,-33.73609],[151.31231,-33.73607],[151.31174,-33.73595],[151.31133,-33.73603],[151.31088,-33.73634],[151.31041,-33.73643],[151.30937,-33.73696],[151.30895,-33.73747],[151.30881,-33.73785],[151.30858,-33.73784],[151.30837,-33.73773],[151.30759,-33.73702],[151.30799,-33.7368],[151.30825,-33.73646],[151.30833,-33.73605],[151.30823,-33.73567],[151.3079,-33.73532],[151.3074,-33.73514],[151.30709,-33.73472],[151.30674,-33.73446],[151.30647,-33.73367],[151.30621,-33.73333]]]}},{"type":"Feature","properties":{"name":"Anchorage Marina Special Purpose Zone","park":"Port Stephens - Great Lakes","zone":"Special Purpose Zone","spear":"check","kind":"mpa","note":"Zone has its own rules."},"geometry":{"type":"Polygon","coordinates":[[[152.10645,-32.71789],[152.10645,-32.71607],[152.10303,-32.71607],[152.10303,-32.71735],[152.10312,-32.71731],[152.10356,-32.71632],[152.10371,-32.71623],[152.10334,-32.71717],[152.10503,-32.71769],[152.10517,-32.71766],[152.10527,-32.71778],[152.10594,-32.71802],[152.10622,-32.7174],[152.10614,-32.71712],[152.10551,-32.71681],[152.10422,-32.71658],[152.10426,-32.71652],[152.10538,-32.71667],[152.1062,-32.71702],[152.10631,-32.71735],[152.10617,-32.71775],[152.10645,-32.71789]]]}},{"type":"Feature","properties":{"name":"Huskisson Wharf Special Purpose Zone","park":"Jervis Bay","zone":"Special Purpose Zone","spear":"check","kind":"mpa","note":"Zone has its own rules."},"geometry":{"type":"Polygon","coordinates":[[[150.67085,-35.03361],[150.66882,-35.03361],[150.66872,-35.03375],[150.66944,-35.03457],[150.6696,-35.03671],[150.67028,-35.03764],[150.67096,-35.03805],[150.67137,-35.03797],[150.67191,-35.03762],[150.6725,-35.03753],[150.67183,-35.03638],[150.67164,-35.03675],[150.67147,-35.03687],[150.67138,-35.03688],[150.67129,-35.03659],[150.6712,-35.03579],[150.67123,-35.03524],[150.67163,-35.03455],[150.67162,-35.03391],[150.67179,-35.03361],[150.67085,-35.03361]]]}},{"type":"Feature","properties":{"name":"Northern Section Sanctuary Zone","park":"Solitary Islands","zone":"Sanctuary Zone","spear":"no","kind":"mpa","note":"No-take zone: no spearfishing."},"geometry":{"type":"Polygon","coordinates":[[[153.33755,-29.76096],[153.35979,-29.76096],[153.35891,-29.75809],[153.35828,-29.75637],[153.35681,-29.75299],[153.35506,-29.74972],[153.35305,-29.74656],[153.35298,-29.74635],[153.35392,-29.74428],[153.35515,-29.74116],[153.35822,-29.73561],[153.36166,-29.73026],[153.36417,-29.72668],[153.36717,-29.72458],[153.36999,-29.72229],[153.37134,-29.72109],[153.3741,-29.71839],[153.37671,-29.71542],[153.31532,-29.71542],[153.31532,-29.76096],[153.33755,-29.76096]]]}},{"type":"Feature","properties":{"name":"Clarks Bay-Freshwater Bay Sanctuary Zone. Limited recreational fishing was allowed under an amnesty at 30 June 2024.","park":"Batemans","zone":"Sanctuary Zone","spear":"no","kind":"mpa","note":"No-take zone: no spearfishing."},"geometry":{"type":"MultiPolygon","coordinates":[[[[150.10045,-36.21146],[150.09951,-36.21084],[150.09921,-36.21072],[150.09892,-36.21071],[150.098,-36.21103],[150.09734,-36.21149],[150.09675,-36.21168],[150.0958,-36.21244],[150.09543,-36.2126],[150.0952,-36.21265],[150.09497,-36.21249],[150.09482,-36.21226],[150.09471,-36.21171],[150.09449,-36.2115],[150.09444,-36.2115],[150.09444,-36.21172],[150.09372,-36.21237],[150.09341,-36.21242],[150.09323,-36.21231],[150.09261,-36.21232],[150.09327,-36.21238],[150.09352,-36.21257],[150.09401,-36.21265],[150.09405,-36.21277],[150.09373,-36.2131],[150.09349,-36.21322],[150.09372,-36.21331],[150.09369,-36.21351],[150.09345,-36.21357],[150.0933,-36.21339],[150.0928,-36.214],[150.09307,-36.21422],[150.09352,-36.21428],[150.09387,-36.21455],[150.09431,-36.21453],[150.09478,-36.21437],[150.09553,-36.21434],[150.09553,-36.21387],[150.09653,-36.21387],[150.09653,-36.21431],[150.09708,-36.21416],[150.09734,-36.21418],[150.09762,-36.2143],[150.09809,-36.21474],[150.09828,-36.21478],[150.09898,-36.2148],[150.09951,-36.21415],[150.10055,-36.21505],[150.09986,-36.21612],[150.09877,-36.21734],[150.09769,-36.21725],[150.09689,-36.21733],[150.0957,-36.21895],[150.09511,-36.21805],[150.09563,-36.21748],[150.09504,-36.2178],[150.0949,-36.21814],[150.09513,-36.21873],[150.09558,-36.21897],[150.09613,-36.21914],[150.09632,-36.21939],[150.09604,-36.2195],[150.09457,-36.21938],[150.09399,-36.21948],[150.09371,-36.21965],[150.09346,-36.21995],[150.09357,-36.22044],[150.09348,-36.22083],[150.09328,-36.22103],[150.09276,-36.22127],[150.09235,-36.22159],[150.09181,-36.22167],[150.09137,-36.22162],[150.09097,-36.22147],[150.09059,-36.22104],[150.0903,-36.22035],[150.09044,-36.21999],[150.09071,-36.21962],[150.09076,-36.21927],[150.08961,-36.21906],[150.08869,-36.21787],[150.0879,-36.21735],[150.08756,-36.21735],[150.08736,-36.21753],[150.08758,-36.21808],[150.08757,-36.21826],[150.08734,-36.21843],[150.08748,-36.21856],[150.08797,-36.21874],[150.08838,-36.2193],[150.08778,-36.21809],[150.08845,-36.21799],[150.08959,-36.21907],[150.0903,-36.21928],[150.09067,-36.21954],[150.09026,-36.22024],[150.08915,-36.21917],[150.08882,-36.21925],[150.08874,-36.21945],[150.08914,-36.21934],[150.08937,-36.21957],[150.09019,-36.22328],[150.09001,-36.22381],[150.08922,-36.22419],[150.08919,-36.22401],[150.08957,-36.22372],[150.08937,-36.22213],[150.08869,-36.22039],[150.08874,-36.22072],[150.08904,-36.22138],[150.08915,-36.22183],[150.08928,-36.22323],[150.08914,-36.22367],[150.0888,-36.22406],[150.08797,-36.22425],[150.09217,-36.22425],[150.10268,-36.21478],[150.10268,-36.21125],[150.10258,-36.21171],[150.10239,-36.21178],[150.10225,-36.2126],[150.09793,-36.21223],[150.0959,-36.21338],[150.09477,-36.21343],[150.09471,-36.214],[150.09418,-36.21415],[150.09435,-36.2129],[150.0956,-36.2126],[150.09748,-36.21146],[150.10238,-36.21178],[150.10211,-36.21164],[150.10087,-36.21162],[150.10045,-36.21146]]],[[[150.09955,-36.21501],[150.09937,-36.21496],[150.09948,-36.21519],[150.09955,-36.21501]]],[[[150.09935,-36.21553],[150.09941,-36.21536],[150.09854,-36.21642],[150.09757,-36.21635],[150.09708,-36.21645],[150.09672,-36.21665],[150.09628,-36.21666],[150.096,-36.21685],[150.09587,-36.21723],[150.09614,-36.21694],[150.09769,-36.21644],[150.09851,-36.21656],[150.09935,-36.21553]]],[[[150.0885,-36.2195],[150.08858,-36.21948],[150.08841,-36.21939],[150.08856,-36.2198],[150.0885,-36.2195]]]]}},{"type":"Feature","properties":{"name":"Little Swan Bay Sanctuary Zone","park":"Port Stephens - Great Lakes","zone":"Sanctuary Zone","spear":"no","kind":"mpa","note":"No-take zone: no spearfishing."},"geometry":{"type":"MultiPolygon","coordinates":[[[[151.92852,-32.65322],[151.92842,-32.65309],[151.92843,-32.65322],[151.92827,-32.65322],[151.92838,-32.65326],[151.92854,-32.65365],[151.92858,-32.65413],[151.9285,-32.65423],[151.92825,-32.65419],[151.92818,-32.65414],[151.92822,-32.65405],[151.9281,-32.65408],[151.92804,-32.65402],[151.92798,-32.65415],[151.92784,-32.65418],[151.92762,-32.65403],[151.92755,-32.65385],[151.92748,-32.65393],[151.9273,-32.65381],[151.92771,-32.6543],[151.92753,-32.65471],[151.92732,-32.65476],[151.92726,-32.65486],[151.92756,-32.65483],[151.92777,-32.65505],[151.9282,-32.65526],[151.92833,-32.6556],[151.92818,-32.65574],[151.92788,-32.65575],[151.92764,-32.65592],[151.92752,-32.65622],[151.92777,-32.65676],[151.92735,-32.65736],[151.92703,-32.65749],[151.92703,-32.65779],[151.92713,-32.65805],[151.92807,-32.65846],[151.92831,-32.65872],[151.92834,-32.65898],[151.92816,-32.65953],[151.92829,-32.65996],[151.92858,-32.66023],[151.92992,-32.6604],[151.93165,-32.66098],[151.93184,-32.66111],[151.93192,-32.6613],[151.93176,-32.66161],[151.93173,-32.66194],[151.93178,-32.66229],[151.93204,-32.66292],[151.93212,-32.66436],[151.93229,-32.66468],[151.93252,-32.66489],[151.9332,-32.66518],[151.93381,-32.6652],[151.93464,-32.66489],[151.93549,-32.66422],[151.9359,-32.66409],[151.93613,-32.66419],[151.9362,-32.6644],[151.9358,-32.66537],[151.93552,-32.6657],[151.93489,-32.6661],[151.93557,-32.66567],[151.93582,-32.66537],[151.93623,-32.66448],[151.93634,-32.66451],[151.93618,-32.6653],[151.93587,-32.66578],[151.93537,-32.66603],[151.93361,-32.66736],[151.93298,-32.66758],[151.93231,-32.66739],[151.93242,-32.6673],[151.93207,-32.66712],[151.93156,-32.66705],[151.931,-32.66723],[151.93043,-32.66758],[151.93031,-32.66774],[151.93047,-32.66787],[151.93041,-32.66826],[151.93092,-32.66855],[151.93073,-32.66879],[151.93121,-32.66884],[151.93151,-32.66863],[151.93176,-32.66859],[151.93211,-32.6688],[151.93219,-32.669],[151.93209,-32.66915],[151.93184,-32.66923],[151.9304,-32.66936],[151.93001,-32.66967],[151.92995,-32.67002],[151.9301,-32.67037],[151.93034,-32.67052],[151.93044,-32.67112],[151.93036,-32.6715],[151.9301,-32.67203],[151.92985,-32.67227],[151.92914,-32.67187],[151.92891,-32.67157],[151.92896,-32.67124],[151.92944,-32.67049],[151.92949,-32.67006],[151.92923,-32.66943],[151.92888,-32.66918],[151.92863,-32.66927],[151.92849,-32.66943],[151.9285,-32.6706],[151.92813,-32.67101],[151.92771,-32.67124],[151.92736,-32.67117],[151.92686,-32.67075],[151.92658,-32.67071],[151.9262,-32.67083],[151.92516,-32.67148],[151.92473,-32.6715],[151.92461,-32.67139],[151.92457,-32.67111],[151.92471,-32.67001],[151.92439,-32.66974],[151.92408,-32.6697],[151.9237,-32.66986],[151.92353,-32.67007],[151.92393,-32.67074],[151.92393,-32.67098],[151.92304,-32.67138],[151.92241,-32.67202],[151.92174,-32.67167],[151.9212,-32.67172],[151.92041,-32.67165],[151.92034,-32.67152],[151.92039,-32.6714],[151.92082,-32.67132],[151.92096,-32.67119],[151.92096,-32.67088],[151.92076,-32.67073],[151.92062,-32.67073],[151.92025,-32.67096],[151.92005,-32.67099],[151.91983,-32.67092],[151.91957,-32.67069],[151.9193,-32.67065],[151.91883,-32.67093],[151.91861,-32.67097],[151.91866,-32.67103],[151.91884,-32.67102],[151.91912,-32.67079],[151.91935,-32.67072],[151.91952,-32.67075],[151.91989,-32.67106],[151.92026,-32.67106],[151.92077,-32.67082],[151.92087,-32.67097],[151.92086,-32.67119],[151.92028,-32.67139],[151.92026,-32.67154],[151.92036,-32.67171],[151.92115,-32.67183],[151.92167,-32.67176],[151.922,-32.67186],[151.92223,-32.67209],[151.92246,-32.67212],[151.9228,-32.67187],[151.92302,-32.67152],[151.92399,-32.67109],[151.92406,-32.67074],[151.92371,-32.67003],[151.92391,-32.66986],[151.92425,-32.6698],[151.92448,-32.66992],[151.9246,-32.6701],[151.92446,-32.67124],[151.92458,-32.67148],[151.9248,-32.67164],[151.92507,-32.67167],[151.92537,-32.67157],[151.92634,-32.67094],[151.92661,-32.67084],[151.92681,-32.67088],[151.92737,-32.67136],[151.92768,-32.67139],[151.92822,-32.67117],[151.92865,-32.6708],[151.92873,-32.67042],[151.92869,-32.66965],[151.92878,-32.66939],[151.92891,-32.66934],[151.92915,-32.66968],[151.92925,-32.67035],[151.92914,-32.67067],[151.92873,-32.67118],[151.92873,-32.67158],[151.92887,-32.67186],[151.92922,-32.67217],[151.92957,-32.67234],[151.92993,-32.67239],[151.93039,-32.67198],[151.93068,-32.67131],[151.93067,-32.67074],[151.93034,-32.67003],[151.93032,-32.66967],[151.93051,-32.66956],[151.93213,-32.66948],[151.93231,-32.66937],[151.93249,-32.6691],[151.93242,-32.66879],[151.93218,-32.66853],[151.93181,-32.66837],[151.9309,-32.66826],[151.93069,-32.66812],[151.93064,-32.66794],[151.93079,-32.66772],[151.93142,-32.66735],[151.93148,-32.66741],[151.93139,-32.66757],[151.93189,-32.66772],[151.93229,-32.66774],[151.93239,-32.66767],[151.9326,-32.66777],[151.93291,-32.66778],[151.93333,-32.66769],[151.93407,-32.66724],[151.93518,-32.66633],[151.93567,-32.66614],[151.93613,-32.6663],[151.93636,-32.66654],[151.93699,-32.66682],[151.9384,-32.66713],[151.93899,-32.66737],[151.9392,-32.66786],[151.93936,-32.66901],[151.93981,-32.67022],[151.93941,-32.66906],[151.93922,-32.66783],[151.93929,-32.66782],[151.93956,-32.66916],[151.9401,-32.67066],[151.9404,-32.6718],[151.94017,-32.67443],[151.94001,-32.67448],[151.93989,-32.67415],[151.93984,-32.67269],[151.94023,-32.67271],[151.94028,-32.6716],[151.93997,-32.67069],[151.94022,-32.67174],[151.93998,-32.67202],[151.93981,-32.67257],[151.93981,-32.67368],[151.93989,-32.67427],[151.94052,-32.6754],[151.94134,-32.67585],[151.94165,-32.67621],[151.94155,-32.67646],[151.9409,-32.67653],[151.94077,-32.67664],[151.94074,-32.67692],[151.94103,-32.67729],[151.94091,-32.6776],[151.93988,-32.67809],[151.93979,-32.67876],[151.93966,-32.67884],[151.93919,-32.67875],[151.93904,-32.67891],[151.93905,-32.67907],[151.93912,-32.67888],[151.93926,-32.67881],[151.93967,-32.67895],[151.93978,-32.6789],[151.93991,-32.67869],[151.93997,-32.67818],[151.9409,-32.67776],[151.94108,-32.67759],[151.94116,-32.67726],[151.94087,-32.67673],[151.941,-32.67662],[151.9417,-32.6765],[151.94181,-32.6762],[151.94162,-32.6759],[151.94428,-32.67659],[151.94405,-32.67722],[151.94412,-32.67747],[151.94442,-32.67767],[151.94493,-32.67755],[151.94529,-32.6776],[151.94557,-32.67783],[151.94557,-32.67814],[151.94526,-32.67861],[151.9456,-32.67829],[151.94572,-32.67805],[151.94573,-32.67784],[151.94548,-32.67759],[151.94525,-32.67748],[151.94451,-32.67755],[151.94428,-32.67747],[151.9442,-32.67732],[151.94422,-32.67705],[151.94454,-32.67679],[151.94631,-32.67697],[151.94796,-32.67684],[151.94864,-32.67687],[151.94899,-32.67747],[151.94905,-32.67813],[151.94928,-32.67831],[151.94965,-32.67818],[151.94971,-32.67803],[151.94951,-32.67776],[151.94967,-32.67701],[151.94941,-32.6768],[151.94939,-32.67669],[151.94975,-32.67669],[151.95129,-32.6763],[151.9519,-32.67649],[151.953,-32.67719],[151.95385,-32.6771],[151.95402,-32.67691],[151.95193,-32.67618],[151.95126,-32.67586],[151.94912,-32.67631],[151.94918,-32.6761],[151.95064,-32.67572],[151.95209,-32.67567],[151.95459,-32.67614],[151.95423,-32.67698],[151.95428,-32.67685],[151.95436,-32.67707],[151.95487,-32.67733],[151.95492,-32.67782],[151.95465,-32.67816],[151.95396,-32.67838],[151.95331,-32.67941],[151.95305,-32.68009],[151.9526,-32.68183],[151.95264,-32.68261],[151.95285,-32.68278],[151.95262,-32.68287],[151.95253,-32.68392],[151.95284,-32.68658],[151.95399,-32.68911],[151.95455,-32.68966],[151.9551,-32.69],[151.95548,-32.69036],[151.95597,-32.69102],[151.95598,-32.69127],[151.95618,-32.69163],[151.95675,-32.69223],[151.95838,-32.69297],[151.9595,-32.69327],[151.96031,-32.69328],[151.96085,-32.69319],[151.96116,-32.69299],[151.96124,-32.69263],[151.9618,-32.69252],[151.96216,-32.69257],[151.96255,-32.69283],[151.96238,-32.69301],[151.96188,-32.69315],[151.96166,-32.69337],[151.96182,-32.69373],[151.96194,-32.69456],[151.96178,-32.69523],[151.96139,-32.69599],[151.96127,-32.69599],[151.9613,-32.69572],[151.96121,-32.69548],[151.96065,-32.69496],[151.96057,-32.69503],[151.96055,-32.69532],[151.9602,-32.69564],[151.96004,-32.69609],[151.95983,-32.6963],[151.95971,-32.69625],[151.95977,-32.69595],[151.95967,-32.69564],[151.95931,-32.69551],[151.95957,-32.69572],[151.95958,-32.69588],[151.9593,-32.69618],[151.95904,-32.69617],[151.95945,-32.69645],[151.96017,-32.69662],[151.96027,-32.69693],[151.96018,-32.69719],[151.96002,-32.69736],[151.96013,-32.69744],[151.96055,-32.69738],[151.96073,-32.69709],[151.96064,-32.69637],[151.96079,-32.69604],[151.9609,-32.69603],[151.96101,-32.69632],[151.96118,-32.69639],[151.96118,-32.69679],[151.96143,-32.69683],[151.96163,-32.69663],[151.96175,-32.69627],[151.96227,-32.69627],[151.96211,-32.6959],[151.96243,-32.69515],[151.96308,-32.69525],[151.96326,-32.69519],[151.96323,-32.69501],[151.96259,-32.69461],[151.96247,-32.69398],[151.96264,-32.69378],[151.96307,-32.69412],[151.96325,-32.69413],[151.96385,-32.69344],[151.96389,-32.6931],[151.96353,-32.69265],[151.96344,-32.6924],[151.96351,-32.69208],[151.96373,-32.69188],[151.96582,-32.69169],[151.96762,-32.69144],[151.96933,-32.69084],[151.96956,-32.69063],[151.9698,-32.69054],[151.97093,-32.69035],[151.97212,-32.69063],[151.97264,-32.69107],[151.97256,-32.69127],[151.97293,-32.69165],[151.97327,-32.69185],[151.97347,-32.69262],[151.97369,-32.69292],[151.97397,-32.69311],[151.97451,-32.69312],[151.97478,-32.69296],[151.97504,-32.69261],[151.97579,-32.69254],[151.97617,-32.69237],[151.97706,-32.69164],[151.97711,-32.69149],[151.97692,-32.69135],[151.97612,-32.69115],[151.97622,-32.68933],[151.97657,-32.68865],[151.97706,-32.68831],[151.97751,-32.68771],[151.97762,-32.68767],[151.97786,-32.68963],[151.97783,-32.69098],[151.97792,-32.69188],[151.97806,-32.69258],[151.97847,-32.69341],[151.97872,-32.69509],[151.97866,-32.69593],[151.97883,-32.69655],[151.97876,-32.69654],[151.97886,-32.69666],[151.97852,-32.69812],[151.97933,-32.69812],[151.97913,-32.70028],[151.97936,-32.701],[151.97943,-32.70164],[151.97924,-32.70213],[151.97927,-32.70307],[151.97915,-32.70366],[151.97918,-32.70499],[151.97902,-32.70593],[151.97814,-32.70593],[151.97696,-32.70635],[151.97539,-32.70636],[151.97438,-32.70654],[151.97386,-32.70645],[151.97384,-32.70661],[151.9737,-32.70674],[151.97225,-32.7078],[151.97138,-32.70878],[151.97037,-32.71072],[151.96984,-32.71237],[151.96965,-32.71347],[151.96926,-32.71481],[151.98103,-32.70884],[151.98062,-32.70837],[151.98068,-32.70784],[151.98114,-32.70826],[151.98104,-32.70883],[151.98202,-32.70886],[151.98181,-32.70715],[151.9827,-32.70706],[151.98287,-32.70888],[151.99508,-32.7092],[152.00298,-32.70813],[152.00337,-32.70575],[152.00294,-32.70565],[152.0024,-32.70536],[152.00152,-32.70439],[152.00032,-32.70408],[151.99963,-32.70361],[151.99929,-32.70328],[151.99927,-32.70236],[151.99858,-32.70156],[151.99797,-32.70119],[151.99801,-32.70092],[151.99786,-32.70074],[151.99784,-32.70051],[151.99751,-32.70028],[151.99751,-32.7002],[151.99763,-32.70019],[151.9976,-32.70002],[151.98972,-32.69027],[151.97776,-32.68223],[151.97804,-32.68273],[151.97768,-32.68292],[151.97613,-32.68241],[151.97595,-32.68254],[151.97427,-32.68228],[151.97407,-32.68207],[151.97475,-32.68151],[151.97596,-32.68221],[151.97615,-32.68115],[151.97482,-32.68026],[151.97455,-32.68027],[151.97423,-32.68018],[151.9735,-32.6797],[151.97287,-32.67898],[151.97269,-32.67833],[151.97237,-32.67787],[151.97104,-32.67685],[151.97011,-32.67574],[151.96904,-32.67515],[151.96862,-32.67473],[151.96804,-32.67454],[151.96642,-32.67494],[151.96602,-32.6748],[151.96577,-32.67458],[151.96542,-32.67392],[151.96519,-32.67229],[151.96543,-32.6716],[151.96598,-32.67078],[151.96598,-32.67067],[151.96585,-32.67051],[151.96591,-32.67031],[151.96619,-32.66992],[151.96659,-32.66956],[151.96886,-32.66799],[151.96992,-32.66748],[151.96635,-32.66748],[151.96481,-32.66881],[151.96326,-32.6703],[151.96327,-32.67066],[151.96365,-32.67101],[151.96345,-32.67137],[151.96303,-32.6716],[151.96214,-32.67175],[151.96182,-32.67207],[151.96169,-32.67255],[151.96149,-32.67269],[151.96035,-32.67231],[151.96007,-32.67195],[151.96013,-32.67119],[151.95993,-32.67033],[151.95999,-32.67021],[151.96033,-32.67005],[151.96042,-32.66986],[151.96033,-32.66972],[151.96012,-32.66963],[151.96011,-32.66943],[151.95975,-32.66912],[151.95972,-32.66895],[151.95991,-32.66878],[151.96055,-32.66871],[151.96024,-32.66858],[151.95979,-32.66851],[151.9597,-32.66786],[151.95921,-32.66745],[151.95902,-32.66743],[151.95863,-32.66765],[151.95824,-32.66775],[151.95789,-32.66774],[151.95791,-32.66759],[151.95841,-32.66752],[151.95853,-32.66732],[151.95838,-32.6671],[151.95799,-32.66702],[151.95778,-32.66683],[151.95771,-32.66695],[151.95776,-32.66703],[151.95807,-32.66713],[151.95814,-32.66723],[151.95786,-32.66754],[151.95766,-32.66753],[151.95755,-32.66765],[151.95787,-32.66813],[151.95828,-32.66821],[151.95872,-32.66785],[151.95896,-32.66777],[151.95911,-32.66781],[151.95931,-32.66809],[151.95928,-32.66827],[151.95871,-32.66866],[151.95911,-32.66885],[151.95908,-32.66929],[151.95893,-32.66976],[151.95863,-32.67013],[151.95864,-32.67071],[151.95854,-32.6709],[151.95835,-32.67105],[151.95765,-32.67125],[151.95724,-32.67155],[151.95711,-32.67205],[151.9572,-32.6729],[151.95717,-32.67363],[151.95666,-32.67466],[151.95624,-32.67506],[151.95551,-32.67538],[151.95413,-32.67543],[151.95357,-32.67528],[151.95322,-32.67491],[151.95288,-32.67429],[151.95266,-32.67414],[151.95228,-32.67404],[151.95227,-32.67356],[151.95214,-32.67328],[151.95183,-32.67317],[151.95127,-32.67327],[151.95123,-32.67292],[151.95111,-32.67273],[151.94999,-32.67195],[151.94946,-32.67144],[151.94931,-32.67177],[151.94938,-32.6721],[151.95022,-32.67281],[151.94989,-32.67283],[151.94908,-32.67234],[151.94884,-32.67245],[151.94881,-32.67262],[151.94931,-32.67306],[151.94904,-32.67333],[151.94907,-32.67352],[151.94958,-32.6736],[151.94987,-32.67382],[151.94927,-32.67397],[151.94863,-32.6743],[151.9477,-32.67499],[151.94701,-32.67532],[151.94617,-32.67558],[151.94581,-32.67552],[151.94638,-32.67483],[151.94636,-32.67468],[151.94624,-32.67456],[151.94573,-32.67475],[151.94519,-32.67544],[151.94469,-32.67555],[151.94336,-32.67539],[151.94255,-32.67507],[151.94145,-32.67478],[151.94112,-32.67456],[151.94093,-32.67412],[151.94093,-32.6733],[151.94082,-32.67292],[151.94094,-32.67184],[151.94084,-32.67087],[151.94041,-32.66971],[151.94047,-32.66943],[151.94028,-32.66926],[151.94009,-32.66866],[151.9398,-32.66733],[151.9394,-32.66658],[151.93948,-32.66635],[151.93966,-32.66617],[151.94026,-32.66634],[151.94084,-32.66636],[151.941,-32.66632],[151.94123,-32.66609],[151.9413,-32.66583],[151.94122,-32.6657],[151.94095,-32.66558],[151.94064,-32.66565],[151.94056,-32.6655],[151.94085,-32.66475],[151.94083,-32.66415],[151.94028,-32.66389],[151.94001,-32.66347],[151.93989,-32.66347],[151.93963,-32.66363],[151.93952,-32.66312],[151.93978,-32.66306],[151.93998,-32.6628],[151.93979,-32.66265],[151.93976,-32.66273],[151.93985,-32.66282],[151.93974,-32.66287],[151.93972,-32.66302],[151.93947,-32.66299],[151.93941,-32.66306],[151.93948,-32.6636],[151.93961,-32.66372],[151.93995,-32.66358],[151.94011,-32.66393],[151.9403,-32.66403],[151.94028,-32.66422],[151.94039,-32.66407],[151.94071,-32.6642],[151.94076,-32.66439],[151.9407,-32.6648],[151.94035,-32.66553],[151.94054,-32.66578],[151.94102,-32.66573],[151.94111,-32.66578],[151.94113,-32.66589],[151.94103,-32.66608],[151.94085,-32.66618],[151.93967,-32.66604],[151.93921,-32.66638],[151.93905,-32.66623],[151.93869,-32.6662],[151.93839,-32.66603],[151.93808,-32.66615],[151.93737,-32.66617],[151.93702,-32.66611],[151.93661,-32.66588],[151.93642,-32.66564],[151.93641,-32.6653],[151.93651,-32.66487],[151.93654,-32.66419],[151.93678,-32.66411],[151.93651,-32.66403],[151.93585,-32.66357],[151.93545,-32.66365],[151.93473,-32.66405],[151.93395,-32.66466],[151.93335,-32.66462],[151.93287,-32.66432],[151.93267,-32.6639],[151.93262,-32.66329],[151.93243,-32.66261],[151.932,-32.66198],[151.932,-32.6617],[151.93217,-32.66127],[151.93198,-32.6606],[151.9316,-32.66049],[151.93127,-32.66062],[151.92968,-32.66012],[151.92863,-32.66007],[151.92839,-32.65973],[151.92852,-32.65892],[151.92845,-32.65856],[151.92811,-32.65828],[151.92736,-32.65803],[151.92725,-32.65789],[151.92727,-32.65765],[151.92768,-32.65745],[151.92988,-32.65831],[151.93023,-32.65827],[151.93003,-32.65825],[151.92847,-32.65755],[151.92767,-32.65729],[151.92777,-32.65697],[151.92798,-32.65682],[151.92771,-32.65635],[151.92771,-32.65613],[151.92787,-32.65594],[151.92834,-32.65575],[151.9285,-32.65552],[151.92845,-32.6553],[151.92831,-32.65513],[151.92789,-32.65496],[151.92777,-32.65468],[151.92782,-32.65448],[151.92799,-32.65427],[151.92803,-32.6544],[151.92819,-32.65438],[151.92812,-32.65422],[151.92861,-32.65441],[151.92878,-32.65427],[151.92866,-32.65395],[151.92866,-32.65364],[151.92844,-32.65334],[151.92852,-32.65322]],[[151.93197,-32.66736],[151.9322,-32.66758],[151.93211,-32.6676],[151.93194,-32.66747],[151.9319,-32.66735],[151.93197,-32.66736]],[[151.93578,-32.66357],[151.93649,-32.66403],[151.9364,-32.66409],[151.93578,-32.66357]],[[151.93959,-32.66759],[151.93981,-32.66754],[151.9399,-32.66801],[151.93972,-32.66801],[151.93959,-32.66759]],[[151.93214,-32.66302],[151.93221,-32.66438],[151.93215,-32.66439],[151.93209,-32.66302],[151.93214,-32.66302]],[[151.95478,-32.67684],[151.95531,-32.67712],[151.95523,-32.67763],[151.95499,-32.67762],[151.95495,-32.67735],[151.95453,-32.6771],[151.95478,-32.67684]],[[151.93878,-32.66703],[151.93878,-32.66723],[151.93633,-32.66651],[151.93658,-32.6664],[151.93878,-32.66703]],[[151.96289,-32.69075],[151.96277,-32.69023],[151.96383,-32.69005],[151.96394,-32.6905],[151.96289,-32.69075]],[[151.94855,-32.67563],[151.95092,-32.67491],[151.95254,-32.67507],[151.95263,-32.67524],[151.95094,-32.67511],[151.9486,-32.67582],[151.94855,-32.67563]],[[151.93653,-32.66597],[151.93656,-32.66589],[151.93699,-32.66614],[151.93938,-32.6666],[151.9398,-32.66745],[151.93956,-32.66747],[151.93912,-32.6668],[151.9391,-32.66686],[151.93742,-32.66647],[151.93685,-32.66624],[151.93653,-32.66597]],[[151.94053,-32.67388],[151.94068,-32.67286],[151.94074,-32.67151],[151.93986,-32.66855],[151.93977,-32.66817],[151.93993,-32.66812],[151.94091,-32.67152],[151.94066,-32.67439],[151.94057,-32.67441],[151.94053,-32.67388]],[[151.9791,-32.6863],[151.98022,-32.68627],[151.9807,-32.68706],[151.97928,-32.68706],[151.9791,-32.6863]],[[151.96653,-32.68602],[151.9673,-32.6857],[151.96823,-32.68704],[151.96715,-32.6869],[151.96653,-32.68602]],[[151.94341,-32.67619],[151.94527,-32.67656],[151.94603,-32.67661],[151.94855,-32.67632],[151.9486,-32.6766],[151.94589,-32.67673],[151.94527,-32.67669],[151.94331,-32.67631],[151.94163,-32.67587],[151.94172,-32.67575],[151.94341,-32.67619]],[[151.97894,-32.68966],[151.98096,-32.68958],[151.98105,-32.69017],[151.97903,-32.69023],[151.97894,-32.68966]],[[151.98006,-32.68817],[151.98137,-32.68816],[151.98217,-32.68951],[151.98163,-32.68954],[151.98006,-32.68817]],[[151.9948,-32.70032],[151.99693,-32.69941],[151.99685,-32.70066],[151.9948,-32.70032]],[[151.97929,-32.68715],[151.98076,-32.68715],[151.98132,-32.68808],[151.97999,-32.68809],[151.97939,-32.68757],[151.97929,-32.68715]],[[151.96838,-32.67825],[151.96816,-32.67781],[151.96864,-32.67766],[151.96914,-32.67779],[151.96933,-32.67796],[151.96983,-32.67779],[151.97037,-32.67826],[151.97026,-32.67843],[151.97005,-32.67853],[151.96923,-32.67849],[151.96867,-32.67862],[151.96838,-32.67825]],[[151.93228,-32.66298],[151.93235,-32.66299],[151.93277,-32.66432],[151.93329,-32.66471],[151.93418,-32.66482],[151.93506,-32.66394],[151.9357,-32.66363],[151.93582,-32.66385],[151.93523,-32.66418],[151.93475,-32.66463],[151.93427,-32.66491],[151.93305,-32.66502],[151.93248,-32.66474],[151.93232,-32.66432],[151.93228,-32.66298]],[[151.97409,-32.71005],[151.97367,-32.70826],[151.97457,-32.70811],[151.97502,-32.70988],[151.97409,-32.71005]],[[151.95562,-32.68353],[151.95592,-32.68626],[151.95537,-32.68642],[151.95495,-32.68351],[151.95562,-32.68353]],[[151.97262,-32.68075],[151.97343,-32.68151],[151.97331,-32.68156],[151.97394,-32.68208],[151.97372,-32.68221],[151.97252,-32.68227],[151.97171,-32.68123],[151.97262,-32.68075]],[[151.99686,-32.70074],[151.99694,-32.70153],[151.99446,-32.70116],[151.99466,-32.70039],[151.99686,-32.70074]],[[151.95565,-32.68143],[151.95634,-32.68142],[151.95625,-32.68289],[151.95557,-32.68278],[151.95464,-32.68245],[151.95485,-32.68145],[151.95565,-32.68143]],[[151.94071,-32.67446],[151.94097,-32.67493],[151.94174,-32.67531],[151.94422,-32.67576],[151.94564,-32.67595],[151.94733,-32.67571],[151.94829,-32.67541],[151.94855,-32.67587],[151.94745,-32.67615],[151.94663,-32.67623],[151.94566,-32.6762],[151.9442,-32.67595],[151.94202,-32.67548],[151.94082,-32.67506],[151.94062,-32.67448],[151.94071,-32.67446]],[[151.98145,-32.69261],[151.98164,-32.69372],[151.97955,-32.69361],[151.97941,-32.6927],[151.98145,-32.69261]],[[151.97049,-32.68955],[151.97045,-32.68913],[151.97515,-32.69008],[151.97498,-32.69081],[151.97278,-32.69],[151.97049,-32.68955]],[[151.96048,-32.6893],[151.96274,-32.68909],[151.96248,-32.69027],[151.96076,-32.69048],[151.96048,-32.6893]],[[151.9575,-32.6883],[151.95907,-32.69028],[151.95831,-32.69071],[151.95673,-32.68869],[151.95553,-32.68671],[151.95603,-32.68654],[151.9575,-32.6883]],[[151.96756,-32.67838],[151.96771,-32.67855],[151.96739,-32.67893],[151.96717,-32.6797],[151.96669,-32.67986],[151.96625,-32.6798],[151.96599,-32.67999],[151.96536,-32.68],[151.96481,-32.6797],[151.9645,-32.67966],[151.96418,-32.67883],[151.9643,-32.67857],[151.96462,-32.67843],[151.96494,-32.67845],[151.9656,-32.67865],[151.96603,-32.67857],[151.96676,-32.67874],[151.96756,-32.67838]],[[151.9761,-32.70784],[151.9786,-32.70744],[151.97903,-32.70922],[151.97653,-32.70963],[151.9761,-32.70784]],[[151.97904,-32.69031],[151.98107,-32.69026],[151.98144,-32.69252],[151.9794,-32.69262],[151.97904,-32.69031]],[[151.98132,-32.69753],[151.97992,-32.6973],[151.97977,-32.69459],[151.97957,-32.6937],[151.98163,-32.69379],[151.98132,-32.69753]],[[151.98254,-32.70497],[151.98269,-32.70665],[151.98076,-32.70686],[151.9799,-32.70535],[151.97998,-32.70308],[151.98135,-32.70289],[151.98254,-32.70497]],[[151.96603,-32.68397],[151.96397,-32.68249],[151.97045,-32.68119],[151.97085,-32.6829],[151.96603,-32.68397]],[[151.99443,-32.70135],[151.99619,-32.70166],[151.99625,-32.70238],[151.99801,-32.70257],[151.99875,-32.70331],[152.00117,-32.70471],[152.00005,-32.70562],[151.99661,-32.70537],[151.99514,-32.70571],[151.99284,-32.70307],[151.99318,-32.70119],[151.99443,-32.70135]]],[[[151.93407,-32.66689],[151.93461,-32.66628],[151.93416,-32.66664],[151.93417,-32.66676],[151.93397,-32.66696],[151.93407,-32.66689]]],[[[151.93021,-32.66828],[151.93034,-32.66858],[151.93069,-32.66878],[151.93027,-32.66844],[151.93021,-32.66828]]],[[[151.93025,-32.66788],[151.9302,-32.66815],[151.93028,-32.6678],[151.93025,-32.66788]]],[[[151.9334,-32.66735],[151.93343,-32.66733],[151.93322,-32.6674],[151.9334,-32.66735]],[[151.93303,-32.66745],[151.93296,-32.66745],[151.93305,-32.66744],[151.93303,-32.66745]]],[[[151.95561,-32.68204],[151.9556,-32.68228],[151.95565,-32.68143],[151.95561,-32.68204]]],[[[151.93468,-32.66623],[151.93462,-32.66627],[151.93473,-32.6662],[151.93468,-32.66623]]]]}},{"type":"Feature","properties":{"name":"Bare Bluff to Diggers Point Habitat Protection Zone","park":"Solitary Islands","zone":"Habitat Protection Zone (Restrictions Apply)","spear":"check","kind":"mpa","note":"Zone has its own rules."},"geometry":{"type":"Polygon","coordinates":[[[153.20681,-30.15648],[153.20659,-30.15664],[153.20616,-30.15673],[153.2059,-30.15668],[153.20523,-30.15679],[153.2046,-30.15709],[153.20449,-30.15722],[153.20446,-30.15739],[153.20457,-30.15755],[153.20461,-30.15743],[153.20477,-30.15739],[153.20478,-30.15752],[153.20464,-30.15757],[153.20441,-30.15786],[153.20421,-30.15795],[153.20405,-30.15784],[153.20377,-30.1578],[153.20373,-30.15786],[153.20369,-30.15777],[153.20348,-30.15768],[153.20326,-30.15738],[153.20295,-30.15759],[153.20292,-30.15769],[153.20219,-30.15775],[153.20173,-30.15763],[153.20161,-30.15746],[153.20122,-30.15728],[153.20022,-30.15781],[153.2001,-30.15799],[153.19969,-30.1582],[153.19913,-30.15879],[153.19871,-30.15898],[153.1969,-30.16054],[153.19613,-30.16136],[153.19519,-30.16219],[153.19451,-30.16324],[153.19464,-30.16361],[153.19517,-30.16401],[153.1951,-30.16414],[153.19493,-30.16413],[153.19512,-30.16443],[153.19507,-30.16451],[153.19489,-30.16448],[153.19487,-30.16473],[153.19611,-30.16473],[153.19619,-30.16386],[153.19606,-30.16355],[153.19571,-30.16317],[153.19606,-30.16268],[153.19693,-30.16193],[153.19764,-30.16117],[153.19919,-30.15984],[153.1998,-30.15948],[153.2004,-30.15888],[153.201,-30.15845],[153.20113,-30.15837],[153.20169,-30.15858],[153.20215,-30.15865],[153.2031,-30.15858],[153.20342,-30.15872],[153.20408,-30.15885],[153.20462,-30.15878],[153.20504,-30.15858],[153.20551,-30.15817],[153.20581,-30.15763],[153.20634,-30.15762],[153.20706,-30.15745],[153.20783,-30.15703],[153.20815,-30.15666],[153.20681,-30.15648]]]}},{"type":"Feature","properties":{"name":"Sawtooth Rocks Habitat Protection Zone","park":"Port Stephens - Great Lakes","zone":"Habitat Protection Zone (Restrictions Apply)","spear":"check","kind":"mpa","note":"Zone has its own rules."},"geometry":{"type":"Polygon","coordinates":[[[152.54493,-32.44128],[152.53969,-32.44128],[152.53959,-32.4415],[152.53959,-32.44189],[152.53943,-32.44205],[152.53945,-32.44224],[152.53927,-32.44249],[152.53913,-32.44251],[152.53876,-32.44235],[152.5384,-32.44241],[152.53799,-32.44229],[152.53763,-32.44229],[152.53763,-32.45194],[152.54493,-32.44872],[152.54493,-32.44128]],[[152.54064,-32.44666],[152.54073,-32.44704],[152.54042,-32.44727],[152.5401,-32.44718],[152.54002,-32.44695],[152.54019,-32.4466],[152.54043,-32.44646],[152.54064,-32.44666]],[[152.54067,-32.44635],[152.54076,-32.44571],[152.54098,-32.44538],[152.54115,-32.44557],[152.54128,-32.44632],[152.54128,-32.44679],[152.54113,-32.44696],[152.54101,-32.44696],[152.54087,-32.44683],[152.54067,-32.44635]],[[152.5415,-32.4471],[152.54219,-32.44706],[152.54277,-32.44735],[152.54283,-32.44765],[152.54268,-32.44778],[152.54241,-32.44785],[152.54194,-32.44758],[152.54158,-32.44754],[152.54115,-32.44784],[152.54106,-32.44775],[152.54114,-32.44741],[152.5415,-32.4471]],[[152.54046,-32.44478],[152.54015,-32.44448],[152.54004,-32.4441],[152.54004,-32.44367],[152.54013,-32.44341],[152.54037,-32.44324],[152.54057,-32.44324],[152.54091,-32.4435],[152.54096,-32.44371],[152.54074,-32.44411],[152.54069,-32.44439],[152.54078,-32.44453],[152.54074,-32.44463],[152.54046,-32.44478]]]}},{"type":"Feature","properties":{"name":"North West Solitary Island Sanctuary Zone","park":"Solitary Islands","zone":"Sanctuary Zone","spear":"no","kind":"mpa","note":"No-take zone: no spearfishing."},"geometry":{"type":"Polygon","coordinates":[[[153.27162,-30.01615],[153.26822,-30.01263],[153.26747,-30.02205],[153.27031,-30.0199],[153.27047,-30.01947],[153.27073,-30.01935],[153.27057,-30.01919],[153.27053,-30.01901],[153.27084,-30.01854],[153.27093,-30.01825],[153.27088,-30.01785],[153.27102,-30.01766],[153.27091,-30.01731],[153.27107,-30.0171],[153.27101,-30.017],[153.27106,-30.01686],[153.27093,-30.01673],[153.27081,-30.01673],[153.27065,-30.01693],[153.27054,-30.01695],[153.27048,-30.01669],[153.27065,-30.01638],[153.27078,-30.01636],[153.27068,-30.01658],[153.27078,-30.01661],[153.27082,-30.0165],[153.27083,-30.0166],[153.27094,-30.01651],[153.27095,-30.01659],[153.2712,-30.01657],[153.27144,-30.01622],[153.27162,-30.01615]],[[153.27062,-30.01614],[153.27075,-30.01617],[153.27058,-30.01617],[153.27062,-30.01614]],[[153.27046,-30.01718],[153.2705,-30.01708],[153.27053,-30.01714],[153.27046,-30.01718]],[[153.27115,-30.0164],[153.27125,-30.01629],[153.2712,-30.01653],[153.27115,-30.0164]]]}},{"type":"Feature","properties":{"name":"Seal Rocks Sanctuary Zone","park":"Port Stephens - Great Lakes","zone":"Sanctuary Zone","spear":"no","kind":"mpa","note":"No-take zone: no spearfishing."},"geometry":{"type":"Polygon","coordinates":[[[152.61233,-32.46044],[152.61223,-32.45871],[152.61181,-32.45526],[152.61149,-32.45354],[152.61065,-32.45015],[152.6095,-32.44671],[152.60879,-32.44496],[152.607,-32.44128],[152.54493,-32.44128],[152.54493,-32.44872],[152.52065,-32.45943],[152.52065,-32.51924],[152.5235,-32.52036],[152.52736,-32.52164],[152.53131,-32.52268],[152.5355,-32.52351],[152.53991,-32.5241],[152.54436,-32.52441],[152.54882,-32.52443],[152.55327,-32.52417],[152.55746,-32.52366],[152.5616,-32.5229],[152.56566,-32.52189],[152.56963,-32.52064],[152.57348,-32.51915],[152.57719,-32.51743],[152.58075,-32.51549],[152.58247,-32.51444],[152.58414,-32.51333],[152.58734,-32.51099],[152.59033,-32.50846],[152.5931,-32.50577],[152.59563,-32.50292],[152.59679,-32.50146],[152.59894,-32.49842],[152.60082,-32.49527],[152.60238,-32.49218],[152.60362,-32.48917],[152.60453,-32.48786],[152.60626,-32.48508],[152.60785,-32.4821],[152.6092,-32.47904],[152.61035,-32.47581],[152.61124,-32.47252],[152.61187,-32.46918],[152.61209,-32.46751],[152.61231,-32.46473],[152.61233,-32.46044]],[[152.54701,-32.47453],[152.54676,-32.47442],[152.54668,-32.47428],[152.54668,-32.47413],[152.54687,-32.47401],[152.54702,-32.47401],[152.54736,-32.4742],[152.54738,-32.47436],[152.5473,-32.47446],[152.54701,-32.47453]],[[152.55242,-32.46358],[152.55229,-32.46344],[152.55259,-32.46274],[152.55303,-32.46202],[152.55325,-32.46199],[152.55341,-32.46209],[152.55353,-32.46243],[152.55337,-32.4632],[152.55301,-32.46353],[152.55271,-32.46365],[152.55242,-32.46358]]]}},{"type":"Feature","properties":{"name":"North Solitary Island Sanctuary Zone","park":"Solitary Islands","zone":"Sanctuary Zone","spear":"no","kind":"mpa","note":"No-take zone: no spearfishing."},"geometry":{"type":"Polygon","coordinates":[[[153.38903,-29.92333],[153.38903,-29.92273],[153.38323,-29.92273],[153.38984,-29.93297],[153.3922,-29.93297],[153.39211,-29.93275],[153.39183,-29.93267],[153.39186,-29.9324],[153.39163,-29.93246],[153.39152,-29.93202],[153.39115,-29.93179],[153.39115,-29.93121],[153.39097,-29.93065],[153.39097,-29.93002],[153.39072,-29.92946],[153.39076,-29.92865],[153.39066,-29.92852],[153.39071,-29.92845],[153.39063,-29.92807],[153.39043,-29.92764],[153.39046,-29.92741],[153.39032,-29.9273],[153.39,-29.92728],[153.38993,-29.92742],[153.38986,-29.92741],[153.38985,-29.92731],[153.38957,-29.92715],[153.38944,-29.92687],[153.38946,-29.92674],[153.38931,-29.9269],[153.38924,-29.92672],[153.38903,-29.9268],[153.38876,-29.92602],[153.38878,-29.92553],[153.3887,-29.92542],[153.38848,-29.92539],[153.38837,-29.92546],[153.38843,-29.9258],[153.38835,-29.92587],[153.38821,-29.92583],[153.38805,-29.92602],[153.38787,-29.92592],[153.38795,-29.92579],[153.38784,-29.92538],[153.38773,-29.92533],[153.38758,-29.92547],[153.38751,-29.92541],[153.38745,-29.92467],[153.38727,-29.92491],[153.38724,-29.92482],[153.38694,-29.92477],[153.38692,-29.92465],[153.38661,-29.9246],[153.38653,-29.9245],[153.38642,-29.92403],[153.3865,-29.92378],[153.38667,-29.92373],[153.38661,-29.92346],[153.38688,-29.92294],[153.38704,-29.92295],[153.38713,-29.92306],[153.38703,-29.92338],[153.38683,-29.9235],[153.38715,-29.92348],[153.3873,-29.9237],[153.38754,-29.92371],[153.38761,-29.9238],[153.38744,-29.92397],[153.38752,-29.92401],[153.38764,-29.92389],[153.38763,-29.92412],[153.3877,-29.92416],[153.38779,-29.924],[153.38789,-29.92401],[153.38818,-29.92437],[153.38807,-29.92407],[153.38811,-29.92392],[153.3882,-29.92392],[153.38818,-29.92366],[153.38829,-29.92349],[153.38843,-29.92352],[153.38855,-29.9239],[153.38855,-29.92357],[153.38869,-29.92332],[153.3889,-29.92315],[153.38903,-29.92333]],[[153.38871,-29.92568],[153.38875,-29.92576],[153.38867,-29.92571],[153.38871,-29.92568]]]}},{"type":"Feature","properties":{"name":"Cellito South Sanctuary Zone","park":"Port Stephens - Great Lakes","zone":"Sanctuary Zone","spear":"no","kind":"mpa","note":"No-take zone: no spearfishing."},"geometry":{"type":"Polygon","coordinates":[[[152.51952,-32.42238],[152.5237,-32.42238],[152.5237,-32.40207],[152.52044,-32.40207],[152.5203,-32.40261],[152.51999,-32.40294],[152.5197,-32.40356],[152.51934,-32.40397],[152.51936,-32.4047],[152.51916,-32.40521],[152.51893,-32.40546],[152.51862,-32.40565],[152.51737,-32.40588],[152.51773,-32.40625],[152.51788,-32.40654],[152.51786,-32.4073],[152.51736,-32.40827],[152.51702,-32.40852],[152.51658,-32.40865],[152.51654,-32.40909],[152.51676,-32.4095],[152.51757,-32.40985],[152.51785,-32.41015],[152.51814,-32.41065],[152.51821,-32.41141],[152.51807,-32.41182],[152.51829,-32.41212],[152.51841,-32.41257],[152.51839,-32.41294],[152.51825,-32.41335],[152.51797,-32.41366],[152.51764,-32.41382],[152.51761,-32.41396],[152.51798,-32.41449],[152.51809,-32.41524],[152.51788,-32.41587],[152.5175,-32.41619],[152.51775,-32.41648],[152.51806,-32.41709],[152.51828,-32.41844],[152.51814,-32.4189],[152.5177,-32.41925],[152.51837,-32.42028],[152.51857,-32.42084],[152.51901,-32.42114],[152.51922,-32.42139],[152.51944,-32.4219],[152.51952,-32.42238]]]}},{"type":"Feature","properties":{"name":"Malabar Creek Sanctuary Zone","park":"Batemans","zone":"Sanctuary Zone","spear":"no","kind":"mpa","note":"No-take zone: no spearfishing."},"geometry":{"type":"Polygon","coordinates":[[[150.10917,-35.90309],[150.10882,-35.90291],[150.10838,-35.90248],[150.10805,-35.90188],[150.10815,-35.90158],[150.10969,-35.90152],[150.11064,-35.90156],[150.11122,-35.90145],[150.11148,-35.90157],[150.11153,-35.90132],[150.11189,-35.90098],[150.11221,-35.90049],[150.11235,-35.90044],[150.11227,-35.90007],[150.11251,-35.90004],[150.11242,-35.89972],[150.11236,-35.89996],[150.11228,-35.8998],[150.11237,-35.89957],[150.11222,-35.8993],[150.11239,-35.89934],[150.11225,-35.89911],[150.11216,-35.89911],[150.11214,-35.89923],[150.11208,-35.8992],[150.11184,-35.89882],[150.11166,-35.89883],[150.11152,-35.8987],[150.11159,-35.89864],[150.11151,-35.89852],[150.11054,-35.89795],[150.11039,-35.89773],[150.11055,-35.89751],[150.11114,-35.89712],[150.11144,-35.89666],[150.11152,-35.89641],[150.11159,-35.89538],[150.11148,-35.89484],[150.11157,-35.89423],[150.11133,-35.89383],[150.11111,-35.89314],[150.11123,-35.8929],[150.11091,-35.89274],[150.1102,-35.89196],[150.11011,-35.89193],[150.10964,-35.89211],[150.10968,-35.89233],[150.10995,-35.89262],[150.11049,-35.89357],[150.11045,-35.89394],[150.11014,-35.89439],[150.1096,-35.89489],[150.10901,-35.89575],[150.10865,-35.89647],[150.10859,-35.897],[150.10814,-35.89718],[150.10783,-35.8971],[150.10753,-35.89695],[150.10741,-35.89668],[150.10763,-35.89585],[150.10812,-35.89492],[150.10799,-35.89455],[150.10735,-35.89374],[150.10732,-35.89359],[150.10752,-35.89316],[150.10785,-35.89271],[150.10829,-35.89174],[150.1088,-35.89155],[150.10947,-35.89153],[150.10937,-35.8914],[150.10904,-35.89133],[150.10875,-35.89117],[150.10861,-35.89096],[150.10836,-35.89099],[150.10839,-35.8909],[150.10875,-35.8907],[150.10842,-35.89059],[150.1082,-35.89064],[150.10749,-35.89031],[150.10715,-35.89034],[150.10687,-35.89046],[150.10683,-35.89018],[150.10644,-35.89063],[150.10586,-35.89067],[150.1054,-35.89094],[150.10492,-35.89158],[150.1048,-35.89205],[150.10489,-35.89219],[150.10534,-35.89243],[150.10543,-35.89277],[150.10519,-35.89314],[150.10401,-35.89404],[150.10381,-35.89397],[150.10357,-35.89338],[150.10322,-35.89288],[150.10241,-35.8924],[150.10158,-35.89209],[150.10098,-35.89202],[150.10014,-35.89205],[150.0997,-35.89218],[150.09934,-35.8925],[150.099,-35.8926],[150.0987,-35.89249],[150.09837,-35.89229],[150.09743,-35.89117],[150.09741,-35.89102],[150.09747,-35.89064],[150.09815,-35.89013],[150.09863,-35.88943],[150.0987,-35.88913],[150.09857,-35.88855],[150.09806,-35.88806],[150.09783,-35.88798],[150.09746,-35.888],[150.09685,-35.88756],[150.09664,-35.88718],[150.09635,-35.88622],[150.09605,-35.88582],[150.09563,-35.88545],[150.09545,-35.88515],[150.09508,-35.88371],[150.09473,-35.88318],[150.09388,-35.88264],[150.09344,-35.88208],[150.09283,-35.8818],[150.09209,-35.88165],[150.09105,-35.88167],[150.09014,-35.88211],[150.08955,-35.88224],[150.08863,-35.88207],[150.08706,-35.88217],[150.08703,-35.88224],[150.08832,-35.8822],[150.08851,-35.88239],[150.08891,-35.8823],[150.08924,-35.88243],[150.08965,-35.88246],[150.0902,-35.88235],[150.09095,-35.88197],[150.09176,-35.88187],[150.09239,-35.88197],[150.09323,-35.88232],[150.09378,-35.88295],[150.09434,-35.88337],[150.0947,-35.88375],[150.09485,-35.88405],[150.09495,-35.88468],[150.09508,-35.88467],[150.09512,-35.88475],[150.095,-35.88493],[150.09537,-35.88553],[150.09591,-35.88608],[150.0961,-35.8864],[150.09645,-35.8877],[150.09677,-35.88798],[150.09831,-35.8885],[150.09842,-35.88903],[150.09837,-35.88933],[150.09821,-35.88962],[150.09783,-35.88993],[150.09689,-35.89018],[150.09622,-35.8907],[150.09592,-35.89116],[150.09625,-35.89188],[150.09614,-35.89199],[150.09416,-35.89127],[150.0929,-35.89031],[150.09143,-35.88951],[150.0913,-35.8897],[150.09197,-35.89028],[150.09265,-35.8905],[150.09397,-35.8915],[150.09505,-35.89195],[150.09608,-35.89228],[150.09669,-35.89238],[150.09685,-35.89248],[150.09682,-35.89264],[150.09737,-35.89292],[150.09755,-35.89312],[150.09814,-35.89324],[150.09944,-35.89329],[150.10039,-35.89295],[150.10109,-35.89287],[150.1022,-35.89325],[150.10255,-35.89346],[150.10272,-35.89379],[150.10271,-35.89482],[150.1018,-35.89439],[150.10205,-35.8946],[150.10264,-35.89484],[150.10263,-35.89517],[150.10186,-35.89546],[150.10154,-35.89545],[150.10127,-35.89566],[150.10147,-35.89569],[150.1026,-35.89526],[150.10256,-35.89541],[150.10269,-35.89546],[150.1038,-35.89574],[150.10523,-35.89634],[150.10456,-35.89668],[150.10425,-35.89697],[150.10421,-35.89729],[150.10429,-35.89818],[150.10419,-35.89855],[150.104,-35.89885],[150.10365,-35.89913],[150.10236,-35.8998],[150.10171,-35.90029],[150.10145,-35.90059],[150.10118,-35.90148],[150.10077,-35.90198],[150.0995,-35.90265],[150.09555,-35.90363],[150.09553,-35.90382],[150.09757,-35.90365],[150.09999,-35.90329],[150.10084,-35.90289],[150.10151,-35.90234],[150.10201,-35.90179],[150.10259,-35.90152],[150.10319,-35.90177],[150.10369,-35.90213],[150.10434,-35.90229],[150.10511,-35.9019],[150.10601,-35.90163],[150.1064,-35.90163],[150.10678,-35.90178],[150.10702,-35.90225],[150.10698,-35.90257],[150.1065,-35.90292],[150.10527,-35.9034],[150.10509,-35.90359],[150.10507,-35.90375],[150.10514,-35.90381],[150.1058,-35.90374],[150.10721,-35.90308],[150.10769,-35.90323],[150.10823,-35.90378],[150.10917,-35.90309]]]}},{"type":"Feature","properties":{"name":"Northern Section Sanctuary Zone","park":"Solitary Islands","zone":"Sanctuary Zone","spear":"no","kind":"mpa","note":"No-take zone: no spearfishing."},"geometry":{"type":"Polygon","coordinates":[[[153.35167,-29.80551],[153.35324,-29.8032],[153.35481,-29.80055],[153.35634,-29.79754],[153.35712,-29.79579],[153.35844,-29.79221],[153.35899,-29.7904],[153.35946,-29.78856],[153.36,-29.78588],[153.29478,-29.78588],[153.29141,-29.79299],[153.29057,-29.79444],[153.28951,-29.79686],[153.28918,-29.79794],[153.28859,-29.79895],[153.28858,-29.79945],[153.28798,-29.80113],[153.28788,-29.80208],[153.2879,-29.80341],[153.28781,-29.805],[153.28792,-29.80573],[153.28819,-29.80637],[153.35184,-29.80637],[153.35167,-29.80551]]]}},{"type":"Feature","properties":{"name":"Smiths Lake Sanctuary Zone","park":"Port Stephens - Great Lakes","zone":"Sanctuary Zone","spear":"no","kind":"mpa","note":"No-take zone: no spearfishing."},"geometry":{"type":"Polygon","coordinates":[[[152.48021,-32.37332],[152.47513,-32.37332],[152.47505,-32.37358],[152.47466,-32.37409],[152.47378,-32.37463],[152.47347,-32.37506],[152.47281,-32.37546],[152.47256,-32.37577],[152.47226,-32.37826],[152.47218,-32.37969],[152.47159,-32.3805],[152.47112,-32.38093],[152.47067,-32.38114],[152.47014,-32.38111],[152.46977,-32.38097],[152.46897,-32.3803],[152.46811,-32.37913],[152.46655,-32.37761],[152.46615,-32.37686],[152.46567,-32.37633],[152.46518,-32.37598],[152.46436,-32.37571],[152.46317,-32.37505],[152.46296,-32.37504],[152.46256,-32.37532],[152.46146,-32.37556],[152.46084,-32.37583],[152.46073,-32.37613],[152.46063,-32.37622],[152.46017,-32.37629],[152.45973,-32.37682],[152.45951,-32.37694],[152.45954,-32.37737],[152.45939,-32.37766],[152.45963,-32.37785],[152.45934,-32.37818],[152.45948,-32.37911],[152.45918,-32.38],[152.45919,-32.38025],[152.45957,-32.38164],[152.46006,-32.38212],[152.46031,-32.38265],[152.46035,-32.38411],[152.46046,-32.38455],[152.4604,-32.38517],[152.46098,-32.38695],[152.46128,-32.38739],[152.46151,-32.3899],[152.46199,-32.39154],[152.46235,-32.39204],[152.4626,-32.3926],[152.46346,-32.3938],[152.46385,-32.39456],[152.46426,-32.39489],[152.46483,-32.39552],[152.46531,-32.39584],[152.46658,-32.39646],[152.46724,-32.3969],[152.46903,-32.39768],[152.47063,-32.39857],[152.47422,-32.39957],[152.47917,-32.39405],[152.48392,-32.37786],[152.48357,-32.37773],[152.48262,-32.37684],[152.4817,-32.37634],[152.48106,-32.37563],[152.4805,-32.37483],[152.48005,-32.37445],[152.47992,-32.37417],[152.4799,-32.37378],[152.47998,-32.37349],[152.48021,-32.37332]],[[152.47347,-32.38076],[152.47404,-32.38067],[152.4743,-32.38075],[152.4746,-32.38093],[152.47497,-32.38137],[152.47562,-32.3827],[152.4761,-32.38416],[152.47637,-32.38457],[152.47643,-32.38531],[152.47675,-32.38606],[152.47679,-32.38661],[152.47699,-32.38729],[152.47662,-32.38803],[152.4761,-32.38857],[152.47583,-32.38863],[152.47559,-32.38857],[152.47491,-32.38817],[152.4748,-32.38755],[152.47466,-32.38739],[152.47424,-32.38727],[152.47345,-32.38727],[152.47297,-32.38705],[152.47277,-32.3866],[152.47271,-32.38597],[152.47233,-32.38549],[152.47229,-32.38523],[152.47238,-32.38487],[152.47345,-32.38375],[152.47351,-32.3836],[152.47357,-32.38327],[152.47318,-32.38175],[152.47347,-32.38076]]]}},{"type":"Feature","properties":{"name":"Hyams Beach Sanctuary Zone","park":"Jervis Bay","zone":"Sanctuary Zone","spear":"no","kind":"mpa","note":"No-take zone: no spearfishing."},"geometry":{"type":"Polygon","coordinates":[[[150.72889,-35.11843],[150.72889,-35.07278],[150.70667,-35.07278],[150.69259,-35.07917],[150.6925,-35.07988],[150.69238,-35.07999],[150.69224,-35.08033],[150.69232,-35.08167],[150.69222,-35.08214],[150.69214,-35.08221],[150.69189,-35.08221],[150.69156,-35.0825],[150.69147,-35.08283],[150.69147,-35.08325],[150.69154,-35.08352],[150.69179,-35.08383],[150.69221,-35.08388],[150.69229,-35.0838],[150.69243,-35.08388],[150.69262,-35.08418],[150.69296,-35.08426],[150.69305,-35.08458],[150.69311,-35.0845],[150.69322,-35.08458],[150.69329,-35.08528],[150.69348,-35.08534],[150.69347,-35.08559],[150.69335,-35.08566],[150.6934,-35.08618],[150.69323,-35.08684],[150.69316,-35.0869],[150.69276,-35.08692],[150.69263,-35.08703],[150.69249,-35.08738],[150.69235,-35.08888],[150.69237,-35.08897],[150.693,-35.08925],[150.69305,-35.08945],[150.69331,-35.0895],[150.69337,-35.08968],[150.69356,-35.0897],[150.69377,-35.09035],[150.69389,-35.09046],[150.69406,-35.09173],[150.69424,-35.09212],[150.69422,-35.09227],[150.69405,-35.09241],[150.6939,-35.0927],[150.69372,-35.09268],[150.69348,-35.09278],[150.69458,-35.09278],[150.69442,-35.09317],[150.69432,-35.0938],[150.69442,-35.09496],[150.69431,-35.09636],[150.69472,-35.0971],[150.69461,-35.09735],[150.69465,-35.09754],[150.69507,-35.09793],[150.69505,-35.09814],[150.69524,-35.09848],[150.69521,-35.09894],[150.69534,-35.09915],[150.69526,-35.09952],[150.69501,-35.0997],[150.69479,-35.10043],[150.69456,-35.10057],[150.69473,-35.10092],[150.69492,-35.10182],[150.69477,-35.1024],[150.69477,-35.10337],[150.69492,-35.10451],[150.69486,-35.10537],[150.69464,-35.10586],[150.69466,-35.10729],[150.69497,-35.10804],[150.6951,-35.10943],[150.69538,-35.11058],[150.69636,-35.11351],[150.69667,-35.11473],[150.69724,-35.11626],[150.69829,-35.11864],[150.69969,-35.12109],[150.70111,-35.12278],[150.70103,-35.122],[150.70112,-35.12134],[150.70135,-35.12071],[150.70182,-35.11999],[150.70232,-35.11948],[150.7031,-35.11896],[150.70399,-35.11859],[150.70476,-35.11842],[150.70576,-35.11837],[150.70655,-35.11846],[150.7075,-35.11873],[150.70819,-35.11906],[150.70879,-35.11949],[150.70941,-35.12013],[150.70977,-35.12072],[150.71,-35.12139],[150.72889,-35.11843]]]}},{"type":"Feature","properties":{"name":"Barrenjoey Head Aquatic Reserve","park":"Barrenjoey","zone":"Aquatic Reserve","spear":"check","kind":"mpa","note":"Zone has its own rules."},"geometry":{"type":"Polygon","coordinates":[[[151.32807,-33.57726],[151.32431,-33.57788],[151.32321,-33.57815],[151.32274,-33.57836],[151.32205,-33.57883],[151.32174,-33.57926],[151.32151,-33.57996],[151.32157,-33.58052],[151.32172,-33.58089],[151.32202,-33.58122],[151.32309,-33.58182],[151.32382,-33.58198],[151.32454,-33.58194],[151.3247,-33.58098],[151.32411,-33.58109],[151.32372,-33.58105],[151.32312,-33.58078],[151.32295,-33.58059],[151.3227,-33.58051],[151.32259,-33.57998],[151.32284,-33.57944],[151.32305,-33.57937],[151.32351,-33.57902],[151.32456,-33.57876],[151.32619,-33.57855],[151.32789,-33.57819],[151.32939,-33.57815],[151.33026,-33.57843],[151.331,-33.57893],[151.33147,-33.57943],[151.3321,-33.57981],[151.33264,-33.58034],[151.33346,-33.58091],[151.3336,-33.58124],[151.33504,-33.58202],[151.33532,-33.58232],[151.33533,-33.58256],[151.33507,-33.58263],[151.33371,-33.58236],[151.33135,-33.58235],[151.33116,-33.58243],[151.33087,-33.58223],[151.33045,-33.58222],[151.33114,-33.58334],[151.33298,-33.58323],[151.33515,-33.58353],[151.33582,-33.58337],[151.33625,-33.58303],[151.3364,-33.58268],[151.33639,-33.58222],[151.33629,-33.58194],[151.33601,-33.58156],[151.33566,-33.58129],[151.33453,-33.58068],[151.33417,-33.58023],[151.3334,-33.57969],[151.33283,-33.57914],[151.33229,-33.57882],[151.33168,-33.57823],[151.33082,-33.57766],[151.3297,-33.57729],[151.32807,-33.57726]]]}},{"type":"Feature","properties":{"name":"Bombah Broadwater Sanctuary Zone","park":"Port Stephens - Great Lakes","zone":"Sanctuary Zone","spear":"no","kind":"mpa","note":"No-take zone: no spearfishing."},"geometry":{"type":"Polygon","coordinates":[[[152.30504,-32.50812],[152.30488,-32.50823],[152.30412,-32.5082],[152.3031,-32.50834],[152.30034,-32.5089],[152.29689,-32.50935],[152.29314,-32.51063],[152.29122,-32.51153],[152.28926,-32.51264],[152.28735,-32.51402],[152.28609,-32.51521],[152.28581,-32.51563],[152.28504,-32.5164],[152.28394,-32.51721],[152.28349,-32.51777],[152.2831,-32.51813],[152.28296,-32.51864],[152.28256,-32.51922],[152.2824,-32.51934],[152.28191,-32.51917],[152.28101,-32.51861],[152.28022,-32.51839],[152.27875,-32.51825],[152.27758,-32.51828],[152.27662,-32.51836],[152.27633,-32.51842],[152.27625,-32.51854],[152.27602,-32.51849],[152.27567,-32.51858],[152.27441,-32.51925],[152.27381,-32.51985],[152.27348,-32.52005],[152.27255,-32.5201],[152.27109,-32.51998],[152.27033,-32.52014],[152.27002,-32.52007],[152.26952,-32.51982],[152.26921,-32.5189],[152.2687,-32.51846],[152.26749,-32.51802],[152.26646,-32.51798],[152.26576,-32.51825],[152.26525,-32.51826],[152.2642,-32.51881],[152.26295,-32.51928],[152.26236,-32.51961],[152.26095,-32.51922],[152.25934,-32.5198],[152.25869,-32.52019],[152.258,-32.52045],[152.25735,-32.52091],[152.25639,-32.52184],[152.25628,-32.5222],[152.25565,-32.52257],[152.25476,-32.52378],[152.25442,-32.52396],[152.25394,-32.5244],[152.2537,-32.52442],[152.25345,-32.52455],[152.25583,-32.52892],[152.26757,-32.53186],[152.27385,-32.53438],[152.27837,-32.53511],[152.2802,-32.53504],[152.28228,-32.53469],[152.29011,-32.53269],[152.30025,-32.51982],[152.30745,-32.50812],[152.30504,-32.50812]]]}},{"type":"Feature","properties":{"name":"Bowen Island Sanctuary Zone","park":"Jervis Bay","zone":"Sanctuary Zone","spear":"no","kind":"mpa","note":"No-take zone: no spearfishing."},"geometry":{"type":"Polygon","coordinates":[[[150.76472,-35.12478],[150.7693,-35.12354],[150.7704,-35.12344],[150.77138,-35.12301],[150.77201,-35.12246],[150.77287,-35.12113],[150.77338,-35.11944],[150.7719,-35.11944],[150.77153,-35.12058],[150.77107,-35.12146],[150.7702,-35.12228],[150.7698,-35.12249],[150.76363,-35.12414],[150.76375,-35.12423],[150.76438,-35.12438],[150.76439,-35.12451],[150.76454,-35.12443],[150.76477,-35.1245],[150.7647,-35.1246],[150.76472,-35.12478]]]}},{"type":"Feature","properties":{"name":"Shark Net Beach Sanctuary Zone","park":"Jervis Bay","zone":"Sanctuary Zone","spear":"no","kind":"mpa","note":"No-take zone: no spearfishing."},"geometry":{"type":"Polygon","coordinates":[[[150.67505,-35.04128],[150.67544,-35.04081],[150.67565,-35.04025],[150.67566,-35.03979],[150.67548,-35.03922],[150.67511,-35.03872],[150.67456,-35.03835],[150.6739,-35.03812],[150.6733,-35.03807],[150.67335,-35.03862],[150.67317,-35.03933],[150.67356,-35.04031],[150.67387,-35.04067],[150.67447,-35.04089],[150.67505,-35.04128]]]}},{"type":"Feature","properties":{"name":"Hyams Beach Habitat Protection Zone","park":"Jervis Bay","zone":"Habitat Protection Zone (Restrictions Apply)","spear":"check","kind":"mpa","note":"Zone has its own rules."},"geometry":{"type":"Polygon","coordinates":[[[150.70111,-35.12278],[150.69969,-35.12109],[150.69795,-35.11795],[150.69667,-35.11473],[150.69636,-35.11351],[150.69538,-35.11058],[150.69512,-35.10959],[150.69497,-35.10804],[150.69466,-35.10729],[150.69464,-35.10703],[150.69464,-35.10585],[150.69486,-35.10537],[150.69492,-35.10451],[150.69477,-35.10337],[150.69477,-35.1024],[150.69492,-35.10182],[150.69473,-35.10092],[150.69456,-35.10057],[150.69479,-35.10043],[150.69501,-35.0997],[150.69526,-35.09952],[150.69534,-35.09915],[150.69521,-35.09894],[150.69524,-35.09848],[150.69505,-35.09814],[150.69507,-35.09793],[150.69465,-35.09754],[150.69461,-35.09735],[150.69472,-35.0971],[150.69431,-35.09636],[150.69442,-35.09496],[150.69432,-35.0938],[150.69442,-35.09317],[150.69458,-35.09278],[150.69348,-35.09278],[150.69333,-35.09306],[150.69322,-35.09378],[150.69332,-35.09494],[150.69321,-35.09647],[150.69331,-35.09695],[150.69351,-35.0971],[150.69346,-35.09717],[150.69361,-35.09807],[150.69391,-35.09822],[150.6939,-35.09842],[150.69414,-35.09867],[150.69401,-35.09894],[150.69411,-35.09915],[150.69396,-35.09928],[150.69386,-35.09976],[150.69376,-35.09968],[150.69353,-35.09977],[150.69338,-35.10019],[150.69341,-35.1006],[150.69367,-35.10116],[150.69382,-35.10178],[150.69367,-35.10234],[150.69367,-35.10338],[150.69383,-35.10449],[150.69377,-35.1052],[150.69356,-35.10568],[150.69352,-35.10646],[150.69359,-35.10751],[150.69387,-35.10823],[150.69404,-35.10976],[150.69595,-35.11593],[150.69691,-35.11828],[150.69729,-35.11903],[150.69832,-35.12072],[150.69869,-35.12148],[150.6993,-35.12223],[150.70023,-35.12288],[150.70111,-35.12278]]]}},{"type":"Feature","properties":{"name":"Myall Lake Number 2 Sanctuary Zone","park":"Port Stephens - Great Lakes","zone":"Sanctuary Zone","spear":"no","kind":"mpa","note":"No-take zone: no spearfishing."},"geometry":{"type":"Polygon","coordinates":[[[152.4132,-32.43603],[152.41387,-32.43622],[152.41459,-32.43664],[152.41585,-32.4369],[152.41606,-32.43701],[152.41642,-32.43731],[152.41699,-32.43819],[152.41724,-32.43841],[152.41803,-32.43879],[152.41811,-32.43895],[152.41771,-32.43956],[152.41754,-32.44036],[152.41752,-32.44126],[152.41734,-32.44177],[152.41637,-32.44279],[152.41628,-32.44301],[152.41621,-32.44421],[152.416,-32.44482],[152.41574,-32.44512],[152.41537,-32.44518],[152.415,-32.44541],[152.41482,-32.44576],[152.41487,-32.44629],[152.41479,-32.44658],[152.41482,-32.44686],[152.41524,-32.44735],[152.41579,-32.44835],[152.41617,-32.4487],[152.41674,-32.44903],[152.41724,-32.44922],[152.41884,-32.45012],[152.42059,-32.45087],[152.42227,-32.45145],[152.42349,-32.45168],[152.42402,-32.45187],[152.42445,-32.45187],[152.42479,-32.45172],[152.42531,-32.45131],[152.42618,-32.45105],[152.42626,-32.45059],[152.42645,-32.45034],[152.42688,-32.44996],[152.42841,-32.44914],[152.42886,-32.44847],[152.42926,-32.44805],[152.43057,-32.44733],[152.43273,-32.4465],[152.43328,-32.44614],[152.43417,-32.44535],[152.43536,-32.44383],[152.43595,-32.44284],[152.43639,-32.44183],[152.43758,-32.44011],[152.43801,-32.43964],[152.44015,-32.43773],[152.44121,-32.43615],[152.44227,-32.43491],[152.44242,-32.43428],[152.4437,-32.43257],[152.44383,-32.43194],[152.44374,-32.4311],[152.44388,-32.43081],[152.44467,-32.43022],[152.44495,-32.42952],[152.44509,-32.42937],[152.44559,-32.42899],[152.44616,-32.42872],[152.4132,-32.43603]]]}},{"type":"Feature","properties":{"name":"Bullengella Beach-Loader Beach Habitat Protection Zone","park":"Batemans","zone":"Habitat Protection Zone (Restrictions Apply)","spear":"check","kind":"mpa","note":"Zone has its own rules."},"geometry":{"type":"Polygon","coordinates":[[[150.14782,-36.23833],[150.14671,-36.23833],[150.14535,-36.23914],[150.14425,-36.24142],[150.14404,-36.24277],[150.14431,-36.2436],[150.14429,-36.24412],[150.14417,-36.2445],[150.14344,-36.24538],[150.14319,-36.24611],[150.14307,-36.24727],[150.14317,-36.24855],[150.14306,-36.24939],[150.14321,-36.25051],[150.14345,-36.25119],[150.14347,-36.25182],[150.14335,-36.25232],[150.14492,-36.25233],[150.14531,-36.25239],[150.14565,-36.25256],[150.14556,-36.25276],[150.14525,-36.25255],[150.1451,-36.25261],[150.14554,-36.25358],[150.14549,-36.25438],[150.14529,-36.25509],[150.14509,-36.2554],[150.14461,-36.2557],[150.14462,-36.25594],[150.14431,-36.2562],[150.14425,-36.25635],[150.14449,-36.25682],[150.14542,-36.25722],[150.14558,-36.25746],[150.14511,-36.25789],[150.14505,-36.2581],[150.14443,-36.25835],[150.14406,-36.25864],[150.14372,-36.25934],[150.14368,-36.25978],[150.14411,-36.26027],[150.14517,-36.2609],[150.14543,-36.26099],[150.14562,-36.2609],[150.14579,-36.26097],[150.14635,-36.26215],[150.14669,-36.26221],[150.1472,-36.26258],[150.14745,-36.2629],[150.14767,-36.26351],[150.14764,-36.2642],[150.14819,-36.26565],[150.14769,-36.26589],[150.14754,-36.26609],[150.14748,-36.26641],[150.14724,-36.26639],[150.1471,-36.26684],[150.14602,-36.26735],[150.14562,-36.26768],[150.14418,-36.26911],[150.14334,-36.27047],[150.14168,-36.2721],[150.14125,-36.27242],[150.14085,-36.27258],[150.13985,-36.27332],[150.13928,-36.27386],[150.13743,-36.27609],[150.1354,-36.27875],[150.13526,-36.27921],[150.13514,-36.28052],[150.13502,-36.28066],[150.13458,-36.28086],[150.13401,-36.28146],[150.1329,-36.28307],[150.13163,-36.28562],[150.1311,-36.28703],[150.13223,-36.28703],[150.13266,-36.28596],[150.13391,-36.28345],[150.13492,-36.28198],[150.13541,-36.28151],[150.13581,-36.2813],[150.13615,-36.2809],[150.13625,-36.28063],[150.13636,-36.27936],[150.13645,-36.27908],[150.13836,-36.27659],[150.14015,-36.27443],[150.14071,-36.2739],[150.14145,-36.27335],[150.14215,-36.27299],[150.14278,-36.27248],[150.14437,-36.27086],[150.14511,-36.26961],[150.14673,-36.26805],[150.14795,-36.26742],[150.14844,-36.26686],[150.14859,-36.26649],[150.14905,-36.26623],[150.14927,-36.26588],[150.14929,-36.26542],[150.14876,-36.26411],[150.14876,-36.26335],[150.14842,-36.26244],[150.14801,-36.26196],[150.14721,-36.26141],[150.14686,-36.26067],[150.14658,-36.26033],[150.14609,-36.26007],[150.14557,-36.26],[150.14481,-36.25955],[150.14504,-36.25913],[150.14548,-36.25896],[150.1459,-36.25868],[150.14665,-36.25769],[150.14667,-36.2573],[150.14646,-36.25685],[150.14613,-36.25653],[150.14564,-36.2563],[150.14569,-36.25616],[150.14614,-36.25577],[150.14642,-36.25515],[150.14659,-36.25449],[150.14664,-36.25343],[150.14677,-36.25255],[150.14673,-36.25227],[150.14641,-36.25175],[150.146,-36.25146],[150.14457,-36.25135],[150.14454,-36.25096],[150.14431,-36.25032],[150.14417,-36.2496],[150.14428,-36.24855],[150.14418,-36.24723],[150.14429,-36.24628],[150.14451,-36.24568],[150.14512,-36.24504],[150.14539,-36.2443],[150.14541,-36.24349],[150.14515,-36.24265],[150.14535,-36.24162],[150.14628,-36.23971],[150.14749,-36.23898],[150.14773,-36.2387],[150.14782,-36.23833]]]}},{"type":"Feature","properties":{"name":"Shiprock Aquatic Reserve (Sanctuary)","park":"Shiprock","zone":"Aquatic Reserve (Sanctuary)","spear":"no","kind":"mpa","note":"No-take zone: no spearfishing."},"geometry":{"type":"Polygon","coordinates":[[[151.13031,-34.0694],[151.13045,-34.06903],[151.13039,-34.06857],[151.1305,-34.06818],[151.12985,-34.06818],[151.12974,-34.06853],[151.12981,-34.06895],[151.12966,-34.0693],[151.12891,-34.06959],[151.12839,-34.06961],[151.12839,-34.07015],[151.12906,-34.07011],[151.12974,-34.06989],[151.13014,-34.06967],[151.13031,-34.0694]]]}},{"type":"Feature","properties":{"name":"Burrewarra Sanctuary Zone","park":"Batemans","zone":"Sanctuary Zone","spear":"no","kind":"mpa","note":"No-take zone: no spearfishing."},"geometry":{"type":"Polygon","coordinates":[[[150.23903,-35.83743],[150.23902,-35.81712],[150.22947,-35.81717],[150.22969,-35.8175],[150.22972,-35.81791],[150.2298,-35.81803],[150.23046,-35.81833],[150.2305,-35.81849],[150.22939,-35.81849],[150.22929,-35.81856],[150.22859,-35.81867],[150.22796,-35.81835],[150.22705,-35.81834],[150.22692,-35.81841],[150.22689,-35.8188],[150.22676,-35.81888],[150.22667,-35.81908],[150.22691,-35.81977],[150.22689,-35.82019],[150.22664,-35.82012],[150.22654,-35.82021],[150.22614,-35.82005],[150.22602,-35.82017],[150.22598,-35.82037],[150.22514,-35.82025],[150.22485,-35.82054],[150.22483,-35.82099],[150.225,-35.82126],[150.2266,-35.82199],[150.22679,-35.82217],[150.22688,-35.8224],[150.22698,-35.82284],[150.22698,-35.82329],[150.22689,-35.82349],[150.22611,-35.82393],[150.22602,-35.82405],[150.22602,-35.82434],[150.22678,-35.82484],[150.22691,-35.82484],[150.22697,-35.82472],[150.22697,-35.82435],[150.22712,-35.82438],[150.22725,-35.8243],[150.22729,-35.82446],[150.22718,-35.82557],[150.22707,-35.82576],[150.22692,-35.82581],[150.22673,-35.82571],[150.22667,-35.8249],[150.22655,-35.82476],[150.22595,-35.82447],[150.22557,-35.82456],[150.22542,-35.82471],[150.22523,-35.82502],[150.22515,-35.82582],[150.22498,-35.82634],[150.22457,-35.82668],[150.2245,-35.82706],[150.22453,-35.82769],[150.22512,-35.8284],[150.2259,-35.82874],[150.22633,-35.82884],[150.22684,-35.8292],[150.22763,-35.82946],[150.22806,-35.82974],[150.22883,-35.82984],[150.22958,-35.83007],[150.23046,-35.83064],[150.2308,-35.83077],[150.23173,-35.83084],[150.23226,-35.83075],[150.23234,-35.83082],[150.2326,-35.83147],[150.23268,-35.83191],[150.23282,-35.83205],[150.23352,-35.8321],[150.23374,-35.83239],[150.23419,-35.83398],[150.23458,-35.83458],[150.23493,-35.83493],[150.23486,-35.83528],[150.23517,-35.83552],[150.23516,-35.83566],[150.235,-35.83574],[150.23453,-35.83532],[150.23418,-35.83526],[150.23401,-35.83536],[150.23404,-35.83579],[150.23387,-35.83606],[150.23414,-35.83634],[150.23426,-35.8366],[150.2342,-35.83673],[150.23404,-35.8368],[150.23397,-35.83705],[150.2338,-35.83688],[150.23358,-35.83687],[150.23348,-35.83665],[150.23337,-35.83666],[150.23324,-35.83682],[150.23319,-35.83658],[150.23329,-35.83637],[150.23306,-35.83615],[150.23165,-35.83543],[150.23063,-35.83459],[150.22996,-35.83441],[150.22951,-35.83418],[150.22858,-35.83316],[150.22743,-35.8328],[150.22726,-35.8326],[150.22718,-35.832],[150.22699,-35.83184],[150.22669,-35.83194],[150.22625,-35.83233],[150.22616,-35.83258],[150.22606,-35.83259],[150.22579,-35.83232],[150.22564,-35.83237],[150.22426,-35.83183],[150.22409,-35.83162],[150.22354,-35.83143],[150.22306,-35.83095],[150.22262,-35.83094],[150.22237,-35.83073],[150.22165,-35.83068],[150.22132,-35.83078],[150.22096,-35.83075],[150.22002,-35.83097],[150.21977,-35.8311],[150.21984,-35.83187],[150.21967,-35.83206],[150.21948,-35.83212],[150.2193,-35.83211],[150.21909,-35.83191],[150.21867,-35.83095],[150.21822,-35.83059],[150.21757,-35.83047],[150.21665,-35.83066],[150.21641,-35.83089],[150.21639,-35.8315],[150.21629,-35.83175],[150.21614,-35.8318],[150.21523,-35.83095],[150.21484,-35.83093],[150.21427,-35.83123],[150.21353,-35.83137],[150.21325,-35.83135],[150.21279,-35.83099],[150.21256,-35.83093],[150.21203,-35.83097],[150.2115,-35.83116],[150.21056,-35.83207],[150.21051,-35.83234],[150.21046,-35.83307],[150.21061,-35.83347],[150.21064,-35.83385],[150.21042,-35.8344],[150.21043,-35.83535],[150.21037,-35.83549],[150.21022,-35.83552],[150.23903,-35.83743]],[[150.23619,-35.81714],[150.23625,-35.81729],[150.23584,-35.81778],[150.2348,-35.81837],[150.23451,-35.81836],[150.23413,-35.81813],[150.23351,-35.81802],[150.23348,-35.81791],[150.23363,-35.81773],[150.23443,-35.81767],[150.23469,-35.81748],[150.23519,-35.81754],[150.23556,-35.81748],[150.23603,-35.81715],[150.23619,-35.81714]]]}},{"type":"Feature","properties":{"name":"Split Solitary Island Habitat Protection Zone","park":"Solitary Islands","zone":"Habitat Protection Zone (Restrictions Apply)","spear":"check","kind":"mpa","note":"Zone has its own rules."},"geometry":{"type":"Polygon","coordinates":[[[153.18041,-30.23495],[153.17872,-30.2353],[153.17724,-30.23615],[153.17628,-30.23689],[153.17584,-30.23741],[153.17529,-30.23837],[153.17471,-30.24043],[153.1747,-30.24084],[153.17504,-30.24256],[153.17555,-30.24348],[153.17648,-30.24456],[153.17697,-30.24498],[153.17814,-30.24565],[153.17916,-30.24592],[153.18042,-30.24609],[153.18298,-30.24567],[153.18353,-30.24548],[153.18425,-30.2451],[153.18503,-30.24447],[153.18553,-30.24389],[153.18605,-30.24296],[153.18629,-30.24219],[153.18644,-30.24064],[153.18632,-30.23959],[153.18608,-30.23885],[153.1849,-30.23703],[153.18458,-30.23668],[153.18344,-30.23585],[153.18247,-30.23536],[153.18185,-30.23516],[153.18041,-30.23495]],[[153.18096,-30.24114],[153.18206,-30.24267],[153.18113,-30.24325],[153.18042,-30.24339],[153.17912,-30.24314],[153.17859,-30.24282],[153.17773,-30.24188],[153.17753,-30.24153],[153.17739,-30.24084],[153.17753,-30.24014],[153.17779,-30.2394],[153.178,-30.23902],[153.1783,-30.2387],[153.17884,-30.23836],[153.17993,-30.23991],[153.18019,-30.2398],[153.18045,-30.23945],[153.18055,-30.23954],[153.18078,-30.23953],[153.18099,-30.2398],[153.1814,-30.23986],[153.18152,-30.23999],[153.1815,-30.24022],[153.18169,-30.24043],[153.18169,-30.24056],[153.18184,-30.2405],[153.18193,-30.24057],[153.18191,-30.2408],[153.18183,-30.24084],[153.1819,-30.24124],[153.18169,-30.24132],[153.18161,-30.24116],[153.18165,-30.24089],[153.1814,-30.24099],[153.18133,-30.24113],[153.18096,-30.24114]]]}},{"type":"Feature","properties":{"name":"Karuah River Sanctuary Zone","park":"Port Stephens - Great Lakes","zone":"Sanctuary Zone","spear":"no","kind":"mpa","note":"No-take zone: no spearfishing."},"geometry":{"type":"Polygon","coordinates":[[[151.97095,-32.53007],[151.97096,-32.52975],[151.97083,-32.52934],[151.97087,-32.52919],[151.97118,-32.52845],[151.9718,-32.52816],[151.97208,-32.52788],[151.97196,-32.52733],[151.97211,-32.52695],[151.97233,-32.52665],[151.97231,-32.52613],[151.97221,-32.52587],[151.97194,-32.52555],[151.97189,-32.52431],[151.97153,-32.52344],[151.97113,-32.52292],[151.97054,-32.52261],[151.96931,-32.52226],[151.9677,-32.52198],[151.96664,-32.52196],[151.96532,-32.52174],[151.96438,-32.5214],[151.96409,-32.52115],[151.9617,-32.52107],[151.96094,-32.52096],[151.95975,-32.5207],[151.95877,-32.52033],[151.95761,-32.52009],[151.95699,-32.5198],[151.95656,-32.51924],[151.95585,-32.51761],[151.95581,-32.51719],[151.9559,-32.51646],[151.95611,-32.51593],[151.95613,-32.51554],[151.95624,-32.51545],[151.9565,-32.51468],[151.95823,-32.51222],[151.95876,-32.51168],[151.95878,-32.5115],[151.959,-32.51127],[151.95903,-32.51107],[151.95957,-32.50989],[151.96044,-32.50881],[151.96103,-32.50772],[151.96153,-32.50617],[151.96151,-32.50538],[151.96182,-32.5043],[151.96179,-32.50386],[151.96118,-32.50315],[151.96088,-32.50293],[151.9593,-32.50219],[151.95916,-32.50189],[151.95911,-32.50099],[151.95926,-32.50009],[151.95943,-32.49974],[151.95971,-32.49956],[151.96319,-32.49822],[151.96323,-32.49815],[151.96302,-32.49802],[151.96274,-32.4982],[151.96265,-32.49814],[151.96272,-32.49792],[151.96355,-32.49794],[151.9651,-32.49702],[151.9662,-32.49677],[151.96644,-32.4965],[151.96649,-32.49623],[151.96627,-32.495],[151.96622,-32.49423],[151.96551,-32.4922],[151.96538,-32.49071],[151.96538,-32.49018],[151.9656,-32.48936],[151.96559,-32.48833],[151.96578,-32.4878],[151.96565,-32.48627],[151.96612,-32.48579],[151.96622,-32.48544],[151.96614,-32.485],[151.96583,-32.48559],[151.96579,-32.48584],[151.96567,-32.48589],[151.96504,-32.48537],[151.96473,-32.48496],[151.96413,-32.48444],[151.96298,-32.48373],[151.96233,-32.48373],[151.96281,-32.48399],[151.96314,-32.4843],[151.9645,-32.4852],[151.96476,-32.48561],[151.96516,-32.48592],[151.9651,-32.48713],[151.96523,-32.48754],[151.96516,-32.48806],[151.96535,-32.48906],[151.96525,-32.48933],[151.96468,-32.48997],[151.96464,-32.49053],[151.96436,-32.49077],[151.96441,-32.4911],[151.96458,-32.49133],[151.9648,-32.49203],[151.96535,-32.49276],[151.96541,-32.49298],[151.96542,-32.49381],[151.96571,-32.49516],[151.96556,-32.49634],[151.96546,-32.49643],[151.96454,-32.49659],[151.9629,-32.49737],[151.96229,-32.49778],[151.96187,-32.49787],[151.96057,-32.49856],[151.95953,-32.49898],[151.9589,-32.4994],[151.95871,-32.49977],[151.9584,-32.50041],[151.95849,-32.50102],[151.95839,-32.50238],[151.95847,-32.50256],[151.95887,-32.50279],[151.95891,-32.50289],[151.95942,-32.50286],[151.95969,-32.50292],[151.95992,-32.50303],[151.96022,-32.50333],[151.96068,-32.50343],[151.9613,-32.50396],[151.96136,-32.50425],[151.96136,-32.50432],[151.96123,-32.5043],[151.96093,-32.50462],[151.96085,-32.50529],[151.96073,-32.5055],[151.96083,-32.50574],[151.96081,-32.50598],[151.96077,-32.50618],[151.9607,-32.50579],[151.96057,-32.50593],[151.96043,-32.50718],[151.9597,-32.50839],[151.959,-32.5093],[151.95878,-32.5093],[151.95847,-32.50868],[151.95813,-32.50837],[151.95775,-32.5082],[151.95746,-32.50811],[151.95692,-32.50811],[151.95602,-32.50835],[151.95541,-32.5075],[151.95524,-32.50737],[151.95521,-32.50681],[151.95513,-32.50665],[151.95491,-32.50659],[151.95439,-32.50709],[151.95392,-32.50812],[151.95282,-32.50907],[151.95235,-32.50995],[151.95161,-32.5106],[151.95092,-32.51143],[151.95112,-32.51136],[151.95154,-32.5108],[151.95241,-32.51007],[151.95298,-32.50907],[151.95349,-32.50869],[151.95416,-32.50798],[151.95449,-32.50716],[151.95485,-32.50675],[151.95501,-32.50677],[151.9551,-32.50687],[151.95511,-32.50731],[151.95547,-32.50793],[151.95594,-32.50845],[151.95655,-32.50843],[151.95682,-32.50826],[151.95733,-32.50825],[151.95796,-32.50845],[151.95856,-32.50946],[151.95863,-32.50993],[151.95813,-32.51094],[151.95679,-32.51261],[151.95567,-32.51435],[151.9552,-32.51523],[151.95498,-32.5163],[151.9548,-32.51635],[151.95509,-32.51783],[151.95513,-32.5186],[151.95532,-32.51899],[151.9553,-32.51931],[151.95623,-32.52029],[151.95663,-32.52055],[151.95777,-32.52081],[151.95833,-32.52109],[151.95871,-32.52112],[151.95976,-32.5217],[151.96079,-32.52205],[151.96104,-32.52232],[151.96124,-32.52241],[151.96221,-32.5225],[151.96284,-32.52243],[151.96322,-32.52252],[151.96371,-32.52252],[151.96414,-32.52266],[151.96486,-32.5226],[151.96559,-32.52275],[151.96595,-32.52273],[151.96689,-32.52309],[151.96923,-32.52352],[151.96973,-32.52371],[151.97053,-32.5242],[151.97104,-32.52459],[151.97119,-32.52674],[151.97041,-32.52819],[151.97007,-32.52849],[151.96959,-32.52926],[151.96878,-32.53007],[151.97095,-32.53007]],[[151.96517,-32.49057],[151.96527,-32.49067],[151.96512,-32.49138],[151.96534,-32.49208],[151.96524,-32.49229],[151.96511,-32.4922],[151.96501,-32.49174],[151.96468,-32.49127],[151.9646,-32.49081],[151.96464,-32.49061],[151.9648,-32.49057],[151.96497,-32.49081],[151.96509,-32.49057],[151.96517,-32.49057]],[[151.9675,-32.52276],[151.96835,-32.52278],[151.97006,-32.52319],[151.97091,-32.52363],[151.97106,-32.52381],[151.97112,-32.52403],[151.97045,-32.52364],[151.96956,-32.52331],[151.96729,-32.52281],[151.9675,-32.52276]],[[151.96108,-32.52199],[151.96169,-32.52193],[151.96377,-32.522],[151.96471,-32.52228],[151.96427,-32.52238],[151.96128,-32.52236],[151.9611,-32.52231],[151.96089,-32.52206],[151.96108,-32.52199]]]}},{"type":"Feature","properties":{"name":"Port Stephens Fisheries Centre Special Purpose Zone","park":"Port Stephens - Great Lakes","zone":"Special Purpose Zone","spear":"check","kind":"mpa","note":"Zone has its own rules."},"geometry":{"type":"Polygon","coordinates":[[[152.06047,-32.7447],[152.05933,-32.74461],[152.05922,-32.74446],[152.05795,-32.74396],[152.05709,-32.74396],[152.05548,-32.74362],[152.05515,-32.74365],[152.05487,-32.74377],[152.05462,-32.74403],[152.05451,-32.74435],[152.05452,-32.74466],[152.05497,-32.74594],[152.05502,-32.74693],[152.05548,-32.74693],[152.05541,-32.74585],[152.05495,-32.74454],[152.05499,-32.74428],[152.05514,-32.74412],[152.05545,-32.74407],[152.05707,-32.74441],[152.05787,-32.7444],[152.06034,-32.74542],[152.06109,-32.74559],[152.06183,-32.74559],[152.06178,-32.74533],[152.06153,-32.7451],[152.06059,-32.74488],[152.06047,-32.7447]]]}},{"type":"Feature","properties":{"name":"Fly Point - Corrie Island Sanctuary Zone","park":"Port Stephens - Great Lakes","zone":"Sanctuary Zone","spear":"no","kind":"mpa","note":"No-take zone: no spearfishing."},"geometry":{"type":"Polygon","coordinates":[[[152.15761,-32.70339],[152.15754,-32.70332],[152.12593,-32.70455],[152.13272,-32.70628],[152.14532,-32.71087],[152.15087,-32.71487],[152.15101,-32.71456],[152.15308,-32.71398],[152.15399,-32.71354],[152.15437,-32.71346],[152.15537,-32.71344],[152.15587,-32.7135],[152.15637,-32.71369],[152.15637,-32.71318],[152.15697,-32.71318],[152.15697,-32.71375],[152.15724,-32.71371],[152.15738,-32.71359],[152.15818,-32.71125],[152.15877,-32.71125],[152.15884,-32.71082],[152.15917,-32.71021],[152.15953,-32.70993],[152.16015,-32.70972],[152.16109,-32.70976],[152.1617,-32.7097],[152.15761,-32.70339]]]}},{"type":"Feature","properties":{"name":"North West Rock Sanctuary Zone","park":"Solitary Islands","zone":"Sanctuary Zone","spear":"no","kind":"mpa","note":"No-take zone: no spearfishing."},"geometry":{"type":"Polygon","coordinates":[[[153.38488,-29.91076],[153.38445,-29.91044],[153.38411,-29.91037],[153.3838,-29.91043],[153.38345,-29.91065],[153.38323,-29.91101],[153.38296,-29.91101],[153.38258,-29.91119],[153.38229,-29.91156],[153.38222,-29.91192],[153.38229,-29.91227],[153.3826,-29.91265],[153.38241,-29.91318],[153.38249,-29.91381],[153.38276,-29.9144],[153.38323,-29.91479],[153.38371,-29.91488],[153.38445,-29.91471],[153.38478,-29.91447],[153.38522,-29.91381],[153.3853,-29.91343],[153.38523,-29.91308],[153.38536,-29.91277],[153.38539,-29.91225],[153.38512,-29.91115],[153.38488,-29.91076]],[[153.38316,-29.9119],[153.3832,-29.91196],[153.38313,-29.91194],[153.38316,-29.9119]],[[153.38347,-29.91201],[153.38356,-29.91213],[153.38353,-29.91225],[153.38341,-29.9122],[153.38347,-29.91201]],[[153.38406,-29.91176],[153.38411,-29.91127],[153.38429,-29.91149],[153.3845,-29.91244],[153.38432,-29.91279],[153.38356,-29.91255],[153.38363,-29.91233],[153.38372,-29.91257],[153.384,-29.91249],[153.38398,-29.91232],[153.38411,-29.91225],[153.38401,-29.91203],[153.38406,-29.91176]],[[153.38382,-29.91284],[153.38404,-29.91307],[153.38404,-29.91317],[153.38418,-29.91317],[153.3844,-29.91343],[153.38411,-29.91387],[153.38405,-29.9139],[153.38389,-29.91377],[153.38367,-29.91398],[153.3835,-29.91389],[153.38358,-29.91343],[153.38333,-29.91347],[153.38339,-29.91328],[153.38331,-29.91318],[153.38382,-29.91284]]]}},{"type":"Feature","properties":{"name":"Sandon Shoals Habitat Protection Zone","park":"Solitary Islands","zone":"Habitat Protection Zone (Restrictions Apply)","spear":"check","kind":"mpa","note":"Zone has its own rules."},"geometry":{"type":"Polygon","coordinates":[[[153.36927,-29.71542],[153.36927,-29.69384],[153.34116,-29.69384],[153.34116,-29.71542],[153.36927,-29.71542]]]}},{"type":"Feature","properties":{"name":"Point Perpendicular - Crocodile Head Sanctuary Zone","park":"Jervis Bay","zone":"Sanctuary Zone","spear":"no","kind":"mpa","note":"No-take zone: no spearfishing."},"geometry":{"type":"Polygon","coordinates":[[[150.83048,-35.07639],[150.83023,-35.07625],[150.83018,-35.07572],[150.83027,-35.07568],[150.83026,-35.07534],[150.83007,-35.0752],[150.8299,-35.07529],[150.82992,-35.07548],[150.82947,-35.07626],[150.82837,-35.07605],[150.82851,-35.07557],[150.82834,-35.0754],[150.82787,-35.07517],[150.82746,-35.07521],[150.82682,-35.07556],[150.8267,-35.0757],[150.82586,-35.0757],[150.82555,-35.07587],[150.82519,-35.07621],[150.82436,-35.07779],[150.82387,-35.07848],[150.82233,-35.07979],[150.82207,-35.08024],[150.82163,-35.08056],[150.82039,-35.08188],[150.81976,-35.08191],[150.81962,-35.082],[150.81947,-35.08245],[150.81935,-35.08324],[150.81909,-35.08369],[150.81844,-35.08395],[150.81795,-35.08464],[150.81709,-35.085],[150.81653,-35.08498],[150.81652,-35.08469],[150.81639,-35.08453],[150.81582,-35.0847],[150.81542,-35.08462],[150.8153,-35.08478],[150.81521,-35.08529],[150.81478,-35.08571],[150.81361,-35.08621],[150.81304,-35.08664],[150.81126,-35.08826],[150.80974,-35.08989],[150.80886,-35.09107],[150.80826,-35.09222],[150.80751,-35.09288],[150.80687,-35.09361],[150.8063,-35.09403],[150.80523,-35.0942],[150.8049,-35.09447],[150.80425,-35.09456],[150.80384,-35.09472],[150.82468,-35.09472],[150.84943,-35.07639],[150.83048,-35.07639]]]}},{"type":"Feature","properties":{"name":"Oyster Cove Special Purpose Zone","park":"Port Stephens - Great Lakes","zone":"Special Purpose Zone","spear":"check","kind":"mpa","note":"Zone has its own rules."},"geometry":{"type":"Polygon","coordinates":[[[151.9524,-32.73346],[151.95183,-32.73272],[151.9495,-32.73526],[151.94816,-32.73615],[151.94649,-32.73697],[151.94737,-32.73835],[151.94924,-32.73695],[151.95011,-32.73613],[151.95114,-32.73508],[151.95165,-32.73432],[151.95229,-32.73376],[151.9524,-32.73346]]]}},{"type":"Feature","properties":{"name":"Moona Moona Creek Sanctuary Zone","park":"Jervis Bay","zone":"Sanctuary Zone","spear":"no","kind":"mpa","note":"No-take zone: no spearfishing."},"geometry":{"type":"Polygon","coordinates":[[[150.67402,-35.05131],[150.67333,-35.05185],[150.67325,-35.05215],[150.67269,-35.05282],[150.6721,-35.05334],[150.67092,-35.05362],[150.66976,-35.05366],[150.669,-35.0536],[150.66844,-35.05347],[150.66821,-35.05334],[150.66784,-35.05296],[150.66791,-35.05238],[150.66781,-35.05181],[150.66738,-35.05156],[150.66665,-35.05132],[150.66627,-35.05143],[150.66586,-35.05173],[150.66581,-35.05255],[150.66538,-35.05222],[150.66489,-35.05167],[150.66438,-35.05146],[150.66386,-35.05141],[150.66365,-35.05117],[150.66341,-35.05104],[150.66316,-35.05104],[150.66192,-35.0515],[150.66166,-35.05148],[150.66154,-35.05137],[150.66163,-35.051],[150.66137,-35.05087],[150.66067,-35.05096],[150.66027,-35.05114],[150.65971,-35.05163],[150.65958,-35.0518],[150.65965,-35.05201],[150.65982,-35.05214],[150.65989,-35.0523],[150.65979,-35.05239],[150.65911,-35.0523],[150.65884,-35.05233],[150.65865,-35.05246],[150.65866,-35.05259],[150.6591,-35.05284],[150.65824,-35.05297],[150.65801,-35.05284],[150.65815,-35.05268],[150.6581,-35.05254],[150.65766,-35.05242],[150.6574,-35.05271],[150.65764,-35.05269],[150.6577,-35.05247],[150.65808,-35.05258],[150.65811,-35.05264],[150.65788,-35.05282],[150.65802,-35.05292],[150.65794,-35.05311],[150.65799,-35.0532],[150.65855,-35.05322],[150.65868,-35.05318],[150.65878,-35.05303],[150.65913,-35.05302],[150.65923,-35.05291],[150.6592,-35.0528],[150.65888,-35.05265],[150.65882,-35.05257],[150.65886,-35.05249],[150.6594,-35.05247],[150.65925,-35.05259],[150.65931,-35.05267],[150.65997,-35.05251],[150.66005,-35.05244],[150.66006,-35.05218],[150.65978,-35.05198],[150.65974,-35.05181],[150.66013,-35.05167],[150.66038,-35.05174],[150.66039,-35.05159],[150.66029,-35.05139],[150.66043,-35.05128],[150.66053,-35.05128],[150.66072,-35.05195],[150.66034,-35.0519],[150.66022,-35.05196],[150.66029,-35.05205],[150.66045,-35.05209],[150.66082,-35.05203],[150.66088,-35.05186],[150.66065,-35.05127],[150.66108,-35.0511],[150.66125,-35.05113],[150.66137,-35.05127],[150.66143,-35.05152],[150.66165,-35.05162],[150.6633,-35.05125],[150.66339,-35.05127],[150.66352,-35.0516],[150.6637,-35.05175],[150.66485,-35.0518],[150.66485,-35.0524],[150.66509,-35.05264],[150.66573,-35.05297],[150.66594,-35.05298],[150.66605,-35.05287],[150.66616,-35.05265],[150.66627,-35.05199],[150.66652,-35.05177],[150.66699,-35.05171],[150.66737,-35.05183],[150.66757,-35.05199],[150.66759,-35.05216],[150.66739,-35.05262],[150.66735,-35.05311],[150.66755,-35.05339],[150.66805,-35.0538],[150.66901,-35.05432],[150.6691,-35.05455],[150.66907,-35.05487],[150.66946,-35.05497],[150.6694,-35.05535],[150.66926,-35.05559],[150.66917,-35.05635],[150.66925,-35.05649],[150.66956,-35.05649],[150.66947,-35.05697],[150.66976,-35.05705],[150.66961,-35.05772],[150.66967,-35.05803],[150.66984,-35.05821],[150.66986,-35.05733],[150.67004,-35.05677],[150.66972,-35.05677],[150.66987,-35.05647],[150.66976,-35.05627],[150.66942,-35.05632],[150.6694,-35.05622],[150.66949,-35.05567],[150.66979,-35.05505],[150.66977,-35.05477],[150.66949,-35.05478],[150.66932,-35.05462],[150.66957,-35.05434],[150.66985,-35.05421],[150.67042,-35.05421],[150.67132,-35.05403],[150.6721,-35.05372],[150.67263,-35.05338],[150.67462,-35.05163],[150.67402,-35.05131]]]}},{"type":"Feature","properties":{"name":"Mallabula Sanctuary Zone","park":"Port Stephens - Great Lakes","zone":"Sanctuary Zone","spear":"no","kind":"mpa","note":"No-take zone: no spearfishing."},"geometry":{"type":"Polygon","coordinates":[[[152.02943,-32.72319],[152.02943,-32.71765],[152.01867,-32.71765],[152.01688,-32.72148],[152.01782,-32.72178],[152.01858,-32.72172],[152.01907,-32.7216],[152.01951,-32.72138],[152.02014,-32.72076],[152.02054,-32.72048],[152.02151,-32.72038],[152.02277,-32.72079],[152.02357,-32.72145],[152.02398,-32.72164],[152.02489,-32.72165],[152.02657,-32.7226],[152.02744,-32.72273],[152.02818,-32.72295],[152.02916,-32.72294],[152.02943,-32.72319]]]}},{"type":"Feature","properties":{"name":"Bingie Habitat Protection Zone","park":"Batemans","zone":"Habitat Protection Zone (Restrictions Apply)","spear":"check","kind":"mpa","note":"Zone has its own rules."},"geometry":{"type":"Polygon","coordinates":[[[150.16528,-35.9938],[150.16412,-35.9938],[150.16398,-35.99399],[150.16327,-35.99423],[150.16282,-35.99485],[150.16222,-35.99512],[150.16178,-35.99514],[150.16124,-35.995],[150.16096,-35.99507],[150.16089,-35.99523],[150.16093,-35.99569],[150.16084,-35.99617],[150.16009,-35.99658],[150.15969,-35.99747],[150.15938,-35.9979],[150.15953,-35.99846],[150.15912,-35.99859],[150.15859,-35.99945],[150.15838,-36.00012],[150.15825,-36.00154],[150.15878,-36.0022],[150.15888,-36.0025],[150.15887,-36.00279],[150.15804,-36.00348],[150.15771,-36.00384],[150.15755,-36.00417],[150.15738,-36.00486],[150.15721,-36.00721],[150.15728,-36.00804],[150.15752,-36.00914],[150.15785,-36.01009],[150.15875,-36.01203],[150.15969,-36.01234],[150.16019,-36.01275],[150.16046,-36.01287],[150.16169,-36.01277],[150.16259,-36.01247],[150.16293,-36.01255],[150.16313,-36.01284],[150.16295,-36.01305],[150.16276,-36.01312],[150.16141,-36.01301],[150.1598,-36.01336],[150.15959,-36.01387],[150.15949,-36.01446],[150.15894,-36.01582],[150.15866,-36.01623],[150.15784,-36.01644],[150.1574,-36.01704],[150.15717,-36.01714],[150.15649,-36.01785],[150.15493,-36.01964],[150.15372,-36.02178],[150.15307,-36.02267],[150.15174,-36.02473],[150.15151,-36.02545],[150.1506,-36.02667],[150.14994,-36.02815],[150.15114,-36.02815],[150.15161,-36.02706],[150.15252,-36.02582],[150.15276,-36.02509],[150.15405,-36.02308],[150.15471,-36.02219],[150.15589,-36.02009],[150.15738,-36.01839],[150.15791,-36.01784],[150.15825,-36.01762],[150.15851,-36.01726],[150.15921,-36.01701],[150.15957,-36.01675],[150.16012,-36.0159],[150.16021,-36.0155],[150.16057,-36.01469],[150.16068,-36.01411],[150.16149,-36.01392],[150.16245,-36.01403],[150.16314,-36.01397],[150.16372,-36.0137],[150.16417,-36.01315],[150.16423,-36.01277],[150.16412,-36.01238],[150.1638,-36.01198],[150.16334,-36.0117],[150.16286,-36.01158],[150.1624,-36.01157],[150.16198,-36.01166],[150.16148,-36.01188],[150.16076,-36.01192],[150.1603,-36.01159],[150.15963,-36.01134],[150.15902,-36.01011],[150.1586,-36.00894],[150.15833,-36.0077],[150.15833,-36.00703],[150.15849,-36.00492],[150.15861,-36.00442],[150.15885,-36.0041],[150.15972,-36.0034],[150.15997,-36.0029],[150.15999,-36.00244],[150.15989,-36.00204],[150.15936,-36.00131],[150.1595,-36.00016],[150.15988,-35.99933],[150.16028,-35.99913],[150.16058,-35.99877],[150.16065,-35.99844],[150.16056,-35.99805],[150.16096,-35.99721],[150.16137,-35.99702],[150.1617,-35.99676],[150.16192,-35.99641],[150.16201,-35.99604],[150.16254,-35.99599],[150.16325,-35.99572],[150.16374,-35.99535],[150.16404,-35.99494],[150.16475,-35.99464],[150.16509,-35.99426],[150.16528,-35.9938]]]}},{"type":"Feature","properties":{"name":"Hare Bay Sanctuary Zone","park":"Jervis Bay","zone":"Sanctuary Zone","spear":"no","kind":"mpa","note":"No-take zone: no spearfishing."},"geometry":{"type":"Polygon","coordinates":[[[150.76913,-35.01333],[150.76361,-35.01333],[150.76361,-35.02833],[150.7821,-35.02833],[150.78071,-35.02765],[150.77921,-35.02708],[150.77904,-35.02728],[150.77865,-35.02737],[150.77818,-35.0271],[150.778,-35.0269],[150.77744,-35.02696],[150.77729,-35.02708],[150.77712,-35.02709],[150.77634,-35.02686],[150.77621,-35.02698],[150.77594,-35.02701],[150.77535,-35.02637],[150.77523,-35.02551],[150.77535,-35.02499],[150.77575,-35.02475],[150.77531,-35.02466],[150.77538,-35.02422],[150.77528,-35.02378],[150.775,-35.02376],[150.77489,-35.02364],[150.77487,-35.02335],[150.77466,-35.02293],[150.7741,-35.02251],[150.77243,-35.02178],[150.7719,-35.02167],[150.77108,-35.02167],[150.77059,-35.02099],[150.77065,-35.02076],[150.77059,-35.0206],[150.76946,-35.01898],[150.76939,-35.01831],[150.76862,-35.01701],[150.76858,-35.01669],[150.76776,-35.01498],[150.76797,-35.01446],[150.7685,-35.01379],[150.76889,-35.01339],[150.76913,-35.01333]]]}},{"type":"Feature","properties":{"name":"Meringo-Mullimburra Point Habitat Protection Zone","park":"Batemans","zone":"Habitat Protection Zone (Restrictions Apply)","spear":"check","kind":"mpa","note":"Zone has its own rules."},"geometry":{"type":"Polygon","coordinates":[[[150.15267,-35.97858],[150.15155,-35.97858],[150.15158,-35.97884],[150.15129,-35.97933],[150.15128,-35.97986],[150.1514,-35.98119],[150.15194,-35.98328],[150.15215,-35.98365],[150.15252,-35.98407],[150.15343,-35.98473],[150.15352,-35.98491],[150.15343,-35.98546],[150.15289,-35.98624],[150.15277,-35.98687],[150.15272,-35.98873],[150.15296,-35.99001],[150.15323,-35.99057],[150.15408,-35.99191],[150.15492,-35.99261],[150.15537,-35.99282],[150.15575,-35.99287],[150.15574,-35.99321],[150.15522,-35.99331],[150.15511,-35.9931],[150.1546,-35.99333],[150.15432,-35.99333],[150.15373,-35.99301],[150.15342,-35.9927],[150.15304,-35.99248],[150.15309,-35.99211],[150.15292,-35.99193],[150.15236,-35.99169],[150.15218,-35.99175],[150.15196,-35.99159],[150.15165,-35.99116],[150.1515,-35.99128],[150.15124,-35.99117],[150.15124,-35.99147],[150.15087,-35.9918],[150.15071,-35.99207],[150.15095,-35.99181],[150.15131,-35.99158],[150.15139,-35.99137],[150.15148,-35.99137],[150.15141,-35.99148],[150.15169,-35.99139],[150.15209,-35.99182],[150.15248,-35.99181],[150.15292,-35.992],[150.15304,-35.99216],[150.153,-35.99253],[150.15378,-35.99323],[150.1538,-35.9934],[150.15389,-35.9933],[150.15453,-35.99353],[150.15501,-35.99338],[150.15582,-35.99336],[150.1559,-35.99284],[150.15605,-35.99278],[150.15643,-35.99233],[150.15666,-35.99226],[150.1572,-35.99236],[150.15741,-35.99223],[150.15747,-35.99235],[150.15759,-35.99231],[150.15751,-35.99259],[150.15776,-35.99249],[150.15788,-35.9923],[150.15844,-35.99213],[150.15854,-35.99229],[150.15854,-35.99248],[150.15867,-35.9925],[150.15873,-35.99239],[150.15868,-35.99234],[150.15878,-35.99227],[150.15882,-35.99235],[150.15889,-35.99233],[150.15895,-35.99211],[150.1592,-35.99227],[150.15928,-35.99204],[150.15946,-35.99213],[150.15943,-35.99206],[150.15974,-35.99189],[150.15979,-35.99194],[150.16019,-35.99183],[150.16034,-35.99192],[150.16023,-35.99208],[150.1604,-35.99198],[150.16054,-35.99217],[150.16047,-35.9923],[150.16014,-35.99249],[150.16012,-35.99269],[150.16022,-35.99281],[150.16008,-35.99299],[150.1603,-35.99336],[150.16067,-35.99356],[150.16131,-35.99371],[150.16154,-35.99369],[150.16171,-35.99357],[150.1617,-35.99337],[150.16192,-35.99341],[150.16198,-35.9933],[150.16259,-35.99296],[150.16265,-35.99302],[150.16289,-35.99284],[150.16305,-35.99296],[150.16305,-35.99276],[150.16322,-35.9927],[150.16323,-35.99279],[150.16332,-35.9928],[150.16331,-35.9927],[150.16342,-35.99272],[150.16351,-35.99287],[150.16345,-35.99355],[150.16375,-35.99358],[150.16372,-35.99365],[150.16392,-35.99361],[150.16409,-35.99369],[150.16412,-35.9938],[150.16633,-35.9938],[150.16631,-35.99347],[150.16616,-35.99304],[150.16567,-35.99244],[150.16542,-35.9919],[150.16485,-35.99134],[150.16423,-35.99105],[150.1633,-35.9909],[150.1624,-35.99102],[150.16197,-35.99062],[150.16148,-35.99031],[150.16094,-35.9901],[150.1603,-35.99],[150.15945,-35.99002],[150.15838,-35.99022],[150.15599,-35.99043],[150.15542,-35.98938],[150.1553,-35.98835],[150.15543,-35.98699],[150.15607,-35.98548],[150.15611,-35.98496],[150.15605,-35.98444],[150.15563,-35.9836],[150.15482,-35.98286],[150.15456,-35.98196],[150.1543,-35.98141],[150.15393,-35.97963],[150.15395,-35.97858],[150.15267,-35.97858]]]}},{"type":"Feature","properties":{"name":"Brush Island Sanctuary Zone","park":"Batemans","zone":"Sanctuary Zone","spear":"no","kind":"mpa","note":"No-take zone: no spearfishing."},"geometry":{"type":"Polygon","coordinates":[[[150.48111,-35.54381],[150.482,-35.54039],[150.48261,-35.53687],[150.4829,-35.53348],[150.48295,-35.53155],[150.48283,-35.5284],[150.48247,-35.52528],[150.48226,-35.52234],[150.48208,-35.52088],[150.48158,-35.5181],[150.42092,-35.5181],[150.42092,-35.5267],[150.4209,-35.52696],[150.42041,-35.52784],[150.42072,-35.52849],[150.42075,-35.52871],[150.42035,-35.52885],[150.42018,-35.529],[150.42042,-35.52945],[150.42017,-35.52991],[150.42024,-35.53039],[150.4206,-35.53107],[150.42088,-35.53137],[150.42085,-35.53167],[150.42043,-35.53191],[150.41954,-35.53191],[150.41906,-35.53181],[150.41884,-35.53164],[150.41888,-35.53124],[150.4188,-35.53095],[150.41866,-35.53083],[150.41836,-35.53077],[150.41711,-35.53097],[150.41515,-35.53099],[150.41455,-35.53107],[150.4142,-35.53131],[150.41369,-35.53149],[150.41365,-35.53158],[150.41374,-35.53195],[150.41271,-35.53224],[150.41225,-35.53224],[150.41205,-35.53218],[150.41195,-35.53196],[150.4123,-35.53156],[150.41233,-35.53141],[150.41159,-35.53084],[150.41145,-35.53056],[150.41145,-35.54382],[150.48111,-35.54381]]]}},{"type":"Feature","properties":{"name":"Kellys Lake Sanctuary Zone","park":"Batemans","zone":"Sanctuary Zone","spear":"no","kind":"mpa","note":"No-take zone: no spearfishing."},"geometry":{"type":"Polygon","coordinates":[[[150.15728,-36.00601],[150.15574,-36.00608],[150.15516,-36.00589],[150.15503,-36.00566],[150.15473,-36.00553],[150.15434,-36.00551],[150.15396,-36.00565],[150.15373,-36.00592],[150.15365,-36.00647],[150.15385,-36.00682],[150.15409,-36.00684],[150.15443,-36.00711],[150.15435,-36.00757],[150.15388,-36.00784],[150.15363,-36.0078],[150.1532,-36.00754],[150.15207,-36.00665],[150.15168,-36.00658],[150.15138,-36.00659],[150.15131,-36.00673],[150.15138,-36.00691],[150.15118,-36.00721],[150.14984,-36.00697],[150.14894,-36.00701],[150.14988,-36.00731],[150.15083,-36.00743],[150.15196,-36.00807],[150.1521,-36.00843],[150.15209,-36.00901],[150.15196,-36.00937],[150.15172,-36.00966],[150.15119,-36.00976],[150.15094,-36.0099],[150.15226,-36.00983],[150.15262,-36.00997],[150.15305,-36.01029],[150.15331,-36.01035],[150.15365,-36.0103],[150.15393,-36.01045],[150.15458,-36.0103],[150.15478,-36.01015],[150.15502,-36.00962],[150.15507,-36.00904],[150.15504,-36.00833],[150.1548,-36.00701],[150.15466,-36.0067],[150.15405,-36.00616],[150.15409,-36.00599],[150.1543,-36.00578],[150.15456,-36.00579],[150.15489,-36.00607],[150.1551,-36.00644],[150.15541,-36.00664],[150.15722,-36.00699],[150.15728,-36.00601]]]}},{"type":"Feature","properties":{"name":"Special Purpose Zone 4 (Arrawarra Headland)","park":"Solitary Islands","zone":"Special Purpose Zone","spear":"check","kind":"mpa","note":"Zone has its own rules."},"geometry":{"type":"Polygon","coordinates":[[[153.2033,-30.05959],[153.20429,-30.0614],[153.20454,-30.06158],[153.20492,-30.06158],[153.20671,-30.06122],[153.20719,-30.06096],[153.20766,-30.06063],[153.20805,-30.06004],[153.20819,-30.05935],[153.20783,-30.05782],[153.20734,-30.05712],[153.2068,-30.05675],[153.20585,-30.05645],[153.2055,-30.05622],[153.20453,-30.05604],[153.20401,-30.05611],[153.20258,-30.05653],[153.20112,-30.05748],[153.20057,-30.05804],[153.20182,-30.05945],[153.202,-30.05931],[153.2023,-30.05883],[153.20304,-30.05844],[153.20332,-30.05817],[153.20371,-30.05805],[153.20441,-30.058],[153.20453,-30.05784],[153.20467,-30.05792],[153.20461,-30.05804],[153.20482,-30.05789],[153.20477,-30.05811],[153.20489,-30.05819],[153.2047,-30.05832],[153.20567,-30.05824],[153.20577,-30.05831],[153.20568,-30.05841],[153.20601,-30.05838],[153.20616,-30.05862],[153.2062,-30.05918],[153.20616,-30.05928],[153.20589,-30.05944],[153.20469,-30.05971],[153.2033,-30.05959]]]}},{"type":"Feature","properties":{"name":"Special Purpose Zone 2 (Wooli Wooli River Oyster Aquaculture)","park":"Solitary Islands","zone":"Special Purpose Zone","spear":"check","kind":"mpa","note":"Zone has its own rules."},"geometry":{"type":"Polygon","coordinates":[[[153.25828,-29.85357],[153.25776,-29.85359],[153.25778,-29.85401],[153.25825,-29.854],[153.25828,-29.85357]]]}},{"type":"Feature","properties":{"name":"Bullengella Lake Sanctuary Zone","park":"Batemans","zone":"Sanctuary Zone","spear":"no","kind":"mpa","note":"No-take zone: no spearfishing."},"geometry":{"type":"Polygon","coordinates":[[[150.13741,-36.23828],[150.13705,-36.23827],[150.13614,-36.23799],[150.13573,-36.23805],[150.13557,-36.23817],[150.13591,-36.23827],[150.13635,-36.23874],[150.13809,-36.23996],[150.1383,-36.24006],[150.13853,-36.24005],[150.13978,-36.24041],[150.14021,-36.24063],[150.14057,-36.24102],[150.14069,-36.24162],[150.14082,-36.24175],[150.14139,-36.2418],[150.14205,-36.24155],[150.14235,-36.24107],[150.14276,-36.24075],[150.14279,-36.24085],[150.14265,-36.24097],[150.14266,-36.24114],[150.14365,-36.24218],[150.14382,-36.24221],[150.14394,-36.24214],[150.14398,-36.24199],[150.14381,-36.24175],[150.14331,-36.24152],[150.1429,-36.241],[150.1432,-36.24068],[150.14357,-36.24049],[150.14385,-36.24014],[150.14413,-36.23945],[150.14405,-36.23916],[150.14393,-36.23904],[150.14224,-36.23871],[150.14066,-36.23866],[150.13809,-36.23811],[150.13783,-36.23811],[150.13741,-36.23828]]]}},{"type":"Feature","properties":{"name":"Special Purpose Zone 2 (Wooli Wooli River Oyster Aquaculture)","park":"Solitary Islands","zone":"Special Purpose Zone","spear":"check","kind":"mpa","note":"Zone has its own rules."},"geometry":{"type":"Polygon","coordinates":[[[153.26233,-29.87413],[153.26423,-29.86916],[153.26458,-29.86807],[153.26453,-29.86725],[153.26428,-29.86646],[153.26366,-29.86645],[153.2633,-29.86499],[153.26296,-29.86499],[153.26297,-29.86644],[153.26246,-29.86891],[153.26274,-29.86895],[153.26222,-29.87416],[153.26233,-29.87413]]]}},{"type":"Feature","properties":{"name":"Broulee Island Sanctuary Zone","park":"Batemans","zone":"Sanctuary Zone","spear":"no","kind":"mpa","note":"No-take zone: no spearfishing."},"geometry":{"type":"Polygon","coordinates":[[[150.18525,-35.85915],[150.18525,-35.8614],[150.2102,-35.8614],[150.2102,-35.85345],[150.18527,-35.85345],[150.18527,-35.85714],[150.18562,-35.85719],[150.1863,-35.85702],[150.18649,-35.85681],[150.18656,-35.85657],[150.18644,-35.85581],[150.18649,-35.85543],[150.18807,-35.85566],[150.18841,-35.85582],[150.18866,-35.85558],[150.18895,-35.85547],[150.18938,-35.85504],[150.1896,-35.8551],[150.1903,-35.8556],[150.19046,-35.85562],[150.1911,-35.85609],[150.1914,-35.85682],[150.19143,-35.85718],[150.19119,-35.85864],[150.19093,-35.85962],[150.1907,-35.86021],[150.19041,-35.86033],[150.18987,-35.86044],[150.18935,-35.86038],[150.18878,-35.86017],[150.1876,-35.85952],[150.18608,-35.85935],[150.18525,-35.85915]]]}},{"type":"Feature","properties":{"name":"Wooli Wooli River Habitat Protection Zone","park":"Solitary Islands","zone":"Habitat Protection Zone (Restrictions Apply)","spear":"check","kind":"mpa","note":"Zone has its own rules."},"geometry":{"type":"Polygon","coordinates":[[[153.24345,-29.83913],[153.24246,-29.83913],[153.2414,-29.83886],[153.24056,-29.83887],[153.23721,-29.83956],[153.23583,-29.83975],[153.2353,-29.83972],[153.23463,-29.8395],[153.23318,-29.83976],[153.23296,-29.83968],[153.23199,-29.84153],[153.23304,-29.84223],[153.23436,-29.84364],[153.23476,-29.84451],[153.23485,-29.84484],[153.23483,-29.84554],[153.23501,-29.84582],[153.23552,-29.84591],[153.2363,-29.84566],[153.23667,-29.84545],[153.23699,-29.84541],[153.2372,-29.84559],[153.23715,-29.84593],[153.2366,-29.84662],[153.23625,-29.84691],[153.23569,-29.84706],[153.23484,-29.84766],[153.2342,-29.84854],[153.23378,-29.84929],[153.23344,-29.85029],[153.23351,-29.85168],[153.23318,-29.85243],[153.23218,-29.85369],[153.23186,-29.85394],[153.23174,-29.85418],[153.23145,-29.85447],[153.23148,-29.85483],[153.2316,-29.85499],[153.23227,-29.85551],[153.23257,-29.85594],[153.23257,-29.85621],[153.23248,-29.85642],[153.23234,-29.85658],[153.23169,-29.85691],[153.23015,-29.85804],[153.22893,-29.85874],[153.22868,-29.85871],[153.22843,-29.85898],[153.22745,-29.85951],[153.22719,-29.86001],[153.22665,-29.86056],[153.22652,-29.86097],[153.22549,-29.86233],[153.22495,-29.86268],[153.22446,-29.86275],[153.22418,-29.86294],[153.22406,-29.86339],[153.22388,-29.8636],[153.22323,-29.86383],[153.22245,-29.86378],[153.22179,-29.86364],[153.22087,-29.86301],[153.22069,-29.86301],[153.22046,-29.86285],[153.2187,-29.86252],[153.21772,-29.86251],[153.2172,-29.86235],[153.21524,-29.86204],[153.2145,-29.86166],[153.21384,-29.86096],[153.21359,-29.86082],[153.21305,-29.86075],[153.21292,-29.86064],[153.21298,-29.85972],[153.21263,-29.85849],[153.21304,-29.85752],[153.2134,-29.85732],[153.21383,-29.8573],[153.21406,-29.85737],[153.21419,-29.85756],[153.21462,-29.85871],[153.21494,-29.85895],[153.21517,-29.85898],[153.21533,-29.85889],[153.21561,-29.8583],[153.21621,-29.85734],[153.21575,-29.85626],[153.21402,-29.85501],[153.2127,-29.85424],[153.21187,-29.85408],[153.21107,-29.85405],[153.21056,-29.85378],[153.21013,-29.85335],[153.20985,-29.85277],[153.20966,-29.85204],[153.20974,-29.85161],[153.20956,-29.85024],[153.20998,-29.84908],[153.21105,-29.84846],[153.21115,-29.84801],[153.21111,-29.84768],[153.21106,-29.84755],[153.21077,-29.84736],[153.21068,-29.84747],[153.21096,-29.84772],[153.211,-29.84798],[153.21087,-29.84837],[153.21049,-29.8487],[153.20982,-29.84904],[153.2097,-29.84917],[153.20954,-29.84966],[153.20944,-29.8504],[153.20955,-29.85237],[153.20985,-29.85315],[153.21023,-29.85372],[153.21079,-29.85411],[153.21214,-29.85426],[153.21352,-29.85486],[153.21532,-29.85638],[153.21585,-29.85712],[153.21552,-29.8577],[153.21526,-29.85864],[153.21498,-29.85875],[153.21469,-29.85839],[153.21445,-29.85757],[153.21422,-29.85722],[153.21337,-29.85698],[153.21301,-29.85712],[153.21233,-29.85794],[153.21227,-29.85861],[153.21259,-29.85978],[153.21241,-29.86023],[153.21248,-29.86063],[153.21274,-29.86089],[153.21358,-29.86117],[153.21408,-29.86191],[153.21595,-29.86252],[153.21625,-29.86272],[153.21632,-29.86294],[153.21543,-29.86455],[153.21457,-29.86589],[153.21373,-29.86753],[153.21362,-29.86797],[153.21366,-29.86864],[153.21394,-29.86962],[153.21429,-29.87026],[153.21429,-29.87065],[153.21377,-29.87188],[153.21284,-29.87347],[153.21239,-29.87499],[153.21253,-29.87631],[153.21276,-29.87699],[153.21272,-29.8774],[153.2124,-29.87765],[153.21202,-29.87778],[153.20959,-29.87811],[153.20826,-29.87856],[153.20781,-29.87906],[153.20765,-29.87976],[153.20781,-29.88054],[153.20834,-29.88124],[153.20837,-29.88141],[153.20811,-29.88174],[153.20716,-29.88218],[153.20534,-29.88277],[153.20425,-29.8834],[153.20204,-29.88501],[153.20166,-29.88499],[153.20066,-29.88477],[153.20015,-29.88495],[153.19967,-29.88524],[153.1992,-29.88569],[153.19883,-29.88627],[153.19903,-29.88644],[153.19923,-29.8863],[153.19967,-29.88552],[153.19984,-29.88535],[153.2002,-29.88518],[153.20048,-29.88511],[153.20191,-29.88531],[153.20232,-29.88522],[153.20244,-29.88573],[153.20274,-29.88606],[153.20312,-29.88631],[153.20462,-29.88765],[153.20481,-29.88805],[153.20482,-29.88845],[153.20463,-29.8891],[153.20385,-29.89098],[153.2037,-29.89157],[153.2037,-29.89204],[153.20384,-29.89227],[153.20431,-29.89255],[153.20439,-29.89275],[153.2054,-29.8937],[153.20606,-29.89475],[153.2062,-29.89522],[153.20615,-29.89562],[153.20585,-29.89599],[153.20545,-29.89641],[153.20471,-29.8968],[153.20481,-29.89687],[153.20553,-29.89647],[153.20599,-29.89605],[153.20623,-29.8957],[153.20624,-29.89495],[153.20563,-29.89381],[153.20486,-29.89299],[153.20455,-29.8928],[153.20438,-29.89234],[153.20396,-29.89207],[153.2038,-29.89179],[153.20404,-29.89081],[153.20482,-29.88897],[153.20491,-29.88803],[153.20473,-29.88766],[153.20373,-29.88658],[153.20253,-29.88552],[153.20255,-29.88518],[153.20276,-29.88494],[153.20388,-29.88417],[153.20478,-29.88377],[153.20547,-29.88327],[153.20729,-29.88253],[153.20751,-29.88259],[153.20832,-29.88208],[153.20879,-29.88158],[153.20897,-29.88109],[153.20879,-29.88069],[153.20832,-29.88027],[153.20815,-29.87974],[153.20813,-29.87944],[153.20852,-29.87874],[153.20863,-29.87866],[153.20976,-29.87842],[153.21142,-29.87851],[153.21272,-29.87815],[153.21311,-29.87786],[153.21324,-29.87716],[153.21292,-29.8757],[153.21309,-29.87407],[153.21321,-29.87376],[153.21387,-29.87288],[153.21418,-29.87222],[153.2144,-29.87194],[153.21477,-29.87102],[153.21472,-29.8704],[153.21437,-29.86936],[153.21417,-29.8685],[153.21424,-29.86777],[153.21503,-29.86605],[153.21606,-29.86443],[153.21623,-29.86426],[153.21641,-29.86375],[153.21666,-29.86335],[153.21694,-29.863],[153.21786,-29.86295],[153.21947,-29.86314],[153.22012,-29.86334],[153.22153,-29.86418],[153.22306,-29.86426],[153.22372,-29.86409],[153.22458,-29.86359],[153.22483,-29.86334],[153.22542,-29.86315],[153.2265,-29.86169],[153.2272,-29.86042],[153.22791,-29.85965],[153.22922,-29.85913],[153.22948,-29.85885],[153.23056,-29.85815],[153.23125,-29.85781],[153.23212,-29.85714],[153.23242,-29.857],[153.23254,-29.85683],[153.23287,-29.85675],[153.23317,-29.85608],[153.23311,-29.85588],[153.23317,-29.85572],[153.23201,-29.85482],[153.23191,-29.85457],[153.23341,-29.85291],[153.23346,-29.8527],[153.23359,-29.85264],[153.23366,-29.85236],[153.23379,-29.85228],[153.23401,-29.85189],[153.23394,-29.85159],[153.23403,-29.85151],[153.234,-29.85098],[153.23406,-29.85078],[153.23396,-29.85026],[153.23414,-29.84947],[153.23471,-29.84873],[153.23522,-29.84782],[153.23573,-29.84739],[153.23654,-29.84708],[153.23698,-29.84675],[153.23708,-29.84654],[153.23766,-29.84602],[153.23814,-29.84534],[153.23818,-29.845],[153.23812,-29.8447],[153.23787,-29.84457],[153.23745,-29.84455],[153.23713,-29.84464],[153.23591,-29.84526],[153.23568,-29.8453],[153.23546,-29.8452],[153.23546,-29.844],[153.23528,-29.84351],[153.23288,-29.84119],[153.23278,-29.84089],[153.23292,-29.84076],[153.2331,-29.84075],[153.23373,-29.84096],[153.2348,-29.84105],[153.23585,-29.84091],[153.23763,-29.84045],[153.24001,-29.83951],[153.24061,-29.83939],[153.24144,-29.83945],[153.24344,-29.84004],[153.24345,-29.83913]]]}},{"type":"Feature","properties":{"name":"Boolambayte Lake Sanctuary Zone","park":"Port Stephens - Great Lakes","zone":"Sanctuary Zone","spear":"no","kind":"mpa","note":"No-take zone: no spearfishing."},"geometry":{"type":"Polygon","coordinates":[[[152.32255,-32.47218],[152.32173,-32.47175],[152.32112,-32.47091],[152.32051,-32.47025],[152.31989,-32.46888],[152.31949,-32.4684],[152.3191,-32.4682],[152.31878,-32.46723],[152.31856,-32.46695],[152.31825,-32.46676],[152.31812,-32.46588],[152.31751,-32.46509],[152.31728,-32.462],[152.31734,-32.46178],[152.31756,-32.46147],[152.31868,-32.46056],[152.31889,-32.45998],[152.31881,-32.45966],[152.31846,-32.45923],[152.31811,-32.45903],[152.31688,-32.45899],[152.31653,-32.45888],[152.31613,-32.45864],[152.31567,-32.45854],[152.31525,-32.45857],[152.31432,-32.45907],[152.31345,-32.45899],[152.31248,-32.45843],[152.30979,-32.45624],[152.30953,-32.45581],[152.30945,-32.45536],[152.3095,-32.45484],[152.30989,-32.45381],[152.30993,-32.45352],[152.30987,-32.45297],[152.30919,-32.45208],[152.30825,-32.45134],[152.30781,-32.45071],[152.30537,-32.44884],[152.30519,-32.44861],[152.30552,-32.44675],[152.30587,-32.4462],[152.30587,-32.4458],[152.30563,-32.44465],[152.30527,-32.4442],[152.3046,-32.44374],[152.30376,-32.44282],[152.30283,-32.442],[152.30118,-32.43996],[152.30007,-32.43883],[152.29939,-32.43852],[152.29872,-32.43841],[152.29755,-32.43853],[152.29658,-32.43873],[152.29568,-32.43905],[152.29455,-32.43968],[152.29404,-32.44024],[152.29402,-32.44046],[152.29402,-32.44112],[152.2942,-32.44224],[152.2946,-32.44328],[152.29514,-32.44526],[152.29565,-32.44653],[152.29639,-32.44773],[152.29727,-32.44883],[152.29788,-32.44934],[152.29956,-32.45016],[152.29959,-32.45041],[152.29927,-32.45131],[152.29891,-32.4516],[152.2989,-32.45198],[152.29856,-32.45238],[152.29866,-32.45295],[152.29864,-32.45329],[152.29816,-32.45326],[152.2981,-32.45318],[152.29828,-32.4524],[152.29826,-32.4515],[152.29805,-32.45109],[152.29764,-32.45076],[152.29667,-32.45045],[152.29557,-32.45049],[152.29494,-32.45023],[152.2942,-32.45005],[152.29095,-32.44827],[152.29004,-32.44805],[152.28889,-32.44797],[152.28838,-32.44763],[152.28829,-32.44732],[152.28856,-32.4468],[152.28872,-32.44586],[152.28855,-32.44528],[152.28808,-32.44441],[152.28594,-32.44232],[152.28391,-32.44001],[152.28315,-32.43953],[152.28151,-32.43785],[152.28007,-32.43599],[152.27981,-32.43525],[152.27966,-32.43458],[152.27949,-32.43193],[152.27931,-32.43056],[152.27905,-32.42994],[152.27782,-32.42808],[152.27769,-32.4276],[152.27784,-32.42716],[152.27811,-32.42691],[152.27913,-32.42706],[152.2797,-32.42702],[152.28029,-32.42686],[152.28063,-32.4266],[152.28078,-32.42622],[152.28066,-32.42522],[152.28081,-32.42477],[152.28083,-32.42433],[152.28108,-32.4237],[152.28106,-32.42271],[152.28067,-32.42172],[152.28015,-32.42094],[152.2802,-32.42036],[152.28062,-32.41921],[152.28051,-32.41835],[152.28029,-32.41771],[152.27998,-32.41782],[152.28029,-32.41886],[152.28029,-32.41908],[152.27984,-32.42053],[152.27986,-32.42096],[152.28021,-32.42163],[152.28055,-32.42205],[152.28079,-32.42255],[152.28088,-32.42308],[152.28041,-32.42637],[152.28011,-32.42669],[152.27978,-32.42682],[152.27935,-32.42685],[152.27862,-32.42664],[152.27826,-32.42664],[152.27775,-32.42703],[152.27754,-32.42753],[152.27771,-32.42809],[152.27888,-32.42999],[152.27911,-32.43052],[152.27909,-32.43095],[152.27931,-32.43292],[152.27933,-32.43424],[152.27961,-32.43558],[152.27987,-32.43622],[152.28107,-32.43775],[152.28235,-32.43903],[152.28282,-32.43965],[152.28383,-32.4403],[152.28419,-32.44062],[152.28474,-32.44128],[152.28506,-32.44186],[152.28673,-32.44331],[152.28776,-32.44444],[152.28808,-32.44494],[152.28841,-32.44568],[152.28831,-32.44658],[152.28801,-32.44745],[152.28809,-32.44772],[152.28847,-32.44815],[152.28876,-32.4483],[152.28974,-32.44821],[152.29048,-32.44836],[152.29216,-32.4491],[152.29381,-32.45027],[152.29478,-32.45061],[152.29537,-32.45071],[152.29688,-32.45077],[152.29738,-32.45088],[152.29775,-32.45109],[152.29797,-32.45137],[152.29807,-32.45203],[152.29787,-32.45302],[152.29764,-32.45308],[152.2974,-32.45291],[152.29749,-32.45257],[152.29739,-32.45245],[152.29675,-32.45224],[152.29425,-32.45179],[152.29228,-32.45158],[152.29185,-32.45164],[152.29134,-32.4519],[152.29088,-32.45182],[152.29042,-32.45191],[152.29024,-32.45181],[152.29004,-32.45153],[152.2894,-32.45113],[152.28865,-32.45101],[152.2885,-32.45111],[152.28818,-32.45167],[152.28773,-32.45214],[152.28781,-32.45263],[152.28739,-32.45282],[152.28721,-32.45311],[152.28703,-32.45435],[152.28737,-32.4554],[152.28733,-32.45554],[152.28707,-32.45569],[152.28624,-32.45582],[152.2857,-32.45603],[152.28401,-32.45626],[152.28397,-32.4564],[152.28408,-32.45651],[152.28539,-32.45712],[152.28585,-32.45763],[152.28594,-32.45795],[152.28596,-32.45832],[152.28576,-32.45874],[152.28543,-32.45899],[152.28467,-32.45933],[152.28493,-32.4601],[152.2849,-32.4607],[152.28475,-32.46099],[152.28444,-32.46106],[152.28348,-32.46074],[152.28314,-32.46074],[152.28279,-32.46084],[152.2827,-32.46066],[152.28213,-32.46017],[152.28189,-32.46013],[152.28169,-32.4603],[152.28172,-32.46058],[152.28218,-32.46091],[152.28202,-32.46126],[152.28168,-32.46348],[152.28181,-32.46386],[152.28249,-32.46466],[152.28225,-32.46535],[152.28223,-32.46642],[152.28235,-32.46688],[152.28265,-32.4675],[152.28273,-32.46827],[152.28268,-32.46866],[152.28242,-32.46906],[152.28198,-32.46943],[152.28179,-32.46942],[152.28147,-32.46925],[152.28076,-32.4701],[152.28046,-32.47018],[152.27979,-32.47017],[152.27962,-32.47026],[152.27953,-32.47045],[152.27912,-32.47062],[152.27905,-32.47096],[152.27919,-32.47121],[152.27924,-32.47158],[152.2791,-32.47225],[152.27917,-32.47256],[152.27951,-32.47256],[152.27975,-32.47241],[152.28068,-32.47129],[152.28124,-32.47098],[152.28227,-32.47068],[152.28303,-32.47055],[152.28347,-32.47054],[152.28418,-32.47074],[152.28489,-32.47108],[152.28522,-32.47139],[152.28533,-32.47162],[152.28605,-32.47501],[152.28598,-32.47589],[152.28607,-32.47643],[152.29045,-32.47643],[152.29054,-32.47594],[152.29041,-32.47524],[152.29025,-32.47489],[152.29011,-32.4743],[152.29037,-32.47367],[152.29028,-32.47317],[152.29031,-32.47244],[152.29068,-32.47124],[152.29044,-32.47064],[152.29015,-32.46933],[152.28994,-32.46922],[152.28973,-32.46889],[152.28941,-32.46883],[152.28722,-32.46653],[152.28688,-32.46587],[152.28706,-32.46568],[152.28751,-32.46565],[152.28769,-32.46545],[152.28771,-32.4653],[152.2865,-32.46396],[152.28635,-32.46332],[152.28646,-32.46274],[152.28659,-32.46246],[152.28714,-32.46178],[152.28823,-32.46131],[152.28856,-32.46111],[152.28877,-32.46081],[152.28865,-32.45961],[152.28884,-32.45803],[152.28904,-32.45718],[152.28938,-32.45674],[152.28985,-32.45648],[152.29067,-32.4563],[152.29138,-32.45624],[152.29291,-32.45626],[152.29415,-32.45642],[152.29526,-32.45685],[152.29726,-32.45736],[152.29795,-32.45735],[152.29844,-32.45725],[152.3002,-32.45676],[152.30054,-32.45656],[152.30068,-32.45657],[152.30073,-32.45665],[152.30077,-32.45797],[152.30056,-32.45931],[152.30062,-32.4599],[152.30109,-32.46134],[152.30162,-32.46248],[152.30229,-32.46338],[152.30278,-32.46441],[152.30435,-32.46657],[152.30531,-32.4675],[152.3054,-32.46782],[152.30537,-32.46821],[152.30502,-32.46891],[152.3047,-32.46927],[152.30396,-32.4698],[152.3033,-32.47075],[152.30299,-32.47265],[152.30317,-32.47281],[152.30333,-32.4728],[152.30382,-32.47257],[152.30414,-32.47255],[152.30441,-32.47281],[152.30446,-32.473],[152.30439,-32.47322],[152.30397,-32.47344],[152.30366,-32.47377],[152.30371,-32.4741],[152.30395,-32.47445],[152.30437,-32.4764],[152.30478,-32.47705],[152.30553,-32.47789],[152.30624,-32.47907],[152.30632,-32.47944],[152.30627,-32.48009],[152.30612,-32.48121],[152.30591,-32.48168],[152.30593,-32.48225],[152.30614,-32.4829],[152.30651,-32.48311],[152.30666,-32.48333],[152.30652,-32.48346],[152.30618,-32.48358],[152.3062,-32.48374],[152.30669,-32.4843],[152.30679,-32.48475],[152.30731,-32.48521],[152.30755,-32.48556],[152.30774,-32.48601],[152.30772,-32.48642],[152.30778,-32.48672],[152.30819,-32.48717],[152.30889,-32.4885],[152.30947,-32.48927],[152.30997,-32.48967],[152.31069,-32.49012],[152.31207,-32.49074],[152.31318,-32.49106],[152.31439,-32.49122],[152.31547,-32.49104],[152.31743,-32.49044],[152.32264,-32.49019],[152.3236,-32.48987],[152.32419,-32.48948],[152.32438,-32.48907],[152.32515,-32.48804],[152.32562,-32.48747],[152.32623,-32.48691],[152.32684,-32.48583],[152.32756,-32.48513],[152.32778,-32.4847],[152.32785,-32.48432],[152.32768,-32.48321],[152.32727,-32.48181],[152.32728,-32.48166],[152.32771,-32.48111],[152.32785,-32.48078],[152.32788,-32.47993],[152.32806,-32.4795],[152.3281,-32.4789],[152.32784,-32.47828],[152.32774,-32.47778],[152.32802,-32.47672],[152.32801,-32.47614],[152.32788,-32.47604],[152.3273,-32.47607],[152.32722,-32.47598],[152.32701,-32.47548],[152.32705,-32.47487],[152.32255,-32.47218]],[[152.32331,-32.4779],[152.32349,-32.47683],[152.32336,-32.47504],[152.32341,-32.47443],[152.32367,-32.47426],[152.32384,-32.47424],[152.32414,-32.47445],[152.32425,-32.47476],[152.32418,-32.4755],[152.3246,-32.47721],[152.32418,-32.47901],[152.32402,-32.47924],[152.3237,-32.47933],[152.32348,-32.47922],[152.32332,-32.47859],[152.32331,-32.4779]],[[152.31702,-32.47078],[152.31726,-32.4706],[152.3176,-32.47059],[152.3179,-32.47085],[152.31811,-32.47172],[152.31853,-32.47261],[152.31855,-32.47314],[152.31836,-32.47368],[152.31818,-32.47485],[152.31818,-32.4761],[152.31792,-32.47745],[152.31766,-32.47798],[152.31732,-32.47832],[152.31647,-32.47886],[152.31613,-32.4789],[152.31601,-32.47881],[152.31602,-32.47865],[152.31609,-32.47835],[152.31628,-32.4781],[152.31627,-32.47795],[152.3162,-32.47774],[152.31586,-32.47741],[152.31575,-32.47714],[152.31567,-32.47625],[152.31546,-32.47579],[152.31548,-32.47556],[152.31573,-32.47512],[152.3158,-32.47468],[152.31553,-32.47403],[152.31548,-32.47375],[152.31552,-32.47347],[152.31623,-32.47261],[152.31645,-32.47217],[152.31648,-32.47138],[152.31702,-32.47078]]]}},{"type":"Feature","properties":{"name":"Fly Point Cove Special Purpose Zone","park":"Port Stephens - Great Lakes","zone":"Special Purpose Zone","spear":"check","kind":"mpa","note":"Zone has its own rules."},"geometry":{"type":"Polygon","coordinates":[[[152.15145,-32.71446],[152.15211,-32.71454],[152.1529,-32.71419],[152.15308,-32.71398],[152.15145,-32.71446]]]}},{"type":"Feature","properties":{"name":"Brou Sanctuary Zone","park":"Batemans","zone":"Sanctuary Zone","spear":"no","kind":"mpa","note":"No-take zone: no spearfishing."},"geometry":{"type":"Polygon","coordinates":[[[150.12788,-36.12566],[150.14133,-36.12566],[150.14133,-36.10287],[150.13877,-36.10287],[150.13869,-36.10325],[150.13844,-36.10358],[150.13803,-36.10379],[150.13754,-36.1039],[150.13739,-36.10411],[150.13712,-36.10493],[150.13686,-36.10532],[150.13558,-36.10621],[150.13521,-36.10667],[150.13368,-36.10981],[150.13122,-36.11567],[150.12958,-36.1202],[150.1283,-36.12448],[150.12819,-36.12506],[150.12788,-36.12566]]]}},{"type":"Feature","properties":{"name":"Upper Durras Lake Sanctuary Zone","park":"Batemans","zone":"Sanctuary Zone","spear":"no","kind":"mpa","note":"No-take zone: no spearfishing."},"geometry":{"type":"Polygon","coordinates":[[[150.2741,-35.63674],[150.27395,-35.63631],[150.27449,-35.63568],[150.27449,-35.63546],[150.27405,-35.63514],[150.27388,-35.63491],[150.27323,-35.63374],[150.27261,-35.63341],[150.27252,-35.63328],[150.27281,-35.63272],[150.27346,-35.63243],[150.27437,-35.63237],[150.27453,-35.63225],[150.27474,-35.63189],[150.27434,-35.6314],[150.2743,-35.6312],[150.27396,-35.63112],[150.27313,-35.63024],[150.27298,-35.6296],[150.27272,-35.6294],[150.27191,-35.62906],[150.27167,-35.62848],[150.27168,-35.62826],[150.27214,-35.6274],[150.27218,-35.62681],[150.27253,-35.62624],[150.27232,-35.62588],[150.27245,-35.62527],[150.27238,-35.62436],[150.27192,-35.62398],[150.27107,-35.62372],[150.27084,-35.6238],[150.27015,-35.62446],[150.26965,-35.62456],[150.26902,-35.62423],[150.26878,-35.62367],[150.26881,-35.62342],[150.26906,-35.62311],[150.26917,-35.62275],[150.26933,-35.62116],[150.26985,-35.62017],[150.27001,-35.61967],[150.27005,-35.61942],[150.26983,-35.61825],[150.26979,-35.61739],[150.26941,-35.61721],[150.26851,-35.61753],[150.2683,-35.61756],[150.2682,-35.61748],[150.26863,-35.61734],[150.26893,-35.61708],[150.26828,-35.61733],[150.26748,-35.61733],[150.26677,-35.61777],[150.26633,-35.61793],[150.26457,-35.61834],[150.26373,-35.61833],[150.26325,-35.6184],[150.26255,-35.61868],[150.26118,-35.61896],[150.26129,-35.61904],[150.26185,-35.61899],[150.26325,-35.61948],[150.26389,-35.6193],[150.26433,-35.6194],[150.26467,-35.61961],[150.26491,-35.61993],[150.26509,-35.62039],[150.26515,-35.62084],[150.26503,-35.62098],[150.26434,-35.62087],[150.26286,-35.62036],[150.26189,-35.62025],[150.26116,-35.61999],[150.26072,-35.61973],[150.2604,-35.61941],[150.25951,-35.61827],[150.25931,-35.6181],[150.25868,-35.61783],[150.25853,-35.61767],[150.25851,-35.61752],[150.25864,-35.61721],[150.25963,-35.6162],[150.26014,-35.61595],[150.26151,-35.61554],[150.26186,-35.61534],[150.26207,-35.61511],[150.26241,-35.61451],[150.26273,-35.61345],[150.26288,-35.61233],[150.26357,-35.61206],[150.26373,-35.61178],[150.26371,-35.61157],[150.26358,-35.61142],[150.26225,-35.61048],[150.26225,-35.6103],[150.26243,-35.60988],[150.26256,-35.6093],[150.26258,-35.60883],[150.26241,-35.60841],[150.26224,-35.60824],[150.26206,-35.60821],[150.26241,-35.60858],[150.26249,-35.60901],[150.26236,-35.60979],[150.26203,-35.61039],[150.26205,-35.61073],[150.26209,-35.61079],[150.26232,-35.61076],[150.2627,-35.61094],[150.26339,-35.61139],[150.26356,-35.61161],[150.26351,-35.61183],[150.26341,-35.61196],[150.26273,-35.61229],[150.26268,-35.61286],[150.26237,-35.61418],[150.26217,-35.61465],[150.26183,-35.61508],[150.26124,-35.61542],[150.25992,-35.61582],[150.25944,-35.61604],[150.25905,-35.61658],[150.25846,-35.61692],[150.25824,-35.61728],[150.25821,-35.61761],[150.25836,-35.61779],[150.25918,-35.61829],[150.25964,-35.61887],[150.25999,-35.61956],[150.26152,-35.62045],[150.26129,-35.62056],[150.261,-35.62058],[150.26018,-35.61996],[150.26084,-35.62072],[150.26236,-35.62056],[150.26304,-35.6208],[150.26327,-35.62115],[150.26324,-35.62133],[150.26183,-35.62189],[150.26011,-35.62176],[150.25972,-35.62184],[150.25952,-35.62197],[150.25879,-35.62269],[150.25867,-35.62293],[150.25844,-35.62387],[150.25803,-35.62451],[150.25717,-35.62531],[150.25594,-35.62614],[150.25612,-35.62617],[150.25619,-35.62628],[150.25675,-35.62652],[150.25758,-35.62642],[150.25779,-35.62631],[150.25799,-35.62611],[150.25789,-35.62568],[150.25844,-35.62545],[150.25821,-35.62542],[150.25852,-35.6251],[150.25827,-35.62463],[150.25851,-35.6246],[150.25869,-35.62426],[150.25859,-35.62383],[150.25882,-35.62297],[150.2592,-35.62269],[150.25927,-35.62272],[150.25911,-35.62317],[150.25916,-35.62365],[150.2593,-35.62345],[150.25934,-35.62317],[150.25965,-35.62278],[150.25999,-35.62259],[150.26019,-35.62259],[150.26019,-35.62269],[150.25964,-35.62314],[150.2594,-35.62368],[150.25936,-35.62417],[150.25914,-35.62478],[150.25913,-35.62597],[150.25956,-35.62643],[150.25962,-35.6266],[150.25947,-35.62694],[150.25906,-35.62739],[150.2574,-35.62802],[150.25543,-35.62902],[150.25459,-35.62908],[150.25362,-35.62944],[150.25292,-35.62994],[150.25297,-35.63034],[150.2523,-35.63121],[150.25199,-35.63205],[150.25183,-35.63222],[150.25151,-35.63225],[150.24998,-35.63161],[150.24888,-35.63173],[150.24878,-35.63183],[150.24874,-35.63207],[150.24881,-35.63212],[150.2489,-35.63187],[150.24966,-35.63169],[150.24997,-35.6317],[150.25035,-35.63181],[150.2514,-35.63232],[150.25192,-35.63226],[150.25208,-35.6321],[150.25212,-35.63187],[150.25245,-35.63119],[150.25302,-35.63054],[150.25313,-35.62997],[150.25324,-35.62985],[150.25434,-35.6293],[150.25548,-35.62914],[150.25607,-35.62893],[150.25768,-35.62806],[150.25822,-35.62784],[150.25871,-35.62775],[150.2591,-35.62756],[150.25964,-35.62697],[150.25977,-35.62655],[150.25963,-35.62622],[150.25926,-35.62589],[150.25926,-35.62563],[150.25937,-35.62534],[150.25946,-35.62442],[150.25983,-35.62384],[150.25977,-35.62368],[150.25987,-35.62366],[150.26026,-35.62399],[150.26057,-35.62453],[150.26084,-35.62476],[150.26199,-35.62502],[150.26258,-35.62484],[150.2632,-35.62501],[150.26345,-35.62535],[150.26385,-35.62618],[150.26393,-35.62673],[150.26376,-35.62713],[150.26308,-35.6278],[150.26288,-35.62826],[150.26292,-35.62888],[150.2626,-35.62998],[150.26257,-35.63075],[150.2625,-35.63103],[150.26229,-35.63134],[150.26208,-35.63144],[150.26174,-35.6313],[150.2613,-35.63125],[150.26065,-35.63143],[150.26064,-35.63219],[150.26004,-35.63297],[150.26053,-35.63321],[150.26053,-35.6333],[150.26022,-35.63342],[150.25945,-35.63346],[150.25855,-35.63338],[150.25819,-35.63347],[150.26022,-35.63354],[150.26028,-35.6336],[150.26007,-35.6339],[150.25983,-35.6339],[150.25933,-35.63417],[150.25927,-35.63423],[150.25933,-35.63435],[150.26115,-35.63533],[150.26153,-35.63533],[150.26184,-35.63514],[150.26213,-35.63446],[150.26209,-35.63426],[150.26193,-35.63417],[150.26155,-35.63435],[150.26142,-35.63433],[150.26142,-35.63417],[150.26152,-35.63403],[150.26232,-35.63331],[150.26349,-35.63296],[150.26434,-35.63294],[150.26502,-35.63147],[150.26539,-35.63119],[150.26585,-35.63062],[150.26626,-35.63039],[150.2673,-35.63038],[150.26877,-35.63006],[150.26961,-35.63001],[150.2702,-35.6303],[150.27072,-35.63079],[150.27072,-35.6309],[150.27045,-35.63108],[150.26988,-35.6323],[150.26834,-35.63355],[150.26784,-35.63377],[150.26762,-35.6338],[150.26716,-35.63369],[150.26686,-35.63384],[150.26638,-35.63435],[150.26604,-35.6349],[150.26602,-35.63546],[150.26636,-35.63656],[150.26661,-35.63708],[150.26687,-35.63744],[150.26726,-35.63769],[150.26757,-35.6378],[150.26791,-35.6378],[150.26904,-35.6373],[150.26959,-35.63737],[150.26979,-35.63748],[150.2702,-35.63791],[150.27046,-35.63839],[150.27058,-35.63867],[150.27057,-35.6392],[150.27067,-35.63958],[150.27165,-35.64038],[150.27209,-35.64102],[150.27227,-35.64147],[150.2741,-35.63674]],[[150.26062,-35.62261],[150.26062,-35.62275],[150.26047,-35.62291],[150.26006,-35.62307],[150.26045,-35.62266],[150.26062,-35.62261]],[[150.26387,-35.6218],[150.26365,-35.62185],[150.26358,-35.62174],[150.2637,-35.62162],[150.26378,-35.62104],[150.26468,-35.62132],[150.2651,-35.62137],[150.26505,-35.62147],[150.26387,-35.6218]]]}},{"type":"Feature","properties":{"name":"Nangudga Lake Sanctuary Zone. Limited recreational fishing was allowed in this zone under an amnesty at 30 June 2024.","park":"Batemans","zone":"Sanctuary Zone","spear":"no","kind":"mpa","note":"No-take zone: no spearfishing."},"geometry":{"type":"Polygon","coordinates":[[[150.14335,-36.25232],[150.14311,-36.25338],[150.14277,-36.25364],[150.14214,-36.25362],[150.1427,-36.25291],[150.14269,-36.25223],[150.14196,-36.25084],[150.14155,-36.24938],[150.14135,-36.24919],[150.14088,-36.24899],[150.14003,-36.24896],[150.13927,-36.24916],[150.13858,-36.24966],[150.13819,-36.25032],[150.13793,-36.25057],[150.13743,-36.25082],[150.13675,-36.25093],[150.1361,-36.25079],[150.13596,-36.25073],[150.13535,-36.25013],[150.13537,-36.24977],[150.13584,-36.24915],[150.13597,-36.24866],[150.13734,-36.24679],[150.13809,-36.24532],[150.1381,-36.24442],[150.13791,-36.24382],[150.13763,-36.24345],[150.13696,-36.24312],[150.13599,-36.24316],[150.13553,-36.24301],[150.1353,-36.24274],[150.13502,-36.24187],[150.13482,-36.24162],[150.13379,-36.24141],[150.13261,-36.24095],[150.13207,-36.24059],[150.13113,-36.23978],[150.13075,-36.2398],[150.1302,-36.24008],[150.12973,-36.24021],[150.12922,-36.2402],[150.12833,-36.24002],[150.12805,-36.23982],[150.12779,-36.23985],[150.12761,-36.23999],[150.12721,-36.24057],[150.12668,-36.24159],[150.12669,-36.24173],[150.12703,-36.24218],[150.12747,-36.24244],[150.128,-36.24237],[150.12856,-36.24241],[150.1285,-36.24253],[150.12874,-36.24263],[150.12928,-36.2426],[150.12954,-36.24272],[150.13018,-36.24267],[150.1311,-36.24316],[150.13144,-36.2436],[150.1327,-36.24464],[150.13295,-36.24509],[150.13295,-36.24574],[150.13308,-36.24622],[150.13369,-36.24684],[150.13432,-36.24732],[150.13432,-36.24753],[150.13407,-36.24774],[150.13314,-36.24775],[150.13241,-36.24789],[150.1314,-36.24765],[150.13079,-36.24768],[150.13046,-36.24794],[150.13043,-36.24824],[150.1306,-36.24844],[150.13168,-36.24894],[150.13258,-36.2492],[150.13348,-36.24932],[150.13388,-36.24948],[150.13469,-36.25028],[150.13497,-36.25086],[150.13486,-36.25141],[150.1347,-36.25156],[150.13445,-36.2514],[150.13401,-36.25095],[150.13305,-36.25037],[150.13273,-36.25027],[150.13141,-36.25027],[150.13025,-36.25055],[150.12928,-36.25057],[150.12837,-36.25047],[150.1281,-36.25087],[150.12853,-36.25147],[150.12874,-36.25196],[150.12865,-36.25244],[150.12879,-36.25267],[150.12908,-36.25276],[150.1298,-36.25277],[150.13154,-36.25246],[150.13237,-36.25245],[150.13388,-36.25298],[150.13446,-36.25329],[150.13495,-36.2537],[150.13533,-36.25374],[150.13553,-36.25366],[150.13557,-36.25351],[150.13534,-36.2523],[150.13535,-36.25194],[150.13554,-36.25171],[150.13613,-36.25164],[150.13721,-36.2518],[150.13799,-36.25155],[150.13927,-36.25075],[150.13992,-36.2505],[150.14029,-36.25064],[150.14068,-36.25134],[150.14073,-36.25197],[150.14106,-36.25323],[150.14136,-36.2536],[150.14186,-36.25402],[150.14199,-36.25436],[150.1421,-36.25444],[150.143,-36.25431],[150.14374,-36.25386],[150.14397,-36.25349],[150.14413,-36.25254],[150.14455,-36.25232],[150.14335,-36.25232]]]}},{"type":"Feature","properties":{"name":"Candlagan Creek Sanctuary Zone","park":"Batemans","zone":"Sanctuary Zone","spear":"no","kind":"mpa","note":"No-take zone: no spearfishing."},"geometry":{"type":"Polygon","coordinates":[[[150.17918,-35.84126],[150.17898,-35.84107],[150.1788,-35.84046],[150.17811,-35.8394],[150.17696,-35.83886],[150.17641,-35.83838],[150.1748,-35.83779],[150.17482,-35.83732],[150.17509,-35.83662],[150.17503,-35.8358],[150.17467,-35.83514],[150.17387,-35.83421],[150.17357,-35.83399],[150.17293,-35.8337],[150.17207,-35.83357],[150.1702,-35.83394],[150.16867,-35.8344],[150.16812,-35.83441],[150.16765,-35.83413],[150.16688,-35.83331],[150.16625,-35.83281],[150.16614,-35.83254],[150.16599,-35.83152],[150.16668,-35.83062],[150.16675,-35.83033],[150.16672,-35.83003],[150.16624,-35.82893],[150.16542,-35.82828],[150.16476,-35.82802],[150.16431,-35.82795],[150.16297,-35.82798],[150.16259,-35.82805],[150.16149,-35.82765],[150.16065,-35.82804],[150.16016,-35.82813],[150.15957,-35.828],[150.15915,-35.82816],[150.15834,-35.82867],[150.15797,-35.82883],[150.15759,-35.82885],[150.15759,-35.82896],[150.15787,-35.82896],[150.15949,-35.82816],[150.1603,-35.82824],[150.16135,-35.82784],[150.16201,-35.8279],[150.16236,-35.82812],[150.16188,-35.82817],[150.16155,-35.82836],[150.16129,-35.82893],[150.16107,-35.82985],[150.16049,-35.83093],[150.1604,-35.83181],[150.16021,-35.83248],[150.1592,-35.83299],[150.15859,-35.83311],[150.15777,-35.83299],[150.15771,-35.8331],[150.1582,-35.83333],[150.15959,-35.8331],[150.16017,-35.83268],[150.16045,-35.83235],[150.16058,-35.83181],[150.16059,-35.83107],[150.16124,-35.8297],[150.16145,-35.8288],[150.16171,-35.82843],[150.16205,-35.82828],[150.16274,-35.82818],[150.16423,-35.82814],[150.16477,-35.82829],[150.16558,-35.8287],[150.16628,-35.82955],[150.16644,-35.8301],[150.16634,-35.83048],[150.1658,-35.83086],[150.1656,-35.83124],[150.16559,-35.83246],[150.1659,-35.83295],[150.16673,-35.8336],[150.16704,-35.83416],[150.16723,-35.83434],[150.16784,-35.83472],[150.16898,-35.83488],[150.16923,-35.83484],[150.16994,-35.8345],[150.17057,-35.83437],[150.1714,-35.83437],[150.17161,-35.83419],[150.17262,-35.83408],[150.17317,-35.83418],[150.1734,-35.83446],[150.17352,-35.83524],[150.17317,-35.83645],[150.17309,-35.83715],[150.17352,-35.83746],[150.17369,-35.83769],[150.17408,-35.83873],[150.17454,-35.83907],[150.17535,-35.83947],[150.17782,-35.84031],[150.17798,-35.84046],[150.17814,-35.84082],[150.17825,-35.84152],[150.17844,-35.84188],[150.17918,-35.84126]]]}},{"type":"Feature","properties":{"name":"Special Purpose Zone 2 (Wooli Wooli River Oyster Aquaculture)","park":"Solitary Islands","zone":"Special Purpose Zone","spear":"check","kind":"mpa","note":"Zone has its own rules."},"geometry":{"type":"Polygon","coordinates":[[[153.25289,-29.85254],[153.25334,-29.85242],[153.25313,-29.85172],[153.25296,-29.85152],[153.25256,-29.85175],[153.25273,-29.85192],[153.25289,-29.85254]]]}},{"type":"Feature","properties":{"name":"The Docks Sanctuary Zone","park":"Jervis Bay","zone":"Sanctuary Zone","spear":"no","kind":"mpa","note":"No-take zone: no spearfishing."},"geometry":{"type":"Polygon","coordinates":[[[150.80025,-35.08637],[150.80031,-35.08608],[150.8002,-35.08603],[150.80009,-35.08565],[150.80013,-35.08463],[150.80033,-35.08372],[150.80001,-35.08371],[150.79985,-35.0835],[150.79987,-35.08338],[150.8,-35.08325],[150.79982,-35.08307],[150.79991,-35.08285],[150.79976,-35.08285],[150.79936,-35.08317],[150.79907,-35.08313],[150.79906,-35.08306],[150.79924,-35.08294],[150.79884,-35.08283],[150.79894,-35.0824],[150.7987,-35.08212],[150.79872,-35.08198],[150.79891,-35.08182],[150.79884,-35.08152],[150.79866,-35.08142],[150.79845,-35.08154],[150.79836,-35.08149],[150.79835,-35.08139],[150.79871,-35.08123],[150.79894,-35.08102],[150.79907,-35.07989],[150.79891,-35.07986],[150.79884,-35.07993],[150.79867,-35.0804],[150.79839,-35.08078],[150.79841,-35.08091],[150.79817,-35.08096],[150.79805,-35.08077],[150.79782,-35.08102],[150.79771,-35.08103],[150.79769,-35.08078],[150.79753,-35.08117],[150.7973,-35.08132],[150.79724,-35.08129],[150.79724,-35.08083],[150.79693,-35.08127],[150.79685,-35.08125],[150.7968,-35.08107],[150.79707,-35.08041],[150.79702,-35.08026],[150.79692,-35.08024],[150.79674,-35.08043],[150.79654,-35.08036],[150.79662,-35.08056],[150.79648,-35.08104],[150.79635,-35.08119],[150.79606,-35.08137],[150.79588,-35.08137],[150.79557,-35.08156],[150.79535,-35.0816],[150.79512,-35.08153],[150.79509,-35.08135],[150.79475,-35.08113],[150.79489,-35.08075],[150.79473,-35.08075],[150.79471,-35.08063],[150.79488,-35.08003],[150.79415,-35.08082],[150.79406,-35.08086],[150.79391,-35.08072],[150.79388,-35.08043],[150.7941,-35.07968],[150.79381,-35.07953],[150.79365,-35.07925],[150.79358,-35.0787],[150.79313,-35.07859],[150.7931,-35.07878],[150.79321,-35.07899],[150.79306,-35.07917],[150.79307,-35.07967],[150.79296,-35.07973],[150.79278,-35.07961],[150.79252,-35.07892],[150.79244,-35.07904],[150.79228,-35.07903],[150.79232,-35.07843],[150.79261,-35.07803],[150.79293,-35.07779],[150.79307,-35.0778],[150.79324,-35.07798],[150.79378,-35.07782],[150.79381,-35.07759],[150.79405,-35.07731],[150.79387,-35.07686],[150.79395,-35.07663],[150.79376,-35.07636],[150.79321,-35.07625],[150.79321,-35.07665],[150.79298,-35.07709],[150.7929,-35.07723],[150.79262,-35.07739],[150.79196,-35.07729],[150.79184,-35.07707],[150.79135,-35.07678],[150.79136,-35.0767],[150.79114,-35.07667],[150.79101,-35.07675],[150.79085,-35.07641],[150.79065,-35.07625],[150.79,-35.07653],[150.78947,-35.07697],[150.78926,-35.07702],[150.789,-35.07735],[150.78868,-35.0773],[150.79583,-35.08306],[150.80025,-35.08637]]]}},{"type":"Feature","properties":{"name":"The Pinnacle Sanctuary Zone","park":"Port Stephens - Great Lakes","zone":"Sanctuary Zone","spear":"no","kind":"mpa","note":"No-take zone: no spearfishing."},"geometry":{"type":"Polygon","coordinates":[[[152.62938,-32.2086],[152.57133,-32.2086],[152.57555,-32.21652],[152.57098,-32.21652],[152.57081,-32.21657],[152.57025,-32.21643],[152.56997,-32.2165],[152.56983,-32.21642],[152.56975,-32.21661],[152.57008,-32.21687],[152.57005,-32.21696],[152.56851,-32.21657],[152.56819,-32.21652],[152.56799,-32.21657],[152.56799,-32.2168],[152.56838,-32.21711],[152.56791,-32.21739],[152.56799,-32.21763],[152.56828,-32.21788],[152.56825,-32.21798],[152.56793,-32.21819],[152.56778,-32.21854],[152.56736,-32.21851],[152.56718,-32.21866],[152.56703,-32.21931],[152.56682,-32.21949],[152.56701,-32.21987],[152.567,-32.22008],[152.5669,-32.22011],[152.56683,-32.22035],[152.5666,-32.22046],[152.56652,-32.22062],[152.56664,-32.22095],[152.56627,-32.22093],[152.56599,-32.22127],[152.56572,-32.2219],[152.56538,-32.22209],[152.56522,-32.22227],[152.56518,-32.2225],[152.56535,-32.22296],[152.56558,-32.22315],[152.56652,-32.22358],[152.56669,-32.22383],[152.56723,-32.22415],[152.56737,-32.22443],[152.56733,-32.22487],[152.56704,-32.22484],[152.56685,-32.22472],[152.56681,-32.22478],[152.56606,-32.22477],[152.56621,-32.22514],[152.56619,-32.22534],[152.56613,-32.22545],[152.566,-32.22538],[152.56613,-32.22553],[152.5659,-32.2255],[152.56613,-32.22568],[152.5661,-32.22586],[152.56569,-32.22637],[152.56569,-32.22663],[152.56609,-32.22706],[152.56603,-32.2272],[152.56613,-32.22735],[152.56613,-32.22775],[152.5665,-32.22816],[152.56647,-32.22859],[152.56669,-32.22882],[152.56675,-32.22903],[152.61861,-32.253],[152.62056,-32.24965],[152.62221,-32.24619],[152.62292,-32.24444],[152.6241,-32.24088],[152.62539,-32.23581],[152.62704,-32.23201],[152.62764,-32.23035],[152.62864,-32.22698],[152.62935,-32.22356],[152.6296,-32.22183],[152.62979,-32.2201],[152.62997,-32.21677],[152.62998,-32.21517],[152.62981,-32.21198],[152.62938,-32.2086]]]}},{"type":"Feature","properties":{"name":"Cromartys Bay Sanctuary Zone","park":"Port Stephens - Great Lakes","zone":"Sanctuary Zone","spear":"no","kind":"mpa","note":"No-take zone: no spearfishing."},"geometry":{"type":"Polygon","coordinates":[[[152.06691,-32.71836],[152.06688,-32.71797],[152.066,-32.71783],[152.0658,-32.71774],[152.06564,-32.71754],[152.06539,-32.71698],[152.06555,-32.71646],[152.06522,-32.71616],[152.06486,-32.71616],[152.06519,-32.71736],[152.06589,-32.71797],[152.06541,-32.71844],[152.06458,-32.718],[152.06425,-32.71668],[152.06474,-32.71616],[152.06039,-32.71616],[152.0616,-32.71731],[152.06032,-32.71758],[152.05936,-32.71616],[152.05881,-32.71616],[152.05951,-32.71659],[152.05954,-32.71688],[152.05989,-32.7175],[152.05992,-32.71783],[152.05942,-32.71857],[152.05896,-32.71974],[152.05867,-32.72118],[152.0587,-32.72147],[152.0586,-32.72164],[152.05866,-32.72201],[152.05825,-32.72246],[152.05825,-32.72263],[152.05847,-32.72292],[152.05899,-32.72335],[152.05919,-32.72362],[152.05922,-32.7238],[152.05883,-32.72435],[152.05869,-32.72479],[152.05872,-32.72507],[152.05902,-32.72508],[152.0595,-32.72463],[152.05991,-32.72457],[152.06045,-32.72485],[152.06105,-32.72536],[152.06149,-32.72547],[152.06213,-32.72548],[152.0624,-32.72565],[152.06228,-32.72721],[152.06218,-32.72744],[152.0616,-32.72794],[152.06148,-32.7283],[152.06148,-32.72987],[152.06171,-32.73079],[152.0617,-32.73115],[152.06246,-32.7331],[152.06251,-32.73358],[152.06279,-32.73439],[152.0628,-32.73491],[152.06275,-32.73512],[152.06259,-32.73528],[152.06205,-32.73565],[152.06183,-32.73571],[152.06077,-32.73543],[152.06021,-32.73545],[152.06002,-32.73569],[152.06,-32.73588],[152.06035,-32.73618],[152.06057,-32.73625],[152.06193,-32.73621],[152.06291,-32.73633],[152.06445,-32.73601],[152.06709,-32.73571],[152.06826,-32.73592],[152.06955,-32.73598],[152.06975,-32.73585],[152.0704,-32.73501],[152.07136,-32.7335],[152.07207,-32.733],[152.07267,-32.73171],[152.07276,-32.73146],[152.07274,-32.73074],[152.07247,-32.73025],[152.07223,-32.73],[152.07254,-32.72961],[152.07262,-32.72899],[152.07252,-32.72842],[152.07231,-32.72819],[152.07194,-32.72671],[152.07132,-32.72616],[152.07081,-32.72593],[152.06962,-32.7259],[152.06825,-32.72572],[152.06816,-32.72527],[152.06786,-32.725],[152.06742,-32.72467],[152.0666,-32.72433],[152.06644,-32.7242],[152.06638,-32.72402],[152.06649,-32.72374],[152.06679,-32.72354],[152.06699,-32.72271],[152.06725,-32.72236],[152.06713,-32.72216],[152.0671,-32.7219],[152.06725,-32.72053],[152.06709,-32.72031],[152.06706,-32.71981],[152.06678,-32.71947],[152.06673,-32.71923],[152.06685,-32.71898],[152.06681,-32.71863],[152.06691,-32.71836]],[[152.06162,-32.71932],[152.06027,-32.71916],[152.06034,-32.71761],[152.06132,-32.71744],[152.06162,-32.71932]],[[152.06131,-32.7194],[152.06187,-32.72103],[152.06119,-32.72091],[152.06053,-32.71931],[152.06131,-32.7194]],[[152.06599,-32.71845],[152.06666,-32.71847],[152.06675,-32.72146],[152.06714,-32.72147],[152.06701,-32.72215],[152.06724,-32.72238],[152.06696,-32.72254],[152.06693,-32.72279],[152.06652,-32.72361],[152.06618,-32.72405],[152.06562,-32.72382],[152.06568,-32.72337],[152.0662,-32.72266],[152.0663,-32.72221],[152.06599,-32.71845]],[[152.06338,-32.72397],[152.06249,-32.72451],[152.06149,-32.72303],[152.06267,-32.72254],[152.06338,-32.72397]],[[152.0667,-32.72523],[152.06732,-32.72466],[152.06803,-32.7252],[152.06742,-32.72577],[152.0667,-32.72523]],[[152.06809,-32.72641],[152.06715,-32.72712],[152.0675,-32.72737],[152.06738,-32.72782],[152.06816,-32.72795],[152.06837,-32.73093],[152.06953,-32.73231],[152.06637,-32.73412],[152.06518,-32.73319],[152.06509,-32.73292],[152.06753,-32.73121],[152.06754,-32.73089],[152.06588,-32.73128],[152.06552,-32.72917],[152.0656,-32.72869],[152.0656,-32.72667],[152.06641,-32.72688],[152.06675,-32.72566],[152.06809,-32.72641]],[[152.06849,-32.72986],[152.06844,-32.72784],[152.0685,-32.72718],[152.06943,-32.72697],[152.06995,-32.728],[152.0695,-32.72995],[152.06849,-32.72986]],[[152.06628,-32.73414],[152.06421,-32.73407],[152.06326,-32.73221],[152.06372,-32.73214],[152.06628,-32.73414]],[[152.06379,-32.73208],[152.06271,-32.73063],[152.06375,-32.72951],[152.06399,-32.72961],[152.06509,-32.72952],[152.06554,-32.73047],[152.06589,-32.73151],[152.06473,-32.73269],[152.06379,-32.73208]],[[152.06464,-32.72746],[152.06482,-32.72948],[152.06414,-32.72943],[152.0639,-32.72803],[152.06357,-32.72799],[152.06331,-32.72568],[152.064,-32.72537],[152.06464,-32.72746]]]}},{"type":"Feature","properties":{"name":"Little Branch Creek Sanctuary Zone","park":"Port Stephens - Great Lakes","zone":"Sanctuary Zone","spear":"no","kind":"mpa","note":"No-take zone: no spearfishing."},"geometry":{"type":"Polygon","coordinates":[[[152.01611,-32.57677],[152.01626,-32.57657],[152.01704,-32.5762],[152.01742,-32.57583],[152.01764,-32.57504],[152.0174,-32.57456],[152.01742,-32.5744],[152.01873,-32.57368],[152.01897,-32.57338],[152.01898,-32.57308],[152.01883,-32.57264],[152.0179,-32.57238],[152.01775,-32.5722],[152.01781,-32.57207],[152.01848,-32.57124],[152.01894,-32.571],[152.01991,-32.57086],[152.01991,-32.5708],[152.01907,-32.5709],[152.01872,-32.57102],[152.01828,-32.57133],[152.01771,-32.57206],[152.01769,-32.57233],[152.01778,-32.57242],[152.0186,-32.57263],[152.01882,-32.5728],[152.01886,-32.57331],[152.01859,-32.57362],[152.0181,-32.5738],[152.01732,-32.57433],[152.01727,-32.57455],[152.01749,-32.57507],[152.01732,-32.57567],[152.01697,-32.57606],[152.01612,-32.57652],[152.01582,-32.57697],[152.01555,-32.57716],[152.01554,-32.57768],[152.01576,-32.5781],[152.01565,-32.57857],[152.0156,-32.57867],[152.01507,-32.57895],[152.01504,-32.57914],[152.01519,-32.57946],[152.01506,-32.57989],[152.01473,-32.58031],[152.01433,-32.58054],[152.01408,-32.58055],[152.01346,-32.57999],[152.01248,-32.57958],[152.01142,-32.57945],[152.00972,-32.57956],[152.00746,-32.58023],[152.00694,-32.58023],[152.00645,-32.58012],[152.00606,-32.57982],[152.00567,-32.57887],[152.00562,-32.57808],[152.00571,-32.57711],[152.00564,-32.57677],[152.00548,-32.57651],[152.00498,-32.57613],[152.00434,-32.57598],[152.00381,-32.57601],[152.00342,-32.57626],[152.00291,-32.57673],[152.00238,-32.57793],[152.00223,-32.57872],[152.00234,-32.57963],[152.00224,-32.58062],[152.00197,-32.58131],[152.00128,-32.58246],[152.00128,-32.58271],[152.00177,-32.58401],[152.00183,-32.58459],[152.0016,-32.58575],[152.00127,-32.58609],[152.0008,-32.58616],[152.00008,-32.58591],[152.0,-32.58562],[152.00032,-32.58504],[152.0005,-32.58456],[152.00051,-32.5843],[152.00022,-32.58396],[151.99915,-32.58332],[151.99866,-32.58273],[151.99538,-32.58083],[151.99531,-32.58088],[151.99863,-32.58287],[151.99853,-32.58298],[151.99516,-32.58097],[151.99455,-32.58135],[151.99663,-32.58228],[151.99783,-32.58295],[151.99834,-32.58335],[151.99961,-32.58399],[151.99971,-32.58408],[151.99969,-32.58444],[151.99937,-32.58472],[151.99921,-32.58501],[151.99919,-32.58538],[151.99969,-32.58585],[151.99984,-32.58624],[152.00015,-32.58641],[152.00098,-32.58657],[152.00172,-32.58633],[152.00211,-32.58585],[152.00219,-32.58504],[152.00229,-32.58481],[152.00288,-32.58452],[152.0031,-32.58433],[152.00332,-32.58435],[152.00343,-32.58498],[152.0033,-32.58656],[152.00356,-32.58729],[152.00384,-32.58767],[152.00418,-32.58791],[152.00444,-32.58799],[152.00523,-32.58801],[152.00531,-32.58815],[152.00431,-32.58932],[152.00418,-32.58958],[152.0035,-32.59003],[152.00342,-32.59019],[152.00343,-32.59048],[152.00353,-32.5906],[152.00369,-32.59062],[152.00383,-32.59059],[152.00397,-32.59034],[152.0046,-32.59027],[152.00506,-32.59028],[152.00526,-32.5904],[152.00545,-32.59054],[152.00616,-32.59155],[152.007,-32.593],[152.00691,-32.59395],[152.00677,-32.59396],[152.00617,-32.59368],[152.00586,-32.59369],[152.00571,-32.59376],[152.00513,-32.59437],[152.00501,-32.59453],[152.00489,-32.5951],[152.00494,-32.59535],[152.00501,-32.59536],[152.00505,-32.59469],[152.00577,-32.59389],[152.00604,-32.5938],[152.00624,-32.59384],[152.00688,-32.59415],[152.00705,-32.5941],[152.0072,-32.5937],[152.00704,-32.59275],[152.00659,-32.59185],[152.00552,-32.59043],[152.00506,-32.59018],[152.00507,-32.5901],[152.00593,-32.58976],[152.00602,-32.58962],[152.00587,-32.58957],[152.00493,-32.59008],[152.00395,-32.58998],[152.00386,-32.58992],[152.00419,-32.58975],[152.00539,-32.58846],[152.0055,-32.58825],[152.0055,-32.58805],[152.00526,-32.58786],[152.00431,-32.58781],[152.00384,-32.58745],[152.00361,-32.58701],[152.00351,-32.58654],[152.00353,-32.58585],[152.00367,-32.58505],[152.00359,-32.58436],[152.00344,-32.58411],[152.00326,-32.58407],[152.00276,-32.58433],[152.00234,-32.58444],[152.00188,-32.58281],[152.00191,-32.58225],[152.00246,-32.58133],[152.00266,-32.58064],[152.00273,-32.57989],[152.0027,-32.57838],[152.00317,-32.57713],[152.00353,-32.57662],[152.00395,-32.57637],[152.00443,-32.57636],[152.00484,-32.5766],[152.00508,-32.57692],[152.00521,-32.57732],[152.00524,-32.57886],[152.00555,-32.57991],[152.00607,-32.58039],[152.00699,-32.58085],[152.00745,-32.58096],[152.00774,-32.58094],[152.00873,-32.58048],[152.00981,-32.58015],[152.0104,-32.58004],[152.01122,-32.58004],[152.01198,-32.57994],[152.0132,-32.58021],[152.01415,-32.58087],[152.01495,-32.5807],[152.01537,-32.58033],[152.01562,-32.5799],[152.01596,-32.57843],[152.01594,-32.57806],[152.01582,-32.57787],[152.01578,-32.57755],[152.0163,-32.57679],[152.01611,-32.57677]],[[152.01529,-32.5792],[152.01528,-32.57901],[152.01558,-32.57874],[152.01566,-32.57889],[152.01557,-32.57926],[152.01549,-32.57932],[152.01529,-32.5792]],[[152.00357,-32.59042],[152.00357,-32.59017],[152.00373,-32.58999],[152.00387,-32.5901],[152.0042,-32.59005],[152.00481,-32.59014],[152.0042,-32.59016],[152.00367,-32.59044],[152.00357,-32.59042]]]}},{"type":"Feature","properties":{"name":"Cape Banks Aquatic Reserve","park":"Cape Banks","zone":"Aquatic Reserve","spear":"check","kind":"mpa","note":"Zone has its own rules."},"geometry":{"type":"Polygon","coordinates":[[[151.23977,-33.99829],[151.23889,-33.99847],[151.2388,-33.99873],[151.23857,-33.99871],[151.2373,-33.99939],[151.23781,-33.99961],[151.23874,-33.99966],[151.23923,-33.99956],[151.23983,-33.99921],[151.24058,-33.9993],[151.24073,-33.9994],[151.24067,-33.99974],[151.24071,-34.00003],[151.24103,-34.00055],[151.2418,-34.00093],[151.24243,-34.00098],[151.2429,-34.00088],[151.24382,-34.00036],[151.24419,-34.00001],[151.24442,-33.99963],[151.24507,-33.99929],[151.24543,-33.9989],[151.2458,-33.99921],[151.2461,-33.99936],[151.24645,-33.99941],[151.24695,-33.99937],[151.24697,-33.99967],[151.24709,-33.99991],[151.24674,-34.00055],[151.24668,-34.00106],[151.24673,-34.00135],[151.24693,-34.00166],[151.24783,-34.00233],[151.24904,-34.0027],[151.2496,-34.00266],[151.25033,-34.00227],[151.25071,-34.00189],[151.251,-34.00124],[151.25096,-34.00048],[151.25063,-34.00002],[151.25085,-33.99953],[151.2508,-33.99895],[151.25067,-33.99862],[151.25074,-33.99856],[151.2497,-33.99813],[151.24964,-33.99828],[151.24919,-33.99852],[151.24943,-33.99867],[151.24973,-33.99911],[151.24947,-33.99907],[151.24952,-33.99916],[151.24944,-33.99928],[151.24973,-33.99934],[151.24977,-33.99945],[151.24945,-33.99957],[151.24955,-34.00004],[151.24949,-34.00017],[151.24966,-34.00056],[151.2499,-34.00069],[151.24975,-34.00093],[151.24994,-34.00105],[151.24988,-34.00124],[151.24974,-34.00131],[151.24975,-34.00147],[151.24958,-34.00162],[151.24937,-34.00159],[151.24921,-34.00181],[151.24858,-34.0015],[151.2484,-34.00156],[151.24829,-34.00141],[151.24776,-34.00108],[151.24778,-34.0008],[151.24842,-33.99967],[151.24824,-33.99968],[151.24803,-33.99945],[151.24806,-33.99902],[151.24793,-33.99894],[151.24798,-33.99879],[151.24814,-33.99869],[151.24817,-33.99853],[151.24781,-33.99825],[151.24745,-33.99829],[151.24729,-33.99821],[151.24693,-33.99821],[151.24664,-33.9985],[151.24648,-33.99851],[151.24616,-33.99811],[151.24621,-33.99788],[151.24611,-33.99768],[151.24582,-33.99758],[151.24543,-33.9976],[151.24507,-33.99789],[151.24464,-33.99792],[151.24444,-33.99833],[151.2445,-33.99844],[151.24438,-33.99859],[151.24392,-33.99875],[151.24347,-33.99911],[151.24349,-33.99916],[151.24337,-33.99923],[151.24341,-33.99928],[151.2433,-33.99934],[151.24331,-33.99948],[151.24317,-33.99948],[151.24312,-33.99967],[151.24303,-33.99963],[151.24258,-33.99988],[151.24239,-34.00008],[151.24224,-34.00002],[151.24218,-34.00009],[151.24182,-33.99993],[151.24175,-33.99976],[151.24188,-33.99968],[151.24178,-33.99962],[151.24183,-33.99951],[151.24199,-33.99944],[151.24158,-33.99872],[151.24107,-33.99849],[151.241,-33.99835],[151.24082,-33.99838],[151.24061,-33.99829],[151.24037,-33.99841],[151.23977,-33.99829]]]}},{"type":"Feature","properties":{"name":"Central Section Sanctuary Zone","park":"Solitary Islands","zone":"Sanctuary Zone","spear":"no","kind":"mpa","note":"No-take zone: no spearfishing."},"geometry":{"type":"Polygon","coordinates":[[[153.28706,-29.9408],[153.28706,-29.90871],[153.27191,-29.90871],[153.27205,-29.90922],[153.27206,-29.90969],[153.27153,-29.91108],[153.2716,-29.91181],[153.27149,-29.9118],[153.27146,-29.91191],[153.27159,-29.91219],[153.27136,-29.91311],[153.27154,-29.9136],[153.27174,-29.91386],[153.27197,-29.914],[153.2722,-29.91521],[153.27235,-29.91553],[153.27235,-29.91583],[153.27245,-29.91591],[153.27238,-29.91605],[153.27251,-29.91634],[153.27246,-29.91644],[153.27256,-29.91642],[153.27262,-29.91653],[153.27244,-29.91693],[153.27242,-29.91721],[153.27204,-29.91779],[153.27189,-29.91858],[153.27156,-29.91905],[153.27067,-29.91962],[153.27001,-29.92032],[153.26936,-29.92071],[153.2689,-29.92123],[153.26842,-29.92136],[153.26741,-29.92203],[153.26542,-29.92406],[153.26435,-29.92533],[153.26393,-29.92598],[153.26371,-29.92649],[153.26368,-29.92707],[153.26356,-29.92726],[153.26302,-29.92766],[153.26267,-29.92815],[153.26209,-29.92869],[153.26174,-29.92932],[153.26145,-29.93021],[153.26113,-29.93059],[153.26109,-29.93115],[153.26644,-29.93115],[153.26693,-29.93182],[153.26727,-29.93256],[153.26754,-29.93352],[153.26762,-29.93429],[153.26758,-29.93547],[153.26741,-29.93636],[153.26711,-29.93717],[153.26673,-29.93786],[153.26613,-29.93864],[153.2665,-29.93934],[153.26698,-29.9408],[153.28706,-29.9408]]]}},{"type":"Feature","properties":{"name":"Bronte-Coogee Aquatic Reserve","park":"Bronte-Coogee","zone":"Aquatic Reserve","spear":"check","kind":"mpa","note":"Zone has its own rules."},"geometry":{"type":"Polygon","coordinates":[[[151.27247,-33.91437],[151.2725,-33.91397],[151.27269,-33.91342],[151.27267,-33.91297],[151.27253,-33.9127],[151.27217,-33.91235],[151.27212,-33.91196],[151.27163,-33.91076],[151.2714,-33.91042],[151.27124,-33.90979],[151.27106,-33.90953],[151.27114,-33.90906],[151.27095,-33.90843],[151.27089,-33.9079],[151.27122,-33.90688],[151.27119,-33.9064],[151.27092,-33.90588],[151.27084,-33.90536],[151.2707,-33.90509],[151.27009,-33.90449],[151.26962,-33.9042],[151.26865,-33.9047],[151.269,-33.90507],[151.26931,-33.90511],[151.26979,-33.90557],[151.26969,-33.90583],[151.27013,-33.90662],[151.27003,-33.90715],[151.26991,-33.90724],[151.26979,-33.90792],[151.26993,-33.90901],[151.27006,-33.90915],[151.26987,-33.90948],[151.26984,-33.90987],[151.27023,-33.91011],[151.27031,-33.91071],[151.27062,-33.91108],[151.27071,-33.91155],[151.27085,-33.91171],[151.27094,-33.91199],[151.27091,-33.91217],[151.27108,-33.91223],[151.27105,-33.91268],[151.27162,-33.91318],[151.2714,-33.9138],[151.2714,-33.91423],[151.27116,-33.91433],[151.27094,-33.91458],[151.2705,-33.91474],[151.27007,-33.91484],[151.26924,-33.9148],[151.26764,-33.91423],[151.26745,-33.91407],[151.26743,-33.91387],[151.26688,-33.91359],[151.26673,-33.91366],[151.26654,-33.91394],[151.26754,-33.91448],[151.26799,-33.91485],[151.26825,-33.91517],[151.26769,-33.91596],[151.26744,-33.91616],[151.26715,-33.91621],[151.26698,-33.91633],[151.26644,-33.91629],[151.26574,-33.91609],[151.26477,-33.91542],[151.26304,-33.91486],[151.2619,-33.91476],[151.2614,-33.91489],[151.2612,-33.91526],[151.26137,-33.91555],[151.26289,-33.91732],[151.26289,-33.91774],[151.26268,-33.91806],[151.2623,-33.91805],[151.26201,-33.91837],[151.2617,-33.91845],[151.26165,-33.91839],[151.2616,-33.9185],[151.26127,-33.91859],[151.26086,-33.9191],[151.26076,-33.91941],[151.26088,-33.91992],[151.26083,-33.9201],[151.26036,-33.92],[151.25997,-33.91976],[151.25946,-33.9205],[151.25968,-33.92072],[151.26038,-33.92095],[151.26088,-33.921],[151.26135,-33.92089],[151.26167,-33.92067],[151.26191,-33.92029],[151.26196,-33.91994],[151.26191,-33.91943],[151.26326,-33.91882],[151.26361,-33.91853],[151.26394,-33.91793],[151.26401,-33.91758],[151.26397,-33.91719],[151.26357,-33.91652],[151.26288,-33.91577],[151.26422,-33.91624],[151.2653,-33.91692],[151.2662,-33.91717],[151.26716,-33.91722],[151.26819,-33.91682],[151.26857,-33.91648],[151.26913,-33.91569],[151.27018,-33.91574],[151.27121,-33.91548],[151.27158,-33.91531],[151.27214,-33.9149],[151.27236,-33.91465],[151.27247,-33.91437]]]}},{"type":"Feature","properties":{"name":"Couria Bay Sanctuary Zone","park":"Batemans","zone":"Sanctuary Zone","spear":"no","kind":"mpa","note":"No-take zone: no spearfishing."},"geometry":{"type":"Polygon","coordinates":[[[150.05356,-36.34676],[150.05334,-36.34669],[150.05301,-36.34633],[150.05274,-36.34565],[150.05298,-36.3443],[150.05312,-36.34415],[150.05167,-36.34415],[150.05082,-36.34464],[150.05093,-36.34507],[150.05054,-36.34636],[150.05059,-36.34668],[150.04993,-36.34724],[150.05064,-36.34682],[150.05079,-36.34707],[150.05125,-36.34746],[150.05052,-36.34754],[150.04979,-36.34783],[150.04996,-36.34784],[150.05064,-36.34761],[150.05133,-36.34754],[150.05151,-36.3478],[150.05176,-36.34869],[150.05212,-36.34909],[150.05234,-36.34947],[150.05257,-36.35024],[150.05239,-36.35101],[150.05243,-36.35118],[150.05308,-36.35158],[150.05317,-36.3518],[150.05324,-36.35246],[150.05427,-36.35259],[150.05458,-36.35274],[150.0549,-36.35375],[150.05517,-36.35412],[150.05587,-36.35408],[150.05657,-36.35419],[150.05496,-36.35379],[150.05476,-36.35305],[150.05496,-36.35302],[150.05514,-36.35367],[150.05733,-36.35421],[150.05733,-36.3514],[150.05709,-36.35134],[150.05655,-36.35081],[150.05613,-36.34937],[150.05564,-36.34896],[150.05494,-36.34864],[150.05473,-36.34831],[150.05498,-36.34731],[150.05533,-36.34668],[150.05497,-36.34678],[150.05482,-36.34668],[150.05426,-36.34682],[150.05356,-36.34676]]]}},{"type":"Feature","properties":{"name":"Montague Island (Inner) Habitat Protection Zone","park":"Batemans","zone":"Habitat Protection Zone (Restrictions Apply)","spear":"check","kind":"mpa","note":"Zone has its own rules."},"geometry":{"type":"Polygon","coordinates":[[[150.23077,-36.24349],[150.23077,-36.2408],[150.2238,-36.2408],[150.2238,-36.24393],[150.22424,-36.24381],[150.22459,-36.24394],[150.22478,-36.2439],[150.22513,-36.24354],[150.22543,-36.24294],[150.2259,-36.24266],[150.22623,-36.24292],[150.22661,-36.2428],[150.22732,-36.2428],[150.22781,-36.24327],[150.22807,-36.2434],[150.22825,-36.24338],[150.22866,-36.24294],[150.22893,-36.24287],[150.22951,-36.24311],[150.22987,-36.24311],[150.23036,-36.24345],[150.23077,-36.24349]]]}},{"type":"Feature","properties":{"name":"Number One Cove Sanctuary Zone","park":"Port Stephens - Great Lakes","zone":"Sanctuary Zone","spear":"no","kind":"mpa","note":"No-take zone: no spearfishing."},"geometry":{"type":"Polygon","coordinates":[[[151.9952,-32.63864],[151.99552,-32.63897],[151.99522,-32.63932],[151.99525,-32.63958],[151.99547,-32.63985],[151.99549,-32.64018],[151.99537,-32.6403],[151.99517,-32.6403],[151.99453,-32.6398],[151.99435,-32.63979],[151.99417,-32.63989],[151.99399,-32.64028],[151.99396,-32.64053],[151.99416,-32.64089],[151.9945,-32.64117],[151.99438,-32.64139],[151.99413,-32.64152],[151.99384,-32.64148],[151.99293,-32.6409],[151.99248,-32.6409],[151.99205,-32.64134],[151.99198,-32.64174],[151.99203,-32.64199],[151.99181,-32.64224],[151.9912,-32.64214],[151.99061,-32.64171],[151.99044,-32.64169],[151.98974,-32.64202],[151.98954,-32.6422],[151.98942,-32.64253],[151.98944,-32.64299],[151.98956,-32.64333],[151.98995,-32.64384],[151.9899,-32.64401],[151.98974,-32.64414],[151.98952,-32.6442],[151.98934,-32.64416],[151.98838,-32.64344],[151.98793,-32.64331],[151.98752,-32.64348],[151.98709,-32.64382],[151.98688,-32.64415],[151.98678,-32.64502],[151.98683,-32.64541],[151.98703,-32.64569],[151.98749,-32.6457],[151.9881,-32.64528],[151.98845,-32.64517],[151.98904,-32.64517],[151.98932,-32.64536],[151.98944,-32.64597],[151.98926,-32.64649],[151.98838,-32.64761],[151.98818,-32.64776],[151.98776,-32.6479],[151.98748,-32.64822],[151.98775,-32.6485],[151.98836,-32.64839],[151.98862,-32.64843],[151.98879,-32.64889],[151.98944,-32.64977],[151.98948,-32.65001],[151.98927,-32.65014],[151.98881,-32.65007],[151.98857,-32.64994],[151.98823,-32.64959],[151.98799,-32.6495],[151.9874,-32.64957],[151.98724,-32.64966],[151.98712,-32.64959],[151.98707,-32.64944],[151.98734,-32.64929],[151.98735,-32.64917],[151.98638,-32.64908],[151.98603,-32.6489],[151.98577,-32.649],[151.9853,-32.64902],[151.98511,-32.64921],[151.98518,-32.64927],[151.98533,-32.64906],[151.98544,-32.64907],[151.98548,-32.64917],[151.9856,-32.64906],[151.98605,-32.64898],[151.98647,-32.64916],[151.98721,-32.64917],[151.98698,-32.64951],[151.98724,-32.64984],[151.98722,-32.65049],[151.98692,-32.6514],[151.98635,-32.6522],[151.98628,-32.65263],[151.98649,-32.65302],[151.98745,-32.65354],[151.98757,-32.65382],[151.98745,-32.65415],[151.98719,-32.65439],[151.98598,-32.65468],[151.98568,-32.65498],[151.98534,-32.65467],[151.98508,-32.65462],[151.98501,-32.65454],[151.98465,-32.65452],[151.98439,-32.6544],[151.98415,-32.65454],[151.98444,-32.65446],[151.9846,-32.65459],[151.98434,-32.65479],[151.98489,-32.65459],[151.98537,-32.65476],[151.98561,-32.65502],[151.98581,-32.65506],[151.98584,-32.65546],[151.98594,-32.65564],[151.98625,-32.65593],[151.98677,-32.65624],[151.9869,-32.65644],[151.98691,-32.65663],[151.98682,-32.65674],[151.98662,-32.6568],[151.98566,-32.65674],[151.98527,-32.65696],[151.98511,-32.6572],[151.98499,-32.6576],[151.98501,-32.65853],[151.9848,-32.659],[151.98458,-32.65912],[151.9842,-32.65926],[151.98407,-32.65902],[151.98378,-32.65902],[151.98351,-32.65888],[151.98329,-32.65917],[151.98272,-32.65878],[151.98239,-32.65896],[151.98203,-32.65876],[151.98238,-32.65903],[151.98255,-32.65887],[151.98276,-32.65886],[151.98295,-32.65908],[151.98338,-32.65933],[151.98332,-32.65957],[151.98345,-32.65946],[151.98344,-32.65918],[151.98356,-32.65902],[151.98401,-32.6591],[151.98408,-32.65933],[151.98423,-32.65939],[151.98485,-32.65915],[151.98518,-32.65863],[151.98512,-32.65834],[151.98519,-32.65817],[151.98578,-32.65857],[151.98637,-32.6587],[151.98883,-32.65842],[151.98918,-32.65842],[151.98945,-32.65852],[151.98956,-32.65872],[151.98955,-32.65901],[151.98923,-32.65949],[151.98886,-32.65965],[151.98867,-32.65962],[151.98868,-32.65948],[151.98861,-32.65944],[151.988,-32.65948],[151.98775,-32.65957],[151.98747,-32.65981],[151.98723,-32.66027],[151.9869,-32.66061],[151.98681,-32.66099],[151.98705,-32.66119],[151.98743,-32.66126],[151.98746,-32.66144],[151.9868,-32.66223],[151.98615,-32.66278],[151.98921,-32.66358],[151.98934,-32.66317],[151.9898,-32.66334],[151.98976,-32.66372],[151.99005,-32.6638],[151.99023,-32.66334],[151.99043,-32.6631],[151.9911,-32.66081],[151.99179,-32.65979],[151.99168,-32.65958],[151.99143,-32.65958],[151.9908,-32.66001],[151.99047,-32.66006],[151.98994,-32.66],[151.98952,-32.65981],[151.98978,-32.65949],[151.98991,-32.65913],[151.9899,-32.65857],[151.98977,-32.65834],[151.98954,-32.65814],[151.98885,-32.658],[151.98894,-32.65786],[151.98795,-32.65801],[151.98764,-32.65824],[151.98639,-32.6584],[151.98578,-32.65821],[151.98535,-32.65777],[151.98539,-32.65738],[151.98559,-32.6571],[151.98592,-32.65703],[151.98666,-32.65705],[151.987,-32.65694],[151.9872,-32.65672],[151.98727,-32.65643],[151.98719,-32.6562],[151.98695,-32.65599],[151.98625,-32.65561],[151.98615,-32.6554],[151.98615,-32.65512],[151.98634,-32.65486],[151.9873,-32.65461],[151.98765,-32.65433],[151.98785,-32.65392],[151.98782,-32.65344],[151.98798,-32.65312],[151.98798,-32.65279],[151.98825,-32.6526],[151.98923,-32.65297],[151.98934,-32.65294],[151.98935,-32.65271],[151.9895,-32.65248],[151.98985,-32.65252],[151.98985,-32.65243],[151.98968,-32.65239],[151.98967,-32.65231],[151.98956,-32.65232],[151.98928,-32.65261],[151.98928,-32.65285],[151.98857,-32.65269],[151.98826,-32.6525],[151.98809,-32.65253],[151.9879,-32.65279],[151.98779,-32.65327],[151.98742,-32.65304],[151.98732,-32.65306],[151.98724,-32.65323],[151.98713,-32.65321],[151.98672,-32.65297],[151.98655,-32.65276],[151.98662,-32.65231],[151.98728,-32.65127],[151.98757,-32.64979],[151.98788,-32.6497],[151.98854,-32.65017],[151.98909,-32.65031],[151.98955,-32.65024],[151.98973,-32.64993],[151.98964,-32.64959],[151.98901,-32.64882],[151.98876,-32.64824],[151.98841,-32.64811],[151.98792,-32.64831],[151.98779,-32.64826],[151.9879,-32.64812],[151.98837,-32.64799],[151.98858,-32.64786],[151.98948,-32.64648],[151.98962,-32.64607],[151.98953,-32.64537],[151.98927,-32.64511],[151.98883,-32.64498],[151.98809,-32.64511],[151.98749,-32.64552],[151.98719,-32.64558],[151.987,-32.64525],[151.98699,-32.6444],[151.98715,-32.64411],[151.98761,-32.6436],[151.98785,-32.64346],[151.98824,-32.64355],[151.98937,-32.64429],[151.98966,-32.64431],[151.98992,-32.64419],[151.99006,-32.64404],[151.99009,-32.64381],[151.98965,-32.64318],[151.98955,-32.64247],[151.98977,-32.64216],[151.99022,-32.64189],[151.99058,-32.64182],[151.99121,-32.64227],[151.99158,-32.64236],[151.99185,-32.64233],[151.99209,-32.64212],[151.99215,-32.64141],[151.99244,-32.64107],[151.99266,-32.64096],[151.99297,-32.64103],[151.99387,-32.64159],[151.99419,-32.64158],[151.99447,-32.64142],[151.99458,-32.64128],[151.99459,-32.64114],[151.99423,-32.64082],[151.99407,-32.64055],[151.9941,-32.64022],[151.99423,-32.63995],[151.99434,-32.63987],[151.99452,-32.63989],[151.99505,-32.64033],[151.99525,-32.64038],[151.99547,-32.64029],[151.99561,-32.64],[151.99528,-32.63942],[151.99559,-32.639],[151.99541,-32.63877],[151.9952,-32.63864]],[[151.98851,-32.65807],[151.98777,-32.65819],[151.98811,-32.65806],[151.98851,-32.65807]]]}},{"type":"Feature","properties":{"name":"Jones Point Sanctuary Zone","park":"Solitary Islands","zone":"Sanctuary Zone","spear":"no","kind":"mpa","note":"No-take zone: no spearfishing."},"geometry":{"type":"Polygon","coordinates":[[[153.27441,-29.89394],[153.27629,-29.89445],[153.27653,-29.89389],[153.27666,-29.89318],[153.27652,-29.89241],[153.27614,-29.89182],[153.27567,-29.89141],[153.27502,-29.89109],[153.27451,-29.89065],[153.27416,-29.89046],[153.27322,-29.89027],[153.27258,-29.89037],[153.27213,-29.8901],[153.27001,-29.88735],[153.26925,-29.8877],[153.26906,-29.88794],[153.26882,-29.88855],[153.26866,-29.88842],[153.26861,-29.88877],[153.26892,-29.88939],[153.27017,-29.8911],[153.27119,-29.8921],[153.27162,-29.89239],[153.27244,-29.89267],[153.2736,-29.89258],[153.27386,-29.89282],[153.27457,-29.89301],[153.2747,-29.89336],[153.27441,-29.89394]]]}},{"type":"Feature","properties":{"name":"Tea Gardens Special Purpose Zone","park":"Port Stephens - Great Lakes","zone":"Special Purpose Zone","spear":"check","kind":"mpa","note":"Zone has its own rules."},"geometry":{"type":"Polygon","coordinates":[[[152.16877,-32.66788],[152.16672,-32.6691],[152.16458,-32.66833],[152.16326,-32.66771],[152.1616,-32.66664],[152.16063,-32.66558],[152.16005,-32.6648],[152.15843,-32.66394],[152.15792,-32.66356],[152.15748,-32.66301],[152.15755,-32.66169],[152.15824,-32.66032],[152.15824,-32.66027],[152.15789,-32.66027],[152.15776,-32.66057],[152.15756,-32.66076],[152.15721,-32.66158],[152.1571,-32.66279],[152.15714,-32.66316],[152.15738,-32.66353],[152.15824,-32.66424],[152.15981,-32.66507],[152.16034,-32.6658],[152.16137,-32.66692],[152.16308,-32.66802],[152.16445,-32.66866],[152.16632,-32.66933],[152.16671,-32.66964],[152.1667,-32.67014],[152.16657,-32.67027],[152.16943,-32.6686],[152.16891,-32.66853],[152.16824,-32.66863],[152.16821,-32.66844],[152.16829,-32.66836],[152.16878,-32.66816],[152.16883,-32.66806],[152.16877,-32.66788]]]}},{"type":"Feature","properties":{"name":"Fly Point - Corrie Island Sanctuary Zone","park":"Port Stephens - Great Lakes","zone":"Sanctuary Zone","spear":"no","kind":"mpa","note":"No-take zone: no spearfishing."},"geometry":{"type":"Polygon","coordinates":[[[152.14048,-32.6704],[152.13503,-32.67098],[152.13098,-32.67243],[152.12379,-32.67552],[152.12005,-32.68572],[152.1229,-32.6956],[152.14945,-32.6956],[152.13828,-32.6847],[152.13787,-32.68493],[152.13655,-32.68537],[152.13626,-32.68528],[152.13609,-32.68515],[152.13609,-32.68494],[152.13624,-32.68482],[152.13663,-32.68482],[152.13684,-32.68471],[152.13695,-32.6842],[152.13686,-32.68393],[152.13607,-32.68384],[152.13342,-32.6844],[152.13271,-32.68442],[152.13156,-32.68429],[152.13085,-32.68438],[152.12981,-32.68371],[152.12952,-32.68319],[152.12902,-32.68307],[152.12866,-32.6827],[152.12822,-32.68187],[152.12789,-32.68034],[152.12802,-32.6801],[152.12814,-32.68006],[152.12874,-32.68021],[152.12821,-32.67989],[152.1286,-32.67969],[152.12983,-32.67969],[152.13156,-32.67995],[152.13126,-32.68037],[152.13095,-32.68064],[152.13081,-32.68092],[152.13086,-32.6811],[152.13098,-32.68113],[152.13139,-32.68099],[152.13152,-32.68088],[152.13183,-32.67997],[152.13209,-32.67865],[152.13235,-32.67814],[152.13271,-32.67781],[152.13368,-32.67769],[152.13579,-32.67781],[152.13596,-32.67783],[152.13636,-32.67815],[152.13656,-32.67821],[152.13741,-32.67797],[152.1378,-32.67769],[152.13808,-32.67724],[152.13806,-32.67714],[152.13734,-32.67746],[152.13689,-32.67741],[152.13634,-32.67721],[152.13619,-32.67704],[152.1362,-32.67687],[152.13634,-32.6767],[152.13629,-32.67643],[152.13577,-32.67597],[152.13566,-32.6758],[152.13548,-32.67506],[152.13499,-32.67469],[152.1347,-32.67434],[152.13439,-32.67362],[152.13439,-32.67344],[152.13468,-32.6731],[152.13645,-32.67223],[152.13651,-32.67205],[152.13646,-32.67196],[152.13626,-32.67173],[152.136,-32.67166],[152.13607,-32.6716],[152.13648,-32.67159],[152.13674,-32.67113],[152.13687,-32.67103],[152.1383,-32.67088],[152.13878,-32.67094],[152.13886,-32.67157],[152.14044,-32.67219],[152.14093,-32.6723],[152.14187,-32.67212],[152.1421,-32.67202],[152.1421,-32.67193],[152.14169,-32.67179],[152.14144,-32.6716],[152.14011,-32.67114],[152.14002,-32.67098],[152.14014,-32.67074],[152.14098,-32.67074],[152.14196,-32.67086],[152.14268,-32.67107],[152.14486,-32.6714],[152.14535,-32.6717],[152.14617,-32.67176],[152.14693,-32.67194],[152.14785,-32.67196],[152.14822,-32.6721],[152.14822,-32.67198],[152.146,-32.67145],[152.14048,-32.6704]],[[152.13625,-32.6709],[152.13836,-32.67077],[152.13625,-32.67098],[152.13625,-32.6709]],[[152.13294,-32.67222],[152.13501,-32.67164],[152.13527,-32.67227],[152.13302,-32.67249],[152.13294,-32.67222]],[[152.13081,-32.67429],[152.13221,-32.67361],[152.13281,-32.67366],[152.13302,-32.67375],[152.13352,-32.67459],[152.13383,-32.67538],[152.13425,-32.67592],[152.13463,-32.67663],[152.13484,-32.67671],[152.13496,-32.67626],[152.13504,-32.67623],[152.13524,-32.67638],[152.13573,-32.67703],[152.13598,-32.67722],[152.13588,-32.67729],[152.13534,-32.67732],[152.13414,-32.67728],[152.13349,-32.67716],[152.13297,-32.67721],[152.13237,-32.67753],[152.13178,-32.67856],[152.13137,-32.67864],[152.13011,-32.6786],[152.12964,-32.67846],[152.12884,-32.67808],[152.1277,-32.677],[152.12744,-32.67664],[152.12743,-32.67647],[152.12762,-32.67611],[152.12835,-32.6753],[152.12972,-32.67485],[152.13081,-32.67429]],[[152.12761,-32.67458],[152.12551,-32.67548],[152.12623,-32.67615],[152.12559,-32.6773],[152.12663,-32.67744],[152.12675,-32.67898],[152.12622,-32.67935],[152.1264,-32.67941],[152.12544,-32.67944],[152.1251,-32.67847],[152.12481,-32.67862],[152.12451,-32.67849],[152.12387,-32.678],[152.12399,-32.67797],[152.1236,-32.67725],[152.12403,-32.67589],[152.12429,-32.67553],[152.12514,-32.67514],[152.12753,-32.67436],[152.12761,-32.67458]],[[152.12407,-32.6818],[152.12397,-32.68147],[152.12455,-32.68074],[152.12602,-32.68016],[152.12642,-32.68224],[152.12419,-32.68213],[152.12407,-32.6818]],[[152.12648,-32.68388],[152.12512,-32.68512],[152.1232,-32.68245],[152.1236,-32.68198],[152.12648,-32.68388]],[[152.12645,-32.68475],[152.12661,-32.68439],[152.12673,-32.68372],[152.12634,-32.68289],[152.12806,-32.68242],[152.12874,-32.68341],[152.12907,-32.68366],[152.12958,-32.68477],[152.12927,-32.68599],[152.12728,-32.68573],[152.12645,-32.68475]]]}},{"type":"Feature","properties":{"name":"Cabbage Tree Island Sanctuary Zone","park":"Port Stephens - Great Lakes","zone":"Sanctuary Zone","spear":"no","kind":"mpa","note":"No-take zone: no spearfishing."},"geometry":{"type":"Polygon","coordinates":[[[152.20492,-32.70136],[152.23385,-32.70137],[152.23385,-32.67935],[152.2234,-32.67935],[152.22345,-32.68399],[152.22331,-32.68422],[152.22441,-32.68426],[152.22545,-32.68515],[152.22591,-32.68509],[152.22597,-32.68518],[152.22595,-32.68562],[152.22609,-32.68572],[152.22639,-32.68563],[152.22688,-32.68572],[152.22729,-32.68602],[152.22747,-32.68622],[152.22696,-32.68633],[152.22657,-32.68653],[152.22755,-32.68669],[152.2278,-32.68682],[152.22784,-32.68697],[152.22775,-32.68717],[152.22746,-32.68737],[152.22744,-32.68751],[152.228,-32.68731],[152.22846,-32.68729],[152.22861,-32.68738],[152.2286,-32.68749],[152.22795,-32.68797],[152.22771,-32.68827],[152.22747,-32.68839],[152.22713,-32.6884],[152.22671,-32.6886],[152.22654,-32.68857],[152.22636,-32.68878],[152.22615,-32.68885],[152.22613,-32.68892],[152.2263,-32.68901],[152.22622,-32.68917],[152.22589,-32.68923],[152.22589,-32.68933],[152.22606,-32.68962],[152.22602,-32.68975],[152.22624,-32.68978],[152.22616,-32.69],[152.22588,-32.69013],[152.22595,-32.69025],[152.22613,-32.69029],[152.22613,-32.69038],[152.22585,-32.69047],[152.2261,-32.69065],[152.22593,-32.69107],[152.22642,-32.69112],[152.22606,-32.69169],[152.22557,-32.69186],[152.22563,-32.69196],[152.22556,-32.69206],[152.22533,-32.69212],[152.22489,-32.69244],[152.22423,-32.69238],[152.20388,-32.69238],[152.20388,-32.6941],[152.20437,-32.69436],[152.20473,-32.69425],[152.20515,-32.69436],[152.20548,-32.69431],[152.2063,-32.69436],[152.20675,-32.69466],[152.20743,-32.69477],[152.20876,-32.69575],[152.20889,-32.69614],[152.2088,-32.69653],[152.20869,-32.69662],[152.20889,-32.69664],[152.20906,-32.69689],[152.209,-32.69692],[152.20902,-32.69708],[152.2089,-32.69716],[152.20852,-32.69711],[152.20863,-32.69766],[152.20847,-32.69778],[152.20837,-32.69778],[152.20807,-32.69729],[152.20788,-32.69735],[152.20792,-32.69813],[152.20762,-32.69807],[152.20754,-32.6979],[152.20765,-32.69753],[152.20726,-32.69771],[152.20698,-32.69772],[152.20689,-32.69786],[152.20683,-32.69837],[152.20666,-32.69853],[152.20546,-32.69903],[152.20575,-32.69913],[152.20612,-32.69952],[152.20629,-32.70016],[152.20616,-32.70032],[152.20527,-32.70086],[152.20508,-32.70126],[152.20492,-32.70136]]]}},{"type":"Feature","properties":{"name":"Group 1 (Aquaculture) Special Purpose Zone","park":"Port Stephens - Great Lakes","zone":"Special Purpose Zone","spear":"check","kind":"mpa","note":"Zone has its own rules."},"geometry":{"type":"MultiPolygon","coordinates":[[[[151.99875,-32.70331],[151.99801,-32.70257],[151.99625,-32.70238],[151.99619,-32.70166],[151.99318,-32.70119],[151.99284,-32.70307],[151.99514,-32.70571],[151.99661,-32.70537],[152.00005,-32.70562],[152.00117,-32.70471],[151.99875,-32.70331]]],[[[152.06675,-32.72566],[152.06641,-32.72688],[152.0656,-32.72667],[152.0656,-32.72869],[152.06552,-32.72917],[152.06588,-32.73128],[152.06754,-32.73089],[152.06753,-32.73121],[152.06509,-32.73292],[152.06518,-32.73319],[152.06637,-32.73412],[152.06953,-32.73231],[152.06837,-32.73093],[152.06816,-32.72795],[152.06738,-32.72782],[152.0675,-32.72737],[152.06715,-32.72712],[152.06809,-32.72641],[152.06675,-32.72566]]],[[[151.97045,-32.68119],[151.96397,-32.68249],[151.96603,-32.68397],[151.97085,-32.6829],[151.97045,-32.68119]]],[[[152.0599,-32.6528],[152.05863,-32.65538],[152.05851,-32.65657],[152.05855,-32.65742],[152.05841,-32.65822],[152.05898,-32.65853],[152.05942,-32.65735],[152.0597,-32.65554],[152.06044,-32.65547],[152.05958,-32.65886],[152.05989,-32.65903],[152.06038,-32.65716],[152.06204,-32.65385],[152.0599,-32.6528]]],[[[152.12559,-32.6773],[152.12623,-32.67615],[152.12551,-32.67548],[152.12761,-32.67458],[152.12753,-32.67436],[152.12514,-32.67514],[152.12429,-32.67553],[152.12403,-32.67589],[152.1236,-32.67725],[152.12399,-32.67797],[152.12387,-32.678],[152.12451,-32.67849],[152.12481,-32.67862],[152.1251,-32.67847],[152.12544,-32.67944],[152.1264,-32.67941],[152.12622,-32.67935],[152.12675,-32.67898],[152.12663,-32.67744],[152.12559,-32.6773]]],[[[151.98254,-32.70497],[151.98135,-32.70289],[151.97998,-32.70308],[151.9799,-32.70535],[151.98076,-32.70686],[151.98269,-32.70665],[151.98254,-32.70497]]],[[[152.12907,-32.68366],[152.12874,-32.68341],[152.12806,-32.68242],[152.12634,-32.68289],[152.12673,-32.68372],[152.12661,-32.68439],[152.12645,-32.68475],[152.12728,-32.68573],[152.12927,-32.68599],[152.12958,-32.68477],[152.12907,-32.68366]]],[[[152.05802,-32.65566],[152.05867,-32.65415],[152.05708,-32.65348],[152.05597,-32.6554],[152.05717,-32.65754],[152.05804,-32.65801],[152.05822,-32.65745],[152.05802,-32.65566]]],[[[152.06271,-32.73063],[152.06379,-32.73208],[152.06473,-32.73269],[152.06589,-32.73151],[152.06554,-32.73047],[152.06509,-32.72952],[152.06399,-32.72961],[152.06375,-32.72951],[152.06271,-32.73063]]],[[[151.97957,-32.6937],[151.97977,-32.69459],[151.97992,-32.6973],[151.98132,-32.69753],[151.98163,-32.69379],[151.97957,-32.6937]]],[[[151.98107,-32.69026],[151.97904,-32.69031],[151.9794,-32.69262],[151.98144,-32.69252],[151.98107,-32.69026]]],[[[151.9786,-32.70744],[151.9761,-32.70784],[151.97653,-32.70963],[151.97903,-32.70922],[151.9786,-32.70744]]],[[[152.1236,-32.68198],[152.1232,-32.68245],[152.12512,-32.68512],[152.12648,-32.68388],[152.1236,-32.68198]]],[[[152.09865,-32.72662],[152.09708,-32.72656],[152.09705,-32.72671],[152.09659,-32.72669],[152.0965,-32.72709],[152.09501,-32.72699],[152.09498,-32.72713],[152.09154,-32.72724],[152.09142,-32.72743],[152.09046,-32.7272],[152.09039,-32.72751],[152.09123,-32.72774],[152.09488,-32.72762],[152.09493,-32.72739],[152.09517,-32.72738],[152.09536,-32.7274],[152.09532,-32.72761],[152.09645,-32.72758],[152.09647,-32.72725],[152.09698,-32.7273],[152.09703,-32.72693],[152.09914,-32.72704],[152.09915,-32.72664],[152.09865,-32.72662]]],[[[152.06652,-32.72361],[152.06693,-32.72279],[152.06696,-32.72254],[152.06724,-32.72238],[152.06701,-32.72215],[152.06714,-32.72147],[152.06675,-32.72146],[152.06666,-32.71847],[152.06599,-32.71845],[152.0663,-32.72221],[152.0662,-32.72266],[152.06568,-32.72337],[152.06562,-32.72382],[152.06618,-32.72405],[152.06652,-32.72361]]],[[[151.95861,-32.69051],[151.95907,-32.69028],[151.9575,-32.6883],[151.95603,-32.68654],[151.95553,-32.68671],[151.95673,-32.68869],[151.95831,-32.69071],[151.95861,-32.69051]]],[[[152.06943,-32.72697],[152.0685,-32.72718],[152.06844,-32.72784],[152.06849,-32.72986],[152.0695,-32.72995],[152.06995,-32.728],[152.06943,-32.72697]]],[[[152.12602,-32.68016],[152.12455,-32.68074],[152.12397,-32.68147],[152.12419,-32.68213],[152.12642,-32.68224],[152.12602,-32.68016]]],[[[152.06464,-32.72746],[152.064,-32.72537],[152.06331,-32.72568],[152.06357,-32.72799],[152.0639,-32.72803],[152.06414,-32.72943],[152.06482,-32.72948],[152.06464,-32.72746]]],[[[151.97596,-32.68221],[151.97475,-32.68151],[151.97407,-32.68207],[151.97427,-32.68228],[151.97595,-32.68254],[151.97613,-32.68241],[151.97768,-32.68292],[151.97804,-32.68273],[151.97776,-32.68223],[151.97615,-32.68115],[151.97596,-32.68221]]],[[[151.95107,-32.67566],[151.94918,-32.6761],[151.94912,-32.67631],[151.95126,-32.67586],[151.95193,-32.67618],[151.95423,-32.67698],[151.95459,-32.67614],[151.95209,-32.67567],[151.95107,-32.67566]]],[[[152.06326,-32.73221],[152.06421,-32.73407],[152.06628,-32.73414],[152.06372,-32.73214],[152.06326,-32.73221]]],[[[151.96248,-32.69027],[151.96274,-32.68909],[151.96048,-32.6893],[151.96076,-32.69048],[151.96248,-32.69027]]],[[[152.05232,-32.75021],[152.05234,-32.75004],[152.05327,-32.74921],[152.05385,-32.74831],[152.05424,-32.74727],[152.05421,-32.74633],[152.05358,-32.74489],[152.05328,-32.74497],[152.05411,-32.74695],[152.05364,-32.74846],[152.05175,-32.75006],[152.05125,-32.75135],[152.05154,-32.75145],[152.05232,-32.75021]]],[[[151.97299,-32.68963],[151.97045,-32.68913],[151.97049,-32.68955],[151.97278,-32.69],[151.97498,-32.69081],[151.97515,-32.69008],[151.97299,-32.68963]]],[[[151.97941,-32.6927],[151.97955,-32.69361],[151.98164,-32.69372],[151.98145,-32.69261],[151.97941,-32.6927]]],[[[151.94261,-32.67546],[151.94174,-32.67531],[151.94097,-32.67493],[151.94071,-32.67446],[151.94062,-32.67448],[151.94082,-32.67506],[151.94202,-32.67548],[151.9442,-32.67595],[151.94566,-32.6762],[151.94663,-32.67623],[151.94745,-32.67615],[151.94855,-32.67587],[151.94829,-32.67541],[151.94733,-32.67571],[151.94564,-32.67595],[151.94261,-32.67546]]],[[[151.95485,-32.68145],[151.95464,-32.68245],[151.95557,-32.68278],[151.95625,-32.68289],[151.95634,-32.68142],[151.95565,-32.68143],[151.9556,-32.68228],[151.95565,-32.68143],[151.95485,-32.68145]]],[[[152.0608,-32.71753],[152.06034,-32.71761],[152.06027,-32.71916],[152.06162,-32.71932],[152.06132,-32.71744],[152.0608,-32.71753]]],[[[152.06267,-32.72254],[152.06149,-32.72303],[152.06249,-32.72451],[152.06338,-32.72397],[152.06267,-32.72254]]],[[[151.99466,-32.70039],[151.99446,-32.70116],[151.99694,-32.70153],[151.99686,-32.70074],[151.99466,-32.70039]]],[[[151.97372,-32.68221],[151.97394,-32.68208],[151.97331,-32.68156],[151.97343,-32.68151],[151.97262,-32.68075],[151.97171,-32.68123],[151.97252,-32.68227],[151.97372,-32.68221]]],[[[151.95495,-32.68351],[151.95537,-32.68642],[151.95592,-32.68626],[151.95562,-32.68353],[151.95495,-32.68351]]],[[[152.06519,-32.71736],[152.06486,-32.71616],[152.06474,-32.71616],[152.06425,-32.71668],[152.06458,-32.718],[152.06541,-32.71844],[152.06589,-32.71797],[152.06519,-32.71736]]],[[[152.05484,-32.74892],[152.05538,-32.74735],[152.05491,-32.7473],[152.05438,-32.74869],[152.05308,-32.75005],[152.05336,-32.75037],[152.05484,-32.74892]]],[[[151.97457,-32.70811],[151.97367,-32.70826],[151.97409,-32.71005],[151.97502,-32.70988],[151.97457,-32.70811]]],[[[152.06039,-32.71616],[152.05936,-32.71616],[152.06032,-32.71758],[152.0616,-32.71731],[152.06039,-32.71616]]],[[[152.05143,-32.7531],[152.05255,-32.75167],[152.05327,-32.75036],[152.05311,-32.75018],[152.05235,-32.75157],[152.05123,-32.75278],[152.05012,-32.75309],[152.04929,-32.75306],[152.04926,-32.75347],[152.05025,-32.75343],[152.05143,-32.7531]]],[[[151.98181,-32.70715],[151.98202,-32.70886],[151.98287,-32.70888],[151.9827,-32.70706],[151.98181,-32.70715]]],[[[151.93277,-32.66432],[151.93235,-32.66299],[151.93228,-32.66298],[151.93232,-32.66432],[151.93248,-32.66474],[151.93305,-32.66502],[151.93427,-32.66491],[151.93475,-32.66463],[151.93523,-32.66418],[151.93582,-32.66385],[151.9357,-32.66363],[151.93506,-32.66394],[151.93418,-32.66482],[151.93329,-32.66471],[151.93277,-32.66432]]],[[[151.98076,-32.68715],[151.97929,-32.68715],[151.97939,-32.68757],[151.97999,-32.68809],[151.98132,-32.68808],[151.98076,-32.68715]]],[[[151.9948,-32.70032],[151.99685,-32.70066],[151.99693,-32.69941],[151.9948,-32.70032]]],[[[151.98137,-32.68816],[151.98006,-32.68817],[151.98163,-32.68954],[151.98217,-32.68951],[151.98137,-32.68816]]],[[[151.9401,-32.67066],[151.93956,-32.66916],[151.93929,-32.66782],[151.93922,-32.66783],[151.93941,-32.66906],[151.94028,-32.6716],[151.94023,-32.67271],[151.93984,-32.67269],[151.93989,-32.67415],[151.94001,-32.67448],[151.94017,-32.67443],[151.9404,-32.6718],[151.9401,-32.67066]]],[[[151.98096,-32.68958],[151.97894,-32.68966],[151.97903,-32.69023],[151.98105,-32.69017],[151.98096,-32.68958]]],[[[151.94341,-32.67619],[151.94172,-32.67575],[151.94163,-32.67587],[151.94331,-32.67631],[151.94527,-32.67669],[151.94589,-32.67673],[151.9486,-32.6766],[151.94855,-32.67632],[151.94603,-32.67661],[151.94527,-32.67656],[151.94341,-32.67619]]],[[[152.06053,-32.71931],[152.06119,-32.72091],[152.06187,-32.72103],[152.06131,-32.7194],[152.06053,-32.71931]]],[[[151.96653,-32.68602],[151.96715,-32.6869],[151.96823,-32.68704],[151.9673,-32.6857],[151.96653,-32.68602]]],[[[152.13501,-32.67164],[152.13294,-32.67222],[152.13302,-32.67249],[152.13527,-32.67227],[152.13501,-32.67164]]],[[[151.98022,-32.68627],[151.9791,-32.6863],[151.97928,-32.68706],[151.9807,-32.68706],[151.98022,-32.68627]]],[[[151.93252,-32.73873],[151.93107,-32.73698],[151.93065,-32.73557],[151.93085,-32.73469],[151.93075,-32.73466],[151.9306,-32.73526],[151.93054,-32.73597],[151.93089,-32.73707],[151.93167,-32.7381],[151.93236,-32.73879],[151.933,-32.73914],[151.93316,-32.73897],[151.93252,-32.73873]]],[[[151.93361,-32.66736],[151.93537,-32.66603],[151.93587,-32.66578],[151.93618,-32.6653],[151.93634,-32.66451],[151.93623,-32.66448],[151.93582,-32.66537],[151.93557,-32.66567],[151.93461,-32.66628],[151.93407,-32.66689],[151.9334,-32.66735],[151.93299,-32.66746],[151.93237,-32.66729],[151.93231,-32.66739],[151.93298,-32.66758],[151.93361,-32.66736]]],[[[151.94066,-32.67439],[151.94091,-32.67152],[151.93993,-32.66812],[151.93977,-32.66817],[151.93986,-32.66855],[151.94074,-32.67151],[151.94068,-32.67286],[151.94053,-32.67388],[151.94057,-32.67441],[151.94066,-32.67439]]],[[[151.93756,-32.6662],[151.93699,-32.66614],[151.93656,-32.66589],[151.93653,-32.66597],[151.93685,-32.66624],[151.93742,-32.66647],[151.9391,-32.66686],[151.93912,-32.6668],[151.93956,-32.66747],[151.9398,-32.66745],[151.93938,-32.6666],[151.93756,-32.6662]]],[[[152.06533,-32.63613],[152.0646,-32.63656],[152.06447,-32.63713],[152.06479,-32.63893],[152.06491,-32.63893],[152.06467,-32.63711],[152.06476,-32.63664],[152.06535,-32.63629],[152.06662,-32.63609],[152.06767,-32.63621],[152.06873,-32.6367],[152.06878,-32.63658],[152.06771,-32.63611],[152.06664,-32.63601],[152.06533,-32.63613]]],[[[151.95092,-32.67491],[151.94855,-32.67563],[151.9486,-32.67582],[151.95094,-32.67511],[151.95263,-32.67524],[151.95254,-32.67507],[151.95092,-32.67491]]],[[[152.06732,-32.72466],[152.0667,-32.72523],[152.06742,-32.72577],[152.06803,-32.7252],[152.06732,-32.72466]]],[[[151.99619,-32.58136],[151.99531,-32.58088],[151.99516,-32.58097],[151.99853,-32.58298],[151.99863,-32.58287],[151.99619,-32.58136]]],[[[151.96383,-32.69005],[151.96277,-32.69023],[151.96289,-32.69075],[151.96394,-32.6905],[151.96383,-32.69005]]],[[[151.9376,-32.66672],[151.93658,-32.6664],[151.93633,-32.66651],[151.93878,-32.66723],[151.93878,-32.66703],[151.9376,-32.66672]]],[[[152.06806,-32.63667],[152.06751,-32.63639],[152.0674,-32.63671],[152.06931,-32.63714],[152.0692,-32.63699],[152.06806,-32.63667]]],[[[152.07013,-32.63622],[152.07121,-32.63541],[152.07112,-32.63529],[152.07006,-32.6361],[152.06922,-32.63657],[152.0693,-32.63669],[152.07013,-32.63622]]],[[[151.95478,-32.67684],[151.95453,-32.6771],[151.95495,-32.67735],[151.95499,-32.67762],[151.95523,-32.67763],[151.95531,-32.67712],[151.95478,-32.67684]]],[[[151.93073,-32.66879],[151.93092,-32.66855],[151.93041,-32.66826],[151.93047,-32.66787],[151.9303,-32.66774],[151.93018,-32.66819],[151.93027,-32.66844],[151.93073,-32.66879]]],[[[152.06382,-32.64302],[152.0612,-32.6425],[152.06118,-32.64263],[152.06273,-32.64283],[152.06381,-32.64311],[152.06382,-32.64302]]],[[[151.98934,-32.66317],[151.98921,-32.66358],[151.98976,-32.66372],[151.9898,-32.66334],[151.98934,-32.66317]]],[[[152.13825,-32.67073],[152.13625,-32.6709],[152.13625,-32.67098],[152.13836,-32.67077],[152.13825,-32.67073]]],[[[151.93729,-32.73678],[151.93707,-32.73676],[151.93689,-32.73718],[151.93705,-32.73726],[151.93729,-32.73678]]],[[[151.93218,-32.66331],[151.93214,-32.66302],[151.93209,-32.66302],[151.93215,-32.66439],[151.93221,-32.66438],[151.93218,-32.66331]]],[[[151.93959,-32.66759],[151.93972,-32.66801],[151.9399,-32.66801],[151.93981,-32.66754],[151.93959,-32.66759]]],[[[151.93377,-32.73937],[151.93366,-32.73957],[151.93334,-32.7398],[151.93416,-32.73945],[151.93377,-32.73937]]],[[[151.93578,-32.66357],[151.9364,-32.66409],[151.93649,-32.66403],[151.93578,-32.66357]]],[[[151.93318,-32.7392],[151.93361,-32.73926],[151.9333,-32.73903],[151.93318,-32.7392]]]]}},{"type":"Feature","properties":{"name":"Class 1 Special Purpose Zone","park":"Batemans","zone":"Special Purpose Zone","spear":"check","kind":"mpa","note":"Zone has its own rules."},"geometry":{"type":"MultiPolygon","coordinates":[[[[150.10238,-36.21178],[150.09748,-36.21146],[150.0956,-36.2126],[150.09435,-36.2129],[150.09418,-36.21415],[150.09471,-36.214],[150.09477,-36.21343],[150.0959,-36.21338],[150.09793,-36.21223],[150.10225,-36.2126],[150.10238,-36.21178]]],[[[150.13726,-35.71636],[150.13823,-35.7163],[150.13796,-35.71506],[150.13719,-35.71505],[150.13784,-35.71494],[150.13711,-35.71334],[150.13659,-35.71343],[150.13688,-35.71426],[150.1369,-35.71502],[150.13681,-35.71606],[150.13698,-35.71757],[150.13693,-35.71813],[150.13773,-35.71818],[150.1376,-35.71932],[150.13836,-35.71943],[150.13865,-35.71815],[150.13843,-35.71728],[150.13751,-35.71742],[150.13747,-35.71729],[150.13843,-35.71722],[150.13824,-35.71637],[150.13726,-35.71642],[150.13726,-35.71636]]],[[[150.09986,-36.21612],[150.10055,-36.21505],[150.09951,-36.21415],[150.09898,-36.2148],[150.09955,-36.21501],[150.09947,-36.21531],[150.09851,-36.21656],[150.09769,-36.21644],[150.09614,-36.21694],[150.09511,-36.21805],[150.0957,-36.21895],[150.09689,-36.21733],[150.09769,-36.21725],[150.09877,-36.21734],[150.09986,-36.21612]]],[[[150.04732,-36.38608],[150.04761,-36.38534],[150.04729,-36.38526],[150.047,-36.38599],[150.04834,-36.38977],[150.04979,-36.39012],[150.05048,-36.38996],[150.05094,-36.38769],[150.05088,-36.38685],[150.05141,-36.38619],[150.05075,-36.38635],[150.05054,-36.38684],[150.04985,-36.38985],[150.04857,-36.38946],[150.04732,-36.38608]]],[[[150.13879,-35.71726],[150.13888,-35.71827],[150.13914,-35.71908],[150.13916,-35.71963],[150.13895,-35.72075],[150.13866,-35.72094],[150.13858,-35.7219],[150.13937,-35.72205],[150.13915,-35.72151],[150.13949,-35.72118],[150.13967,-35.7208],[150.13966,-35.72026],[150.13988,-35.71967],[150.13998,-35.71907],[150.13952,-35.71813],[150.1395,-35.71738],[150.13879,-35.71726]]],[[[150.08874,-36.21945],[150.0885,-36.2195],[150.08873,-36.22056],[150.08937,-36.22213],[150.08957,-36.22372],[150.08919,-36.22401],[150.08922,-36.22419],[150.09001,-36.22381],[150.09019,-36.22328],[150.08937,-36.21957],[150.08914,-36.21934],[150.08874,-36.21945]]],[[[150.1594,-35.70137],[150.15954,-35.70085],[150.15914,-35.7008],[150.15905,-35.70136],[150.15829,-35.70226],[150.15777,-35.70255],[150.15784,-35.70326],[150.15913,-35.70294],[150.15938,-35.703],[150.15973,-35.70225],[150.15971,-35.70143],[150.15942,-35.70143],[150.1594,-35.70137]]],[[[150.07413,-36.22731],[150.07406,-36.2267],[150.07429,-36.22648],[150.07414,-36.22629],[150.07368,-36.22682],[150.0725,-36.22784],[150.07294,-36.22811],[150.07357,-36.22819],[150.0746,-36.22886],[150.07501,-36.22847],[150.07413,-36.22731]]],[[[150.08845,-36.21799],[150.08778,-36.21809],[150.08839,-36.21924],[150.08857,-36.21911],[150.08882,-36.21925],[150.08915,-36.21917],[150.09026,-36.22024],[150.09067,-36.21954],[150.0903,-36.21928],[150.08959,-36.21907],[150.08845,-36.21799]]],[[[150.11281,-36.22595],[150.11294,-36.22648],[150.1127,-36.22712],[150.11243,-36.22746],[150.11089,-36.22777],[150.11024,-36.22853],[150.10941,-36.22871],[150.1081,-36.22877],[150.10808,-36.2289],[150.10941,-36.22889],[150.1103,-36.22864],[150.11094,-36.22796],[150.11241,-36.22766],[150.11298,-36.22726],[150.11339,-36.22651],[150.11376,-36.22628],[150.11486,-36.22659],[150.11498,-36.22636],[150.11488,-36.22642],[150.11332,-36.22581],[150.11281,-36.22595]]],[[[150.06885,-36.22573],[150.06764,-36.22562],[150.0664,-36.22578],[150.06634,-36.22591],[150.06639,-36.22619],[150.06804,-36.22635],[150.06857,-36.22655],[150.06888,-36.22641],[150.06896,-36.22626],[150.06821,-36.22606],[150.06825,-36.22601],[150.06882,-36.22612],[150.06896,-36.22596],[150.06999,-36.2262],[150.07006,-36.22607],[150.06939,-36.22579],[150.06885,-36.22573]]],[[[150.13792,-35.71367],[150.13831,-35.71358],[150.13775,-35.71224],[150.13778,-35.7119],[150.13691,-35.71167],[150.13688,-35.7124],[150.13752,-35.71381],[150.13792,-35.71367]]],[[[150.12018,-35.69312],[150.11978,-35.69291],[150.11894,-35.69291],[150.11708,-35.69347],[150.11799,-35.69326],[150.11886,-35.69317],[150.11975,-35.69327],[150.11968,-35.69372],[150.12231,-35.69413],[150.12332,-35.694],[150.12318,-35.69367],[150.12247,-35.69386],[150.12158,-35.69388],[150.12063,-35.69346],[150.12018,-35.69312]]],[[[150.13869,-35.71459],[150.13839,-35.71365],[150.13791,-35.71373],[150.13792,-35.71382],[150.13757,-35.71391],[150.13806,-35.71499],[150.1383,-35.71579],[150.1389,-35.71579],[150.13889,-35.71515],[150.13869,-35.71459]]],[[[150.13865,-35.71904],[150.13763,-35.72201],[150.13815,-35.72214],[150.13905,-35.71897],[150.13865,-35.71904]]],[[[150.15962,-35.70449],[150.15998,-35.70383],[150.16058,-35.70326],[150.15923,-35.70311],[150.15899,-35.70463],[150.15977,-35.70477],[150.15962,-35.70449]]],[[[150.13612,-35.72469],[150.13639,-35.72462],[150.13637,-35.72377],[150.13664,-35.72344],[150.13616,-35.72333],[150.13548,-35.72425],[150.13569,-35.72505],[150.13637,-35.7254],[150.13612,-35.72469]]],[[[150.12734,-35.69397],[150.12624,-35.69504],[150.12358,-35.69521],[150.12342,-35.69538],[150.12523,-35.69543],[150.1261,-35.69516],[150.12676,-35.69487],[150.12702,-35.69465],[150.12734,-35.69412],[150.12753,-35.69408],[150.12747,-35.69397],[150.12734,-35.69397]]],[[[150.16098,-35.70087],[150.16059,-35.70076],[150.16029,-35.70049],[150.16048,-35.70016],[150.16179,-35.69949],[150.1612,-35.69951],[150.16041,-35.70002],[150.16014,-35.70094],[150.16014,-35.70145],[150.16091,-35.7016],[150.16098,-35.70087]]],[[[150.11125,-36.22962],[150.1125,-36.22952],[150.11262,-36.22912],[150.10981,-36.22955],[150.10989,-36.22983],[150.11125,-36.22962]]],[[[150.13574,-35.72543],[150.13585,-35.72648],[150.13654,-35.72651],[150.13679,-35.72615],[150.13574,-35.72543]]],[[[150.16044,-35.70251],[150.16065,-35.70164],[150.16017,-35.70163],[150.15982,-35.70313],[150.15995,-35.70315],[150.16044,-35.70251]]],[[[150.13772,-35.72057],[150.13815,-35.71943],[150.1376,-35.71937],[150.13738,-35.72126],[150.13746,-35.72126],[150.13772,-35.72057]]],[[[150.0733,-36.22637],[150.07242,-36.227],[150.07275,-36.22746],[150.07365,-36.22668],[150.0733,-36.22637]]],[[[150.13521,-35.72445],[150.13558,-35.72369],[150.13538,-35.72363],[150.13484,-35.72445],[150.13518,-35.7255],[150.13544,-35.7255],[150.13521,-35.72445]]],[[[150.13762,-35.72205],[150.13693,-35.72285],[150.13725,-35.72309],[150.13808,-35.72227],[150.13762,-35.72205]]],[[[150.05514,-36.35367],[150.05496,-36.35302],[150.05476,-36.35305],[150.05496,-36.35379],[150.05657,-36.35419],[150.05706,-36.35419],[150.05514,-36.35367]]],[[[150.15894,-35.70336],[150.15903,-35.70329],[150.15905,-35.70306],[150.15859,-35.70317],[150.1587,-35.70336],[150.15863,-35.70458],[150.15887,-35.70462],[150.15894,-35.70336]]],[[[150.15156,-35.69994],[150.15097,-35.69997],[150.1522,-35.70078],[150.1524,-35.70065],[150.15156,-35.69994]]],[[[150.13866,-35.71363],[150.13846,-35.71366],[150.13904,-35.71547],[150.13924,-35.71545],[150.13866,-35.71363]]],[[[150.13879,-35.71726],[150.13922,-35.71717],[150.13897,-35.71675],[150.13884,-35.71634],[150.13848,-35.71652],[150.13879,-35.71726]]],[[[150.13627,-35.7267],[150.13602,-35.72784],[150.13633,-35.72787],[150.13652,-35.72675],[150.13627,-35.7267]]],[[[150.07267,-36.22582],[150.07262,-36.22605],[150.07331,-36.22626],[150.07359,-36.22651],[150.07396,-36.22623],[150.07267,-36.22582]]],[[[150.15057,-35.69999],[150.14971,-35.70003],[150.15171,-35.70056],[150.15093,-35.70011],[150.15057,-35.69999]]],[[[150.1581,-35.70668],[150.1571,-35.70726],[150.15731,-35.70735],[150.15827,-35.70683],[150.1581,-35.70668]]],[[[150.15286,-35.70091],[150.15261,-35.70103],[150.15312,-35.70172],[150.15334,-35.70162],[150.15286,-35.70091]]],[[[150.15696,-35.6997],[150.15886,-35.69984],[150.15889,-35.69962],[150.15696,-35.6997]]],[[[150.07197,-36.22562],[150.07174,-36.22562],[150.071,-36.22622],[150.07108,-36.2263],[150.07208,-36.22563],[150.07197,-36.22562]]],[[[150.15956,-35.70018],[150.15926,-35.70074],[150.15957,-35.70077],[150.15979,-35.70019],[150.15956,-35.70018]]],[[[150.13631,-35.71159],[150.13615,-35.71162],[150.13647,-35.71237],[150.13663,-35.71232],[150.13631,-35.71159]]],[[[150.13625,-35.71153],[150.13633,-35.71153],[150.1358,-35.71139],[150.13593,-35.71163],[150.13625,-35.71153]]],[[[150.1541,-35.69983],[150.15425,-35.69988],[150.15438,-35.69982],[150.1541,-35.69983]]]]}},{"type":"Feature","properties":{"name":"Fish Rock \u2013 Grey Nurse Shark Critical Habitat","kind":"greynurse","zone":"Critical Habitat","spear":"check","note":"Within 200 m: pelagics only (kingfish OK)."},"geometry":{"type":"MultiPolygon","coordinates":[[[[153.10397,-30.938],[153.10385,-30.93777],[153.10371,-30.9376],[153.10368,-30.93755],[153.10361,-30.93748],[153.10354,-30.9374],[153.10346,-30.93734],[153.10339,-30.93727],[153.10334,-30.93724],[153.10317,-30.93712],[153.10315,-30.93711],[153.10309,-30.93709],[153.10301,-30.93704],[153.10292,-30.937],[153.10282,-30.93696],[153.10273,-30.93693],[153.10264,-30.93689],[153.10256,-30.93687],[153.10247,-30.93684],[153.10238,-30.93683],[153.10229,-30.93682],[153.1022,-30.93681],[153.10211,-30.93681],[153.10205,-30.93675],[153.1019,-30.93664],[153.10187,-30.93661],[153.10177,-30.93655],[153.10167,-30.9365],[153.10157,-30.93645],[153.10147,-30.9364],[153.10136,-30.93637],[153.10125,-30.93634],[153.10114,-30.93632],[153.10103,-30.9363],[153.10092,-30.93629],[153.1008,-30.93629],[153.10069,-30.9363],[153.10058,-30.93631],[153.10047,-30.93633],[153.10036,-30.93635],[153.10025,-30.93639],[153.10014,-30.93643],[153.10004,-30.93648],[153.09994,-30.93653],[153.09984,-30.93658],[153.09962,-30.9367],[153.09958,-30.93672],[153.0995,-30.93678],[153.09942,-30.93684],[153.09934,-30.93691],[153.09926,-30.93698],[153.09919,-30.93705],[153.09913,-30.93713],[153.09907,-30.93721],[153.09901,-30.9373],[153.09896,-30.93739],[153.09892,-30.93748],[153.09888,-30.93758],[153.09884,-30.93765],[153.09881,-30.93773],[153.09878,-30.93781],[153.09876,-30.93789],[153.09875,-30.93792],[153.0987,-30.93814],[153.09869,-30.9384],[153.09869,-30.93848],[153.09866,-30.93873],[153.09865,-30.93884],[153.09864,-30.93894],[153.09865,-30.93905],[153.09865,-30.93916],[153.09867,-30.93927],[153.09869,-30.93937],[153.09871,-30.93948],[153.09875,-30.93958],[153.09879,-30.93968],[153.09884,-30.93978],[153.09888,-30.93987],[153.09893,-30.93997],[153.09898,-30.94006],[153.09904,-30.94014],[153.0991,-30.94023],[153.09917,-30.9403],[153.09923,-30.94035],[153.09927,-30.9404],[153.09931,-30.94044],[153.09938,-30.9405],[153.09945,-30.94056],[153.09952,-30.94062],[153.0996,-30.94067],[153.09968,-30.94072],[153.09976,-30.94076],[153.09985,-30.9408],[153.09989,-30.94082],[153.09996,-30.94087],[153.10003,-30.94091],[153.10012,-30.94097],[153.10022,-30.94103],[153.10032,-30.94108],[153.10042,-30.94113],[153.10053,-30.94117],[153.10064,-30.9412],[153.10075,-30.94122],[153.10086,-30.94124],[153.10097,-30.94125],[153.10108,-30.94125],[153.10112,-30.94125],[153.10137,-30.94124],[153.10147,-30.94125],[153.10158,-30.94126],[153.10168,-30.94126],[153.10179,-30.94126],[153.10189,-30.94125],[153.10199,-30.94123],[153.1021,-30.94121],[153.10214,-30.9412],[153.10224,-30.94117],[153.10234,-30.94114],[153.10244,-30.9411],[153.10254,-30.94105],[153.10263,-30.941],[153.10272,-30.94094],[153.10281,-30.94087],[153.10289,-30.94081],[153.10297,-30.94073],[153.10304,-30.94065],[153.10311,-30.94057],[153.10317,-30.94049],[153.10323,-30.9404],[153.10328,-30.9403],[153.1033,-30.94028],[153.10333,-30.94027],[153.10339,-30.94023],[153.10346,-30.94017],[153.10354,-30.9401],[153.1036,-30.94004],[153.10367,-30.93996],[153.10373,-30.93989],[153.10379,-30.93981],[153.10384,-30.93973],[153.1039,-30.93963],[153.10395,-30.93953],[153.104,-30.93943],[153.10404,-30.93932],[153.10407,-30.93922],[153.10409,-30.93911],[153.10411,-30.93899],[153.10413,-30.93888],[153.10413,-30.93877],[153.10413,-30.93866],[153.10412,-30.93854],[153.1041,-30.93843],[153.10408,-30.93832],[153.10405,-30.93821],[153.10401,-30.9381],[153.10397,-30.938]],[[153.10067,-30.93818],[153.10074,-30.93817],[153.10079,-30.93814],[153.1008,-30.93812],[153.10083,-30.93809],[153.10087,-30.93811],[153.10088,-30.93814],[153.10092,-30.93818],[153.10096,-30.9382],[153.10097,-30.93822],[153.10093,-30.93824],[153.101,-30.93829],[153.10101,-30.93834],[153.10103,-30.93838],[153.10109,-30.93846],[153.10113,-30.9385],[153.10118,-30.93857],[153.10124,-30.93862],[153.10125,-30.93866],[153.10122,-30.93868],[153.10125,-30.93872],[153.10127,-30.93876],[153.10126,-30.93879],[153.10126,-30.93883],[153.10122,-30.93886],[153.10121,-30.93889],[153.10124,-30.93893],[153.10127,-30.93898],[153.10127,-30.93902],[153.10126,-30.93905],[153.10128,-30.93911],[153.10136,-30.93916],[153.10142,-30.93924],[153.10149,-30.93925],[153.10157,-30.93928],[153.10162,-30.93929],[153.10168,-30.93935],[153.10169,-30.9394],[153.1017,-30.93945],[153.10166,-30.93947],[153.1016,-30.93943],[153.10153,-30.93939],[153.10149,-30.93938],[153.10145,-30.93934],[153.10137,-30.93929],[153.10132,-30.93929],[153.10129,-30.93926],[153.10124,-30.93922],[153.10119,-30.93919],[153.10117,-30.93916],[153.1011,-30.93909],[153.10104,-30.93905],[153.10099,-30.93907],[153.10099,-30.9391],[153.10097,-30.93914],[153.101,-30.93919],[153.10105,-30.93924],[153.10106,-30.93928],[153.10108,-30.93932],[153.10108,-30.93936],[153.1011,-30.93939],[153.10112,-30.93942],[153.10112,-30.93945],[153.10108,-30.93945],[153.10103,-30.93941],[153.10099,-30.93939],[153.10093,-30.93935],[153.10089,-30.93932],[153.10087,-30.93927],[153.10081,-30.93923],[153.10079,-30.93922],[153.10076,-30.93917],[153.10071,-30.93915],[153.10069,-30.93912],[153.10067,-30.93909],[153.10067,-30.93904],[153.10065,-30.93901],[153.10058,-30.93899],[153.10054,-30.93896],[153.10056,-30.93894],[153.10062,-30.93894],[153.10066,-30.93894],[153.10055,-30.93889],[153.10054,-30.93885],[153.10048,-30.9388],[153.10047,-30.93878],[153.10047,-30.93873],[153.10051,-30.93873],[153.10056,-30.93876],[153.10062,-30.93876],[153.10064,-30.93872],[153.10062,-30.93866],[153.1006,-30.93861],[153.1006,-30.93858],[153.10058,-30.93855],[153.10055,-30.93852],[153.10052,-30.93851],[153.10053,-30.93847],[153.10059,-30.93848],[153.10063,-30.93848],[153.1006,-30.93843],[153.10057,-30.93842],[153.10053,-30.93844],[153.10048,-30.9384],[153.1005,-30.93836],[153.10053,-30.93834],[153.10057,-30.93834],[153.1006,-30.93835],[153.1006,-30.9383],[153.10055,-30.93824],[153.10057,-30.93822],[153.10061,-30.93823],[153.10065,-30.93823],[153.10067,-30.93818]],[[153.10224,-30.9388],[153.10222,-30.93878],[153.10219,-30.93876],[153.10218,-30.93873],[153.10215,-30.9387],[153.10212,-30.93869],[153.1021,-30.93866],[153.10208,-30.93862],[153.10212,-30.93861],[153.10215,-30.93864],[153.10218,-30.93866],[153.10222,-30.93865],[153.10225,-30.93867],[153.1023,-30.9387],[153.10233,-30.93875],[153.1023,-30.93875],[153.1023,-30.93878],[153.10227,-30.93882],[153.10224,-30.9388]],[[153.10053,-30.93901],[153.10058,-30.93904],[153.10062,-30.93907],[153.10064,-30.93911],[153.10064,-30.93914],[153.10059,-30.93917],[153.10054,-30.93913],[153.10049,-30.93908],[153.10049,-30.93903],[153.10045,-30.93897],[153.10053,-30.93901]]]]}},{"type":"Feature","properties":{"name":"Julian Rocks \u2013 Grey Nurse Shark Critical Habitat","kind":"greynurse","zone":"Critical Habitat","spear":"ok","note":""},"geometry":{"type":"MultiPolygon","coordinates":[[[[153.6318,-28.61026],[153.63136,-28.60968],[153.63106,-28.60946],[153.63079,-28.6093],[153.63042,-28.60913],[153.62964,-28.60899],[153.62939,-28.60901],[153.62906,-28.60904],[153.62852,-28.60917],[153.62809,-28.60939],[153.62777,-28.6096],[153.62755,-28.60968],[153.6269,-28.61007],[153.62646,-28.61066],[153.62638,-28.61085],[153.62626,-28.61124],[153.62625,-28.61129],[153.62622,-28.61138],[153.62615,-28.61167],[153.62611,-28.61203],[153.62627,-28.61272],[153.6264,-28.61295],[153.6266,-28.61323],[153.62691,-28.61359],[153.62743,-28.61392],[153.62769,-28.61403],[153.62776,-28.61405],[153.62783,-28.61409],[153.6286,-28.61422],[153.62886,-28.61422],[153.62887,-28.61422],[153.62887,-28.61422],[153.62951,-28.61413],[153.62989,-28.61402],[153.62995,-28.61398],[153.63004,-28.61397],[153.6307,-28.61358],[153.63088,-28.61339],[153.63108,-28.61316],[153.63133,-28.61276],[153.63143,-28.61252],[153.63148,-28.61232],[153.63159,-28.61218],[153.63178,-28.61186],[153.63185,-28.61157],[153.63187,-28.6115],[153.6319,-28.6114],[153.63193,-28.6112],[153.63193,-28.61117],[153.63193,-28.61116],[153.63196,-28.61095],[153.6318,-28.61026]],[[153.62976,-28.61097],[153.6298,-28.611],[153.62978,-28.61105],[153.62977,-28.61109],[153.62974,-28.61114],[153.62972,-28.61117],[153.62967,-28.61121],[153.62963,-28.61121],[153.62959,-28.61119],[153.62955,-28.6112],[153.62951,-28.61122],[153.6295,-28.61126],[153.62948,-28.61129],[153.62946,-28.6113],[153.62942,-28.61132],[153.62941,-28.61136],[153.62939,-28.61142],[153.62936,-28.61145],[153.62934,-28.61146],[153.6293,-28.61146],[153.62928,-28.61148],[153.62933,-28.6115],[153.62934,-28.61153],[153.62937,-28.61157],[153.62938,-28.61163],[153.62938,-28.61168],[153.62933,-28.61173],[153.62928,-28.61179],[153.62922,-28.61183],[153.62915,-28.61183],[153.62911,-28.61183],[153.62905,-28.61182],[153.62902,-28.6118],[153.629,-28.61175],[153.62899,-28.61172],[153.62894,-28.61173],[153.62891,-28.61175],[153.62889,-28.61178],[153.62885,-28.61181],[153.62882,-28.61185],[153.62882,-28.61189],[153.62882,-28.61193],[153.62882,-28.61199],[153.62887,-28.612],[153.62889,-28.61204],[153.62888,-28.61208],[153.62884,-28.61212],[153.6288,-28.61216],[153.62876,-28.61219],[153.62873,-28.61222],[153.62869,-28.61225],[153.62863,-28.61225],[153.6286,-28.61227],[153.62856,-28.61227],[153.62851,-28.6123],[153.62846,-28.6123],[153.6284,-28.61228],[153.62836,-28.61226],[153.62833,-28.61221],[153.62831,-28.61218],[153.62829,-28.61214],[153.62826,-28.6121],[153.62824,-28.61207],[153.62823,-28.61205],[153.6282,-28.61198],[153.62819,-28.61191],[153.62819,-28.61186],[153.62822,-28.61182],[153.62827,-28.61183],[153.62832,-28.61174],[153.62836,-28.61169],[153.62838,-28.61164],[153.62841,-28.61163],[153.62845,-28.61159],[153.62848,-28.61157],[153.62848,-28.61154],[153.62845,-28.6115],[153.62845,-28.61146],[153.62845,-28.61142],[153.62847,-28.61139],[153.6285,-28.61138],[153.6285,-28.61132],[153.62849,-28.61128],[153.62852,-28.61127],[153.62857,-28.61126],[153.62859,-28.61128],[153.62862,-28.61132],[153.62865,-28.61135],[153.62871,-28.61136],[153.62872,-28.61141],[153.62873,-28.61142],[153.62877,-28.61144],[153.62879,-28.61144],[153.62878,-28.6114],[153.62876,-28.61135],[153.62874,-28.61129],[153.62872,-28.61121],[153.62873,-28.61117],[153.62875,-28.61114],[153.6288,-28.61111],[153.62885,-28.61108],[153.6289,-28.61108],[153.62896,-28.61108],[153.629,-28.6111],[153.62906,-28.61112],[153.62907,-28.61108],[153.62907,-28.61103],[153.62908,-28.61098],[153.62909,-28.61094],[153.62913,-28.61093],[153.62917,-28.61093],[153.62921,-28.6109],[153.62925,-28.61092],[153.62929,-28.61095],[153.62933,-28.61097],[153.62939,-28.61098],[153.62945,-28.61096],[153.6295,-28.61093],[153.62953,-28.61088],[153.62954,-28.61084],[153.62957,-28.6108],[153.62961,-28.6108],[153.62964,-28.6108],[153.62968,-28.61083],[153.62973,-28.61088],[153.62974,-28.61093],[153.62976,-28.61097]],[[153.62913,-28.61207],[153.62911,-28.61203],[153.62911,-28.61203],[153.6291,-28.61197],[153.62911,-28.61193],[153.62917,-28.61191],[153.62925,-28.6119],[153.62929,-28.61191],[153.62932,-28.61193],[153.62933,-28.61198],[153.6293,-28.61204],[153.62925,-28.61208],[153.6292,-28.6121],[153.62916,-28.6121],[153.62913,-28.61207]]]]}},{"type":"Feature","properties":{"name":"North Solitary Island \u2013 Grey Nurse Shark Aggregation Site","kind":"greynurse","zone":"Aggregation Site","spear":"ok","note":""},"geometry":{"type":"MultiPolygon","coordinates":[[[[153.39019,-29.92413],[153.39028,-29.92408],[153.39029,-29.92408],[153.39058,-29.9239],[153.39084,-29.92368],[153.39104,-29.92342],[153.3912,-29.92313],[153.39129,-29.92283],[153.39132,-29.92252],[153.39129,-29.9222],[153.3912,-29.9219],[153.39104,-29.92161],[153.39084,-29.92136],[153.39058,-29.92113],[153.39029,-29.92095],[153.38996,-29.92082],[153.38961,-29.92074],[153.38925,-29.92071],[153.38889,-29.92074],[153.38854,-29.92082],[153.38821,-29.92095],[153.38792,-29.92113],[153.38766,-29.92136],[153.38746,-29.92161],[153.3873,-29.9219],[153.38721,-29.9222],[153.38718,-29.92252],[153.3872,-29.92273],[153.38903,-29.92273],[153.38903,-29.92305],[153.38903,-29.92332],[153.38903,-29.92333],[153.38906,-29.92334],[153.38909,-29.92334],[153.38917,-29.92326],[153.38922,-29.92327],[153.38926,-29.92326],[153.38932,-29.92326],[153.38934,-29.92325],[153.38939,-29.92326],[153.38942,-29.92329],[153.38945,-29.92331],[153.3895,-29.92332],[153.38955,-29.92335],[153.3896,-29.92342],[153.38961,-29.92346],[153.38965,-29.9235],[153.38965,-29.92351],[153.38973,-29.92358],[153.38976,-29.92361],[153.38978,-29.92366],[153.38982,-29.9237],[153.38987,-29.92376],[153.38993,-29.92384],[153.38996,-29.92387],[153.38998,-29.92389],[153.39001,-29.92392],[153.39004,-29.92395],[153.39005,-29.92397],[153.39008,-29.92401],[153.39011,-29.92405],[153.39015,-29.92408],[153.39019,-29.92413]]]]}},{"type":"Feature","properties":{"name":"South Solitary Island \u2013 Grey Nurse Shark Aggregation Site","kind":"greynurse","zone":"Aggregation Site","spear":"ok","note":""},"geometry":{"type":"MultiPolygon","coordinates":[[[[153.26783,-30.20413],[153.2681,-30.20415],[153.26846,-30.20413],[153.26881,-30.20405],[153.26914,-30.20391],[153.26943,-30.20373],[153.26969,-30.20351],[153.2699,-30.20325],[153.27005,-30.20297],[153.27015,-30.20266],[153.27018,-30.20235],[153.27015,-30.20204],[153.27005,-30.20173],[153.2699,-30.20145],[153.26969,-30.20119],[153.26943,-30.20097],[153.26914,-30.20079],[153.26881,-30.20066],[153.26846,-30.20057],[153.2681,-30.20055],[153.26774,-30.20057],[153.26739,-30.20066],[153.26706,-30.20079],[153.26676,-30.20097],[153.26651,-30.20119],[153.2663,-30.20145],[153.26619,-30.20166],[153.26632,-30.2016],[153.26657,-30.20152],[153.26677,-30.20147],[153.267,-30.20142],[153.26727,-30.20143],[153.26752,-30.20152],[153.2677,-30.20164],[153.26781,-30.20173],[153.26791,-30.20186],[153.268,-30.20202],[153.2681,-30.20229],[153.26815,-30.20262],[153.26818,-30.20296],[153.26816,-30.20319],[153.26817,-30.20331],[153.26815,-30.20351],[153.2681,-30.20369],[153.26805,-30.2038],[153.26794,-30.20398],[153.26786,-30.2041],[153.26783,-30.20413]]]]}},{"type":"Feature","properties":{"name":"The Pinnacle \u2013 Grey Nurse Shark Critical Habitat","kind":"greynurse","zone":"Critical Habitat","spear":"ok","note":""},"geometry":{"type":"MultiPolygon","coordinates":[[[[152.6033,-32.2285],[152.60327,-32.22819],[152.60318,-32.22788],[152.60302,-32.2276],[152.60281,-32.22734],[152.60255,-32.22712],[152.60225,-32.22693],[152.60191,-32.2268],[152.60156,-32.22672],[152.60119,-32.22669],[152.60082,-32.22672],[152.60046,-32.2268],[152.60013,-32.22693],[152.59982,-32.22711],[152.59956,-32.22733],[152.59935,-32.22759],[152.59919,-32.22787],[152.59909,-32.22817],[152.59906,-32.22849],[152.59909,-32.2288],[152.59918,-32.2291],[152.59934,-32.22939],[152.59955,-32.22965],[152.59981,-32.22987],[152.60011,-32.23005],[152.60045,-32.23019],[152.60081,-32.23027],[152.60117,-32.2303],[152.60154,-32.23027],[152.6019,-32.23019],[152.60224,-32.23006],[152.60254,-32.22988],[152.6028,-32.22966],[152.60302,-32.2294],[152.60317,-32.22912],[152.60327,-32.22881],[152.6033,-32.2285]]]]}},{"type":"Feature","properties":{"name":"Green Island \u2013 Grey Nurse Shark Critical Habitat","kind":"greynurse","zone":"Critical Habitat","spear":"ok","note":""},"geometry":{"type":"MultiPolygon","coordinates":[[[[153.09299,-30.91003],[153.09295,-30.90994],[153.0929,-30.90985],[153.09284,-30.90976],[153.09278,-30.90968],[153.09271,-30.90959],[153.09264,-30.90952],[153.09257,-30.90945],[153.09249,-30.90938],[153.0924,-30.90932],[153.09232,-30.90926],[153.09223,-30.90921],[153.09217,-30.90913],[153.0921,-30.90906],[153.09204,-30.909],[153.09196,-30.90893],[153.09182,-30.90882],[153.09174,-30.90875],[153.09165,-30.90869],[153.09156,-30.90863],[153.09146,-30.90858],[153.09136,-30.90854],[153.09126,-30.9085],[153.09116,-30.90847],[153.09105,-30.90845],[153.09095,-30.90843],[153.09084,-30.90842],[153.09074,-30.90839],[153.09064,-30.90838],[153.09053,-30.90837],[153.09043,-30.90837],[153.09033,-30.90837],[153.09007,-30.90839],[153.08997,-30.9084],[153.08986,-30.90841],[153.08976,-30.90844],[153.08966,-30.90846],[153.08956,-30.9085],[153.08946,-30.90854],[153.08937,-30.90858],[153.08919,-30.90867],[153.08904,-30.90876],[153.08885,-30.9089],[153.08872,-30.90901],[153.08865,-30.90907],[153.08854,-30.90918],[153.08838,-30.90934],[153.08831,-30.90944],[153.08818,-30.90961],[153.08814,-30.90968],[153.08808,-30.90977],[153.08802,-30.90986],[153.08796,-30.90996],[153.08792,-30.91006],[153.08791,-30.91007],[153.08792,-30.91008],[153.08797,-30.91009],[153.08801,-30.91012],[153.08805,-30.91014],[153.08808,-30.91016],[153.08818,-30.91023],[153.08821,-30.91025],[153.08829,-30.9103],[153.08839,-30.91033],[153.08841,-30.91034],[153.08856,-30.9104],[153.08859,-30.91041],[153.08872,-30.91048],[153.08874,-30.91049],[153.08881,-30.91053],[153.08887,-30.91059],[153.08897,-30.91072],[153.089,-30.91076],[153.08903,-30.9108],[153.08905,-30.91085],[153.08906,-30.9109],[153.08907,-30.91094],[153.08909,-30.9111],[153.0891,-30.91117],[153.0891,-30.9112],[153.08909,-30.91134],[153.08909,-30.91139],[153.08907,-30.91145],[153.08903,-30.91156],[153.08903,-30.91157],[153.08906,-30.91161],[153.08922,-30.91185],[153.08924,-30.91189],[153.08926,-30.91193],[153.08927,-30.91198],[153.08929,-30.91202],[153.08931,-30.91213],[153.08931,-30.91221],[153.08931,-30.91228],[153.08927,-30.9125],[153.08927,-30.91252],[153.08924,-30.91266],[153.08922,-30.91281],[153.08921,-30.91286],[153.08918,-30.91295],[153.08917,-30.91297],[153.08915,-30.91302],[153.08913,-30.91305],[153.08911,-30.9131],[153.08908,-30.91314],[153.08909,-30.91315],[153.08928,-30.91326],[153.08947,-30.91335],[153.08957,-30.91339],[153.08966,-30.91343],[153.08976,-30.91346],[153.08986,-30.91349],[153.08996,-30.91351],[153.09006,-30.91352],[153.09016,-30.91353],[153.09027,-30.91353],[153.09047,-30.91353],[153.09071,-30.91351],[153.09097,-30.91345],[153.09107,-30.91346],[153.09118,-30.91346],[153.09128,-30.91346],[153.09138,-30.91345],[153.09149,-30.91343],[153.09159,-30.91341],[153.09169,-30.91338],[153.09181,-30.91334],[153.09191,-30.91331],[153.092,-30.91327],[153.09209,-30.91323],[153.09218,-30.91318],[153.09226,-30.91313],[153.09235,-30.91307],[153.09242,-30.91301],[153.0925,-30.91294],[153.09257,-30.91287],[153.09268,-30.91276],[153.09274,-30.9127],[153.09281,-30.91262],[153.09288,-30.91253],[153.09294,-30.91244],[153.093,-30.91235],[153.09305,-30.91225],[153.09309,-30.91215],[153.09313,-30.91205],[153.09316,-30.91195],[153.09319,-30.91184],[153.09321,-30.91174],[153.09322,-30.91163],[153.09323,-30.91152],[153.09323,-30.91144],[153.09323,-30.91141],[153.09324,-30.9113],[153.09325,-30.91119],[153.09324,-30.91108],[153.09324,-30.91098],[153.09322,-30.91087],[153.0932,-30.91077],[153.09317,-30.91066],[153.09314,-30.91052],[153.09313,-30.9105],[153.0931,-30.91036],[153.09308,-30.91027],[153.09299,-30.91003]],[[153.09007,-30.91164],[153.08977,-30.91141],[153.08966,-30.91131],[153.08963,-30.91128],[153.08955,-30.91117],[153.08952,-30.91096],[153.08956,-30.91077],[153.08963,-30.91071],[153.0897,-30.91058],[153.08977,-30.91049],[153.08988,-30.91038],[153.09001,-30.91027],[153.09019,-30.91018],[153.09044,-30.91016],[153.09055,-30.91021],[153.09068,-30.9102],[153.09082,-30.91032],[153.09088,-30.91042],[153.09099,-30.91053],[153.09109,-30.91064],[153.0912,-30.91073],[153.09135,-30.91078],[153.09136,-30.91078],[153.09139,-30.91092],[153.09137,-30.91099],[153.09145,-30.91119],[153.09144,-30.9113],[153.09143,-30.91146],[153.09137,-30.91153],[153.09124,-30.91156],[153.09127,-30.91163],[153.09115,-30.91167],[153.09099,-30.91159],[153.09088,-30.9116],[153.09046,-30.91173],[153.09026,-30.91173],[153.09007,-30.91164]]]]}},{"type":"Feature","properties":{"name":"Big and Little Seal Rocks \u2013 Grey Nurse Shark Critical Habitat","kind":"greynurse","zone":"Critical Habitat","spear":"ok","note":""},"geometry":{"type":"MultiPolygon","coordinates":[[[[152.54458,-32.4744],[152.54474,-32.47509],[152.5452,-32.47568],[152.54589,-32.47607],[152.5467,-32.47621],[152.54716,-32.47617],[152.54776,-32.47606],[152.54812,-32.47597],[152.54881,-32.47558],[152.54927,-32.47499],[152.54935,-32.47468],[152.55489,-32.46423],[152.55507,-32.46401],[152.55517,-32.46375],[152.55531,-32.4633],[152.55532,-32.46324],[152.55534,-32.46316],[152.55541,-32.46282],[152.55544,-32.46253],[152.55544,-32.46253],[152.55544,-32.46225],[152.55544,-32.46224],[152.55544,-32.46224],[152.55534,-32.46167],[152.55527,-32.46151],[152.55519,-32.4614],[152.55516,-32.46127],[152.55503,-32.46104],[152.55465,-32.46059],[152.55463,-32.46057],[152.55457,-32.46052],[152.55456,-32.46051],[152.55456,-32.46051],[152.55388,-32.46012],[152.55306,-32.45998],[152.55225,-32.46011],[152.55156,-32.4605],[152.55149,-32.46056],[152.55149,-32.46056],[152.55149,-32.46056],[152.55109,-32.46102],[152.55068,-32.4617],[152.55067,-32.46175],[152.55063,-32.4618],[152.55045,-32.46214],[152.55028,-32.46243],[152.55026,-32.46249],[152.55022,-32.46255],[152.55015,-32.46281],[152.54494,-32.47313],[152.54475,-32.47337],[152.54459,-32.47405],[152.54458,-32.47439],[152.54458,-32.4744],[152.54458,-32.4744]],[[152.5468,-32.474],[152.54687,-32.47393],[152.547,-32.47402],[152.54713,-32.47404],[152.54717,-32.47422],[152.54723,-32.4744],[152.54713,-32.47445],[152.547,-32.47445],[152.54693,-32.4745],[152.54687,-32.47447],[152.54687,-32.47434],[152.54685,-32.4742],[152.5468,-32.47412],[152.5468,-32.474]],[[152.55261,-32.46289],[152.5528,-32.46264],[152.55289,-32.46254],[152.55289,-32.46245],[152.55297,-32.46225],[152.55304,-32.46204],[152.55309,-32.46198],[152.55316,-32.46201],[152.55321,-32.46209],[152.55323,-32.46221],[152.5533,-32.46235],[152.5533,-32.46251],[152.55334,-32.46264],[152.55334,-32.46285],[152.55333,-32.46298],[152.55324,-32.46304],[152.55316,-32.46307],[152.55309,-32.46311],[152.55317,-32.46316],[152.55313,-32.46321],[152.55307,-32.46319],[152.55301,-32.46326],[152.55297,-32.46335],[152.55289,-32.46345],[152.55279,-32.46346],[152.5527,-32.46344],[152.55266,-32.46339],[152.55267,-32.46332],[152.55263,-32.46329],[152.55257,-32.46332],[152.5525,-32.46331],[152.55246,-32.46318],[152.55261,-32.46289]]]]}},{"type":"Feature","properties":{"name":"Little Broughton Island \u2013 Grey Nurse Shark Critical Habitat","kind":"greynurse","zone":"Critical Habitat","spear":"ok","note":""},"geometry":{"type":"MultiPolygon","coordinates":[[[[152.33199,-32.61502],[152.33197,-32.61502],[152.33195,-32.61502],[152.33193,-32.61501],[152.33191,-32.61501],[152.3319,-32.615],[152.33188,-32.615],[152.33186,-32.615],[152.33176,-32.61499],[152.33158,-32.615],[152.33139,-32.61497],[152.33126,-32.61496],[152.33107,-32.61496],[152.33091,-32.61492],[152.33015,-32.61492],[152.32942,-32.61502],[152.32932,-32.61505],[152.32928,-32.61507],[152.32923,-32.61508],[152.3287,-32.61536],[152.32987,-32.61648],[152.33019,-32.61648],[152.33033,-32.61648],[152.33067,-32.61726],[152.33067,-32.61749],[152.33087,-32.61822],[152.33068,-32.61839],[152.33048,-32.61828],[152.33061,-32.61816],[152.33047,-32.618],[152.33021,-32.61788],[152.32973,-32.61749],[152.32956,-32.61731],[152.32946,-32.61737],[152.33108,-32.61882],[152.33127,-32.61805],[152.3314,-32.61731],[152.33306,-32.61657],[152.3336,-32.61741],[152.33327,-32.61753],[152.33307,-32.61775],[152.33314,-32.61815],[152.33341,-32.61848],[152.33361,-32.61854],[152.33388,-32.61887],[152.33388,-32.61944],[152.33362,-32.61944],[152.33362,-32.61989],[152.33456,-32.61999],[152.33489,-32.61999],[152.33522,-32.61982],[152.33549,-32.61993],[152.33582,-32.6201],[152.33609,-32.62004],[152.33589,-32.61982],[152.33609,-32.6197],[152.33629,-32.61981],[152.33636,-32.62004],[152.33656,-32.62032],[152.33683,-32.62054],[152.33703,-32.62093],[152.33696,-32.62105],[152.3367,-32.62099],[152.33643,-32.62071],[152.33609,-32.62038],[152.33589,-32.62049],[152.33603,-32.62066],[152.33623,-32.62094],[152.33637,-32.62133],[152.3365,-32.62184],[152.33664,-32.62246],[152.33672,-32.62324],[152.33655,-32.62374],[152.33826,-32.62528],[152.33826,-32.62527],[152.33828,-32.62526],[152.3383,-32.62523],[152.33836,-32.62518],[152.33839,-32.62515],[152.3386,-32.62486],[152.33861,-32.62485],[152.33875,-32.62468],[152.33877,-32.62463],[152.33877,-32.62463],[152.33877,-32.62463],[152.3388,-32.62451],[152.33894,-32.62394],[152.33898,-32.62394],[152.33894,-32.62393],[152.33899,-32.62388],[152.33903,-32.62382],[152.33906,-32.62371],[152.33908,-32.62362],[152.33911,-32.62351],[152.33911,-32.62341],[152.33911,-32.6233],[152.33911,-32.62315],[152.33909,-32.62304],[152.33916,-32.62283],[152.3392,-32.62268],[152.33923,-32.62253],[152.33924,-32.62232],[152.33924,-32.62223],[152.33924,-32.62213],[152.33922,-32.622],[152.33922,-32.6219],[152.33921,-32.62175],[152.33918,-32.62121],[152.33918,-32.62121],[152.33918,-32.6212],[152.33918,-32.62117],[152.33902,-32.62049],[152.33895,-32.62039],[152.33877,-32.62011],[152.33852,-32.61981],[152.33851,-32.61981],[152.3385,-32.61979],[152.33849,-32.61977],[152.33847,-32.61975],[152.33842,-32.61966],[152.33837,-32.6195],[152.33834,-32.61946],[152.33833,-32.61944],[152.33819,-32.61916],[152.33813,-32.61909],[152.33785,-32.6187],[152.3378,-32.61865],[152.33776,-32.61862],[152.33774,-32.61859],[152.33772,-32.61858],[152.33769,-32.61854],[152.3371,-32.61809],[152.33678,-32.61783],[152.33672,-32.61776],[152.33668,-32.61773],[152.33665,-32.61769],[152.33661,-32.61765],[152.33656,-32.61759],[152.33649,-32.61751],[152.33642,-32.61746],[152.33638,-32.61741],[152.33633,-32.61738],[152.33628,-32.6173],[152.33619,-32.61719],[152.33611,-32.61712],[152.33602,-32.61703],[152.33596,-32.61698],[152.33592,-32.61691],[152.33582,-32.61678],[152.33578,-32.61675],[152.33575,-32.61671],[152.33571,-32.61667],[152.33569,-32.61664],[152.33565,-32.61661],[152.33558,-32.61655],[152.33551,-32.61648],[152.33542,-32.61642],[152.33533,-32.61635],[152.33527,-32.6163],[152.33517,-32.61621],[152.33505,-32.61611],[152.33462,-32.61575],[152.33439,-32.61562],[152.33414,-32.61553],[152.33384,-32.61539],[152.33323,-32.61515],[152.33304,-32.61511],[152.33303,-32.61511],[152.33303,-32.61511],[152.33297,-32.61511],[152.33294,-32.61511],[152.33225,-32.61506],[152.33223,-32.61505],[152.33221,-32.61505],[152.33218,-32.61505],[152.33215,-32.61505],[152.33212,-32.61504],[152.33211,-32.61504],[152.33209,-32.61504],[152.33207,-32.61503],[152.33206,-32.61503],[152.33205,-32.61503],[152.33202,-32.61503],[152.33199,-32.61502]]]]}},{"type":"Feature","properties":{"name":"Mermaid Reef \u2013 Grey Nurse Shark Aggregation Site","kind":"greynurse","zone":"Aggregation Site","spear":"ok","note":""},"geometry":{"type":"MultiPolygon","coordinates":[[[[152.81137,-31.76881],[152.811,-31.76884],[152.81064,-31.76892],[152.81031,-31.76906],[152.81001,-31.76923],[152.80975,-31.76946],[152.80954,-31.76972],[152.80938,-31.77],[152.80929,-31.7703],[152.80926,-31.77062],[152.80929,-31.77093],[152.80938,-31.77123],[152.80954,-31.77152],[152.80975,-31.77178],[152.81001,-31.772],[152.81031,-31.77218],[152.81064,-31.77231],[152.811,-31.77239],[152.81137,-31.77242],[152.81173,-31.77239],[152.81209,-31.77231],[152.81242,-31.77218],[152.81272,-31.772],[152.81298,-31.77178],[152.8132,-31.77152],[152.81335,-31.77123],[152.81345,-31.77093],[152.81348,-31.77062],[152.81345,-31.7703],[152.81335,-31.77],[152.8132,-31.76972],[152.81298,-31.76946],[152.81272,-31.76923],[152.81242,-31.76906],[152.81209,-31.76892],[152.81173,-31.76884],[152.81137,-31.76881]]]]}},{"type":"Feature","properties":{"name":"Magic Point \u2013 Grey Nurse Shark Critical Habitat","kind":"greynurse","zone":"Critical Habitat","spear":"ok","note":""},"geometry":{"type":"MultiPolygon","coordinates":[[[[151.26554,-33.95741],[151.26558,-33.95739],[151.26589,-33.95721],[151.26615,-33.95699],[151.26637,-33.95673],[151.26653,-33.95645],[151.26663,-33.95614],[151.26666,-33.95583],[151.26663,-33.95552],[151.26653,-33.95522],[151.26637,-33.95493],[151.26615,-33.95467],[151.26589,-33.95445],[151.26558,-33.95427],[151.26524,-33.95414],[151.26487,-33.95406],[151.2645,-33.95403],[151.26412,-33.95406],[151.26376,-33.95414],[151.26341,-33.95427],[151.2631,-33.95445],[151.26284,-33.95467],[151.26262,-33.95493],[151.26246,-33.95522],[151.26236,-33.95552],[151.26236,-33.95558],[151.26238,-33.95558],[151.26241,-33.95558],[151.26244,-33.95559],[151.26247,-33.9556],[151.2625,-33.9556],[151.26253,-33.95562],[151.26255,-33.95563],[151.26258,-33.95564],[151.2626,-33.95566],[151.26263,-33.95567],[151.26264,-33.95569],[151.26343,-33.95636],[151.26354,-33.95638],[151.26357,-33.95638],[151.2636,-33.95639],[151.26363,-33.9564],[151.26365,-33.95641],[151.26368,-33.95642],[151.26371,-33.95643],[151.26373,-33.95645],[151.26376,-33.95647],[151.26378,-33.95648],[151.26392,-33.95661],[151.26424,-33.95675],[151.26426,-33.95676],[151.26429,-33.95677],[151.26456,-33.95692],[151.26456,-33.95692],[151.26476,-33.95703],[151.26495,-33.95707],[151.2651,-33.95707],[151.26512,-33.95707],[151.26515,-33.95707],[151.26518,-33.95708],[151.26521,-33.95708],[151.26524,-33.95709],[151.26527,-33.9571],[151.26529,-33.95711],[151.26532,-33.95713],[151.26534,-33.95714],[151.26537,-33.95716],[151.26539,-33.95718],[151.26541,-33.9572],[151.26543,-33.95722],[151.26545,-33.95724],[151.26547,-33.95727],[151.26548,-33.95729],[151.2655,-33.95733],[151.2655,-33.95733],[151.26552,-33.95735],[151.26553,-33.95738],[151.26554,-33.95741]]]]}},{"type":"Feature","properties":{"name":"Tollgate Islands \u2013 Grey Nurse Shark Critical Habitat","kind":"greynurse","zone":"Critical Habitat","spear":"ok","note":""},"geometry":{"type":"MultiPolygon","coordinates":[[[[150.26069,-35.75131],[150.26065,-35.75262],[150.26077,-35.75263],[150.26124,-35.7526],[150.26137,-35.75258],[150.26162,-35.75252],[150.26166,-35.75252],[150.26176,-35.75249],[150.26194,-35.75245],[150.26267,-35.75208],[150.26284,-35.75191],[150.26287,-35.75189],[150.26305,-35.75178],[150.26305,-35.75178],[150.26306,-35.75178],[150.26308,-35.75177],[150.26319,-35.75171],[150.26325,-35.75167],[150.26327,-35.75165],[150.26331,-35.75163],[150.26333,-35.75161],[150.26337,-35.75159],[150.26387,-35.75102],[150.26397,-35.75081],[150.264,-35.75073],[150.26409,-35.75025],[150.26409,-35.75022],[150.26409,-35.7502],[150.26409,-35.75012],[150.26409,-35.75008],[150.26406,-35.74983],[150.26406,-35.74978],[150.26403,-35.7497],[150.26406,-35.74965],[150.26413,-35.7495],[150.26419,-35.74936],[150.26427,-35.749],[150.26431,-35.74887],[150.26432,-35.74873],[150.26431,-35.74868],[150.26432,-35.74863],[150.26432,-35.74851],[150.26429,-35.74834],[150.26424,-35.74811],[150.26422,-35.74797],[150.26417,-35.74784],[150.26414,-35.7478],[150.26413,-35.74774],[150.264,-35.74752],[150.26395,-35.74743],[150.26374,-35.7472],[150.26366,-35.74697],[150.26361,-35.7469],[150.2636,-35.74685],[150.26352,-35.74671],[150.26351,-35.7467],[150.2635,-35.74668],[150.26341,-35.74653],[150.26335,-35.74646],[150.26326,-35.74632],[150.26317,-35.74621],[150.26294,-35.74597],[150.26289,-35.74594],[150.26286,-35.74591],[150.26277,-35.74583],[150.26215,-35.74549],[150.26211,-35.74549],[150.26208,-35.74547],[150.26199,-35.74544],[150.26198,-35.74544],[150.26158,-35.7452],[150.26074,-35.74505],[150.26072,-35.74505],[150.26067,-35.74678],[150.26067,-35.74683],[150.26069,-35.74685],[150.2607,-35.74688],[150.26072,-35.7469],[150.26074,-35.74693],[150.26076,-35.74694],[150.2608,-35.74694],[150.26083,-35.74694],[150.26087,-35.74693],[150.26091,-35.74689],[150.26095,-35.74683],[150.26099,-35.74681],[150.26103,-35.74678],[150.26108,-35.74677],[150.26111,-35.74677],[150.26115,-35.74678],[150.26118,-35.7468],[150.26121,-35.74682],[150.26123,-35.74684],[150.26125,-35.74686],[150.26127,-35.74687],[150.26128,-35.74689],[150.26131,-35.74692],[150.26131,-35.74693],[150.26134,-35.74696],[150.26136,-35.74698],[150.26137,-35.747],[150.2614,-35.74704],[150.26141,-35.74707],[150.26143,-35.74711],[150.26145,-35.74713],[150.26146,-35.74716],[150.26147,-35.74719],[150.26148,-35.74724],[150.2615,-35.74728],[150.26151,-35.74731],[150.26154,-35.74735],[150.26153,-35.74741],[150.26152,-35.74745],[150.26153,-35.74751],[150.26154,-35.74752],[150.26155,-35.74756],[150.26157,-35.74759],[150.26159,-35.74764],[150.26161,-35.74767],[150.26162,-35.74771],[150.26163,-35.74775],[150.26164,-35.7478],[150.26163,-35.74784],[150.26163,-35.74787],[150.26163,-35.74791],[150.26163,-35.74798],[150.26163,-35.74802],[150.26164,-35.74803],[150.26169,-35.74806],[150.26172,-35.74808],[150.26176,-35.74809],[150.26182,-35.7481],[150.26186,-35.74812],[150.2619,-35.74814],[150.26193,-35.74815],[150.26197,-35.74817],[150.26199,-35.74819],[150.26202,-35.74822],[150.26205,-35.74824],[150.26207,-35.74829],[150.26209,-35.74833],[150.2621,-35.7484],[150.2621,-35.74843],[150.26209,-35.74845],[150.26208,-35.74848],[150.26207,-35.7485],[150.26206,-35.74853],[150.26205,-35.74857],[150.26205,-35.74859],[150.26205,-35.74861],[150.26205,-35.74865],[150.26205,-35.74867],[150.26205,-35.74872],[150.26205,-35.74874],[150.26205,-35.74878],[150.26206,-35.74881],[150.26207,-35.74885],[150.26208,-35.74889],[150.26209,-35.74891],[150.26209,-35.74896],[150.26209,-35.74901],[150.26207,-35.74904],[150.26206,-35.74907],[150.26204,-35.74909],[150.26203,-35.74911],[150.26201,-35.74914],[150.26198,-35.74917],[150.26196,-35.7492],[150.26193,-35.74922],[150.26189,-35.74924],[150.26185,-35.74926],[150.26181,-35.74926],[150.26178,-35.74925],[150.26174,-35.74924],[150.26171,-35.74922],[150.2617,-35.7492],[150.26167,-35.74916],[150.26165,-35.74911],[150.26163,-35.74907],[150.26159,-35.74903],[150.26156,-35.74901],[150.26152,-35.74897],[150.26149,-35.74893],[150.26144,-35.74889],[150.26141,-35.74885],[150.26137,-35.74883],[150.26132,-35.74881],[150.26127,-35.7488],[150.26124,-35.7488],[150.26117,-35.7488],[150.2611,-35.7488],[150.26103,-35.74882],[150.26096,-35.74884],[150.26091,-35.74887],[150.26087,-35.74889],[150.26083,-35.74892],[150.26079,-35.74896],[150.26076,-35.74899],[150.26074,-35.74904],[150.26073,-35.74909],[150.26073,-35.74912],[150.26074,-35.7492],[150.26075,-35.74925],[150.26077,-35.74929],[150.2608,-35.74932],[150.26083,-35.74935],[150.26086,-35.74937],[150.26091,-35.74939],[150.26098,-35.74942],[150.26104,-35.74945],[150.26111,-35.74948],[150.26119,-35.74952],[150.26124,-35.74955],[150.26137,-35.74959],[150.26141,-35.74961],[150.26143,-35.74962],[150.26146,-35.74963],[150.26149,-35.74965],[150.2615,-35.74965],[150.26152,-35.74966],[150.26155,-35.74968],[150.26157,-35.7497],[150.2616,-35.74974],[150.26164,-35.74978],[150.26166,-35.74983],[150.26168,-35.74989],[150.26168,-35.74994],[150.26168,-35.74997],[150.26168,-35.75001],[150.26167,-35.75004],[150.26167,-35.75009],[150.26166,-35.75014],[150.26165,-35.75023],[150.26163,-35.75031],[150.26161,-35.75037],[150.26159,-35.75041],[150.26156,-35.75045],[150.26148,-35.75055],[150.26141,-35.75066],[150.26138,-35.75072],[150.26133,-35.75079],[150.2613,-35.75083],[150.2612,-35.75094],[150.26114,-35.75101],[150.2611,-35.75106],[150.261,-35.75117],[150.26096,-35.7512],[150.26094,-35.75122],[150.26083,-35.75126],[150.26072,-35.7513],[150.26069,-35.75131]]]]}},{"type":"Feature","properties":{"name":"Montague Island \u2013 Grey Nurse Shark Critical Habitat","kind":"greynurse","zone":"Critical Habitat","spear":"ok","note":""},"geometry":{"type":"MultiPolygon","coordinates":[[[[150.2238,-36.24393],[150.22381,-36.24393],[150.22389,-36.24386],[150.22398,-36.24384],[150.22407,-36.24384],[150.22415,-36.24382],[150.22424,-36.24381],[150.22433,-36.24381],[150.22442,-36.24383],[150.22451,-36.24388],[150.22459,-36.24394],[150.22468,-36.24393],[150.22478,-36.2439],[150.22487,-36.24383],[150.22496,-36.24368],[150.22513,-36.24354],[150.22516,-36.24346],[150.22517,-36.24339],[150.22527,-36.24323],[150.22534,-36.24316],[150.22539,-36.24308],[150.22541,-36.24301],[150.22543,-36.24294],[150.22552,-36.24287],[150.22571,-36.24279],[150.22578,-36.24272],[150.22583,-36.24269],[150.2259,-36.24266],[150.22598,-36.24267],[150.22606,-36.24275],[150.22609,-36.24282],[150.22615,-36.2429],[150.22623,-36.24292],[150.22632,-36.2429],[150.22653,-36.24282],[150.22661,-36.2428],[150.22687,-36.24282],[150.22696,-36.24282],[150.22723,-36.24279],[150.22732,-36.2428],[150.22742,-36.24285],[150.22751,-36.24292],[150.22757,-36.243],[150.22762,-36.24309],[150.22781,-36.24327],[150.2279,-36.24333],[150.22798,-36.24337],[150.22807,-36.2434],[150.22817,-36.2434],[150.22825,-36.24338],[150.22833,-36.24332],[150.22845,-36.24315],[150.22858,-36.243],[150.22866,-36.24294],[150.22875,-36.24289],[150.22884,-36.24287],[150.22893,-36.24287],[150.22902,-36.24289],[150.22911,-36.24293],[150.22928,-36.24302],[150.22941,-36.24307],[150.22951,-36.24311],[150.22978,-36.24308],[150.22987,-36.24311],[150.22995,-36.24315],[150.23004,-36.24321],[150.23018,-36.24336],[150.23027,-36.24341],[150.23036,-36.24345],[150.23044,-36.24346],[150.23072,-36.24347],[150.23077,-36.24349],[150.23077,-36.2408],[150.2238,-36.2408],[150.2238,-36.24393]]]]}}]}